subject,trial,choice,reward
102,1,1,1
102,2,1,0
102,3,1,0
102,4,1,0
102,5,0,1
102,6,0,1
102,7,0,0
102,8,0,1
102,9,0,1
102,10,0,1
102,11,0,1
102,12,0,1
102,13,0,1
102,14,0,0
102,15,0,1
102,16,0,1
102,17,0,1
102,18,0,0
102,19,0,1
102,20,0,1
102,21,0,1
102,22,0,0
102,23,0,1
102,24,0,1
102,25,0,1
102,26,0,1
102,27,0,1
102,28,0,1
102,29,0,0
102,30,0,1
102,31,0,1
102,32,0,1
102,33,0,1
102,34,0,1
102,35,0,0
102,36,0,0
102,37,0,1
102,38,0,0
102,39,0,0
102,40,0,0
102,41,0,0
102,42,0,0
102,43,0,0
102,44,0,1
102,45,0,0
102,46,0,1
102,47,0,0
102,48,0,0
102,49,0,0
102,50,0,0
102,51,0,0
102,52,0,0
102,53,0,0
102,54,0,0
102,55,0,1
102,56,0,1
102,57,0,1
102,58,0,1
102,59,0,0
102,60,0,1
102,61,0,1
102,62,0,1
102,63,0,1
102,64,0,1
102,65,0,0
102,66,0,1
102,67,0,1
102,68,0,1
102,69,0,1
102,70,0,0
102,71,0,0
102,72,0,0
102,73,0,1
102,74,0,0
102,75,0,0
102,76,0,0
102,77,0,1
102,78,0,0
102,79,0,0
102,80,0,0
102,81,0,0
102,82,0,0
102,83,0,0
102,84,0,0
102,85,0,1
102,86,0,1
102,87,0,0
102,88,0,1
102,89,0,1
102,90,0,1
102,91,0,1
102,92,0,0
102,93,0,1
102,94,0,1
102,95,0,1
102,96,0,0
102,97,0,1
102,98,0,1
102,99,0,1
102,100,0,1
102,101,0,0
102,102,0,1
102,103,0,1
102,104,0,1
102,105,0,1
102,106,0,0
102,107,0,0
102,108,0,1
102,109,0,0
102,110,0,0
102,111,0,0
102,112,0,0
102,113,0,1
102,114,0,0
102,115,0,0
102,116,0,0
102,117,0,1
102,118,0,0
102,119,0,0
102,120,0,0
102,121,0,1
102,122,0,0
102,123,0,0
102,124,0,0
102,125,0,0
102,126,0,0
102,127,0,0
102,128,0,0
102,129,0,0
102,130,0,1
102,131,0,0
102,132,0,0
102,133,0,0
102,134,0,0
102,135,0,1
102,136,0,0
102,137,0,0
102,138,0,0
102,139,0,0
102,140,0,1
104,1,0,1
104,2,0,1
104,3,0,1
104,4,0,1
104,5,0,0
104,6,0,1
104,7,0,1
104,8,0,0
104,9,0,1
104,10,0,1
104,11,0,1
104,12,0,1
104,13,0,1
104,14,0,1
104,15,0,0
104,16,0,0
104,17,0,1
104,18,0,1
104,19,0,1
104,20,0,1
104,21,0,1
104,22,0,1
104,23,0,1
104,24,0,1
104,25,0,0
104,26,0,1
104,27,0,0
104,28,0,1
104,29,0,1
104,30,0,1
104,31,0,1
104,32,0,1
104,33,0,1
104,34,0,0
104,35,0,1
104,36,0,1
104,37,0,0
104,38,0,0
104,39,0,0
104,40,1,1
104,41,1,0
104,42,0,0
104,43,1,1
104,44,1,1
104,45,1,1
104,46,1,1
104,47,1,1
104,48,1,1
104,49,1,0
104,50,0,0
104,51,1,1
104,52,1,0
104,53,0,0
104,54,0,0
104,55,1,1
104,56,1,0
104,57,1,0
104,58,1,1
104,59,0,1
104,60,0,1
104,61,0,1
104,62,1,0
104,63,0,1
104,64,0,0
104,65,1,0
104,66,0,1
104,67,1,0
104,68,0,0
104,69,1,0
104,70,0,1
104,71,0,0
104,72,0,0
104,73,0,0
104,74,0,1
104,75,0,0
104,76,0,0
104,77,0,0
104,78,0,0
104,79,1,0
104,80,0,0
104,81,0,0
104,82,0,1
104,83,0,0
104,84,0,0
104,85,0,0
104,86,0,1
104,87,0,0
104,88,0,1
104,89,0,1
104,90,1,0
104,91,0,1
104,92,0,1
104,93,0,0
104,94,0,1
104,95,0,1
104,96,0,1
104,97,0,1
104,98,0,1
104,99,0,0
104,100,0,1
104,101,0,1
104,102,0,1
104,103,0,1
104,104,0,1
104,105,0,0
104,106,0,0
104,107,0,0
104,108,1,1
104,109,1,1
104,110,1,0
104,111,0,0
104,112,1,1
104,113,0,1
104,114,1,1
104,115,0,0
104,116,1,1
104,117,0,0
104,118,1,0
104,119,1,1
104,120,0,0
104,121,0,1
104,122,1,1
104,123,1,1
104,124,0,0
104,125,1,1
104,126,0,0
104,127,0,0
104,128,1,1
104,129,0,0
104,130,1,0
104,131,1,1
104,132,1,1
104,133,1,1
104,134,1,1
104,135,0,1
104,136,1,1
104,137,0,0
104,138,1,1
104,139,1,1
104,140,1,0
106,1,1,1
106,2,1,0
106,3,1,0
106,4,0,1
106,5,0,1
106,6,0,0
106,7,0,1
106,8,0,1
106,9,0,1
106,10,0,1
106,11,0,1
106,12,0,1
106,13,0,0
106,14,0,1
106,15,0,1
106,16,0,1
106,17,0,0
106,18,0,1
106,19,0,1
106,20,0,1
106,21,0,1
106,22,0,0
106,23,0,1
106,24,0,1
106,25,0,1
106,26,0,1
106,27,0,0
106,28,0,1
106,29,0,1
106,30,0,1
106,31,0,1
106,32,0,1
106,33,0,1
106,34,0,1
106,35,0,0
106,36,0,1
106,37,0,0
106,38,1,1
106,39,1,1
106,40,1,1
106,41,1,1
106,42,1,0
106,43,1,1
106,44,1,1
106,45,1,1
106,46,1,1
106,47,1,0
106,48,1,1
106,49,1,1
106,50,1,1
106,51,1,1
106,52,1,1
106,53,1,0
106,54,1,1
106,55,1,1
106,56,1,0
106,57,1,0
106,58,0,1
106,59,0,0
106,60,0,1
106,61,0,1
106,62,0,1
106,63,0,1
106,64,0,0
106,65,0,1
106,66,0,1
106,67,0,0
106,68,0,1
106,69,0,1
106,70,0,1
106,71,0,0
106,72,0,0
106,73,0,1
106,74,0,0
106,75,1,1
106,76,1,1
106,77,1,0
106,78,1,1
106,79,1,1
106,80,1,1
106,81,1,1
106,82,1,1
106,83,1,1
106,84,1,0
106,85,1,1
106,86,1,0
106,87,1,1
106,88,1,0
106,89,0,1
106,90,0,1
106,91,0,0
106,92,0,1
106,93,0,1
106,94,0,1
106,95,0,1
106,96,0,0
106,97,1,0
106,98,1,0
106,99,0,1
106,100,0,1
106,101,0,1
106,102,0,1
106,103,0,0
106,104,0,1
106,105,0,1
106,106,0,1
106,107,0,0
106,108,0,0
106,109,1,1
106,110,1,1
106,111,1,0
106,112,1,1
106,113,1,1
106,114,1,1
106,115,1,1
106,116,1,1
106,117,1,1
106,118,1,1
106,119,1,0
106,120,0,0
106,121,0,1
106,122,0,0
106,123,0,0
106,124,1,1
106,125,1,1
106,126,1,1
106,127,1,0
106,128,1,1
106,129,1,1
106,130,1,1
106,131,1,0
106,132,1,1
106,133,0,0
106,134,1,1
106,135,0,0
106,136,1,0
106,137,0,0
106,138,1,1
106,139,1,1
106,140,1,1
107,1,0,0
107,2,0,1
107,3,0,1
107,4,0,1
107,5,0,1
107,6,0,1
107,7,0,1
107,8,0,1
107,9,0,1
107,10,0,0
107,11,0,1
107,12,0,1
107,13,0,1
107,14,0,0
107,15,0,1
107,16,0,0
107,17,1,0
107,18,1,0
107,19,0,1
107,20,0,1
107,21,0,1
107,22,0,0
107,23,0,1
107,24,0,1
107,25,0,1
107,26,0,1
107,27,0,1
107,28,0,1
107,29,0,1
107,30,0,0
107,31,0,0
107,32,1,0
107,33,1,0
107,34,0,1
107,35,0,1
107,36,0,0
107,37,0,0
107,38,0,1
107,39,0,0
107,40,1,1
107,41,1,1
107,42,1,1
107,43,1,1
107,44,1,0
107,45,1,1
107,46,1,1
107,47,1,1
107,48,1,0
107,49,1,1
107,50,1,1
107,51,1,1
107,52,1,1
107,53,1,1
107,54,1,0
107,55,1,1
107,56,1,0
107,57,1,1
107,58,1,0
107,59,1,0
107,60,1,0
107,61,0,1
107,62,0,1
107,63,0,1
107,64,0,1
107,65,0,0
107,66,0,1
107,67,0,0
107,68,0,1
107,69,0,1
107,70,0,1
107,71,0,0
107,72,0,1
107,73,0,0
107,74,0,0
107,75,0,0
107,76,1,1
107,77,1,1
107,78,1,0
107,79,1,1
107,80,1,1
107,81,1,1
107,82,1,1
107,83,1,0
107,84,1,1
107,85,1,1
107,86,1,0
107,87,1,0
107,88,0,1
107,89,0,0
107,90,0,1
107,91,0,1
107,92,0,1
107,93,0,0
107,94,0,1
107,95,0,1
107,96,0,1
107,97,0,1
107,98,0,1
107,99,0,0
107,100,0,1
107,101,0,0
107,102,0,1
107,103,0,1
107,104,0,1
107,105,0,1
107,106,0,0
107,107,0,0
107,108,1,0
107,109,1,1
107,110,1,1
107,111,1,0
107,112,1,1
107,113,1,1
107,114,1,1
107,115,1,1
107,116,1,1
107,117,1,0
107,118,1,1
107,119,1,1
107,120,1,1
107,121,1,1
107,122,1,1
107,123,1,1
107,124,1,1
107,125,1,0
107,126,1,1
107,127,1,1
107,128,1,1
107,129,1,1
107,130,1,0
107,131,1,0
107,132,0,0
107,133,0,0
107,134,0,0
107,135,1,1
107,136,1,1
107,137,1,1
107,138,1,1
107,139,1,0
107,140,1,1
108,1,1,0
108,2,1,0
108,3,0,1
108,4,0,0
108,5,0,1
108,6,0,0
108,7,0,1
108,8,1,0
108,9,1,0
108,10,0,1
108,11,0,1
108,12,0,0
108,13,0,1
108,14,0,1
108,15,0,1
108,16,0,0
108,17,0,1
108,18,0,1
108,19,0,1
108,20,1,0
108,21,0,1
108,22,0,0
108,23,0,1
108,24,0,1
108,25,0,1
108,26,0,0
108,27,0,1
108,28,0,1
108,29,0,1
108,30,0,1
108,31,0,1
108,32,0,1
108,33,0,0
108,34,0,1
108,35,0,1
108,36,0,0
108,37,0,1
108,38,0,0
108,39,1,1
108,40,1,1
108,41,1,1
108,42,1,0
108,43,1,1
108,44,1,1
108,45,1,1
108,46,1,1
108,47,1,1
108,48,1,1
108,49,1,1
108,50,1,0
108,51,1,1
108,52,1,1
108,53,1,1
108,54,1,0
108,55,1,1
108,56,1,0
108,57,0,0
108,58,1,0
108,59,1,0
108,60,0,1
108,61,0,1
108,62,0,1
108,63,0,0
108,64,0,1
108,65,0,1
108,66,0,1
108,67,0,1
108,68,0,1
108,69,0,0
108,70,0,1
108,71,0,0
108,72,0,0
108,73,1,1
108,74,1,0
108,75,1,1
108,76,1,0
108,77,0,0
108,78,1,1
108,79,1,1
108,80,1,1
108,81,1,1
108,82,1,0
108,83,0,0
108,84,0,0
108,85,1,1
108,86,1,0
108,87,0,1
108,88,1,0
108,89,0,0
108,90,0,1
108,91,0,1
108,92,0,1
108,93,0,1
108,94,0,1
108,95,0,0
108,96,0,0
108,97,1,0
108,98,0,1
108,99,0,1
108,100,0,1
108,101,0,1
108,102,0,1
108,103,0,1
108,104,0,0
108,105,0,1
108,106,0,0
108,107,0,0
108,108,0,1
108,109,0,0
108,110,0,0
108,111,1,1
108,112,1,1
108,113,1,0
108,114,1,1
108,115,1,1
108,116,1,1
108,117,1,0
108,118,0,0
108,119,1,1
108,120,1,1
108,121,1,1
108,122,1,1
108,123,1,1
108,124,1,0
108,125,1,1
108,126,1,0
108,127,1,1
108,128,1,1
108,129,1,1
108,130,1,1
108,131,1,1
108,132,1,1
108,133,1,1
108,134,1,1
108,135,1,0
108,136,0,0
108,137,1,0
108,138,0,0
108,139,0,0
108,140,1,1
109,1,1,1
109,2,1,0
109,3,1,0
109,4,0,1
109,5,0,1
109,6,0,1
109,7,0,0
109,8,0,1
109,9,0,1
109,10,0,1
109,11,0,0
109,12,0,1
109,13,0,1
109,14,0,1
109,15,0,1
109,16,0,1
109,17,0,0
109,18,0,1
109,19,0,1
109,20,0,1
109,21,0,1
109,22,0,1
109,23,0,0
109,24,0,1
109,25,0,1
109,26,0,1
109,27,0,1
109,28,0,1
109,29,0,0
109,30,0,1
109,31,1,1
109,32,0,1
109,33,0,1
109,34,0,1
109,35,1,0
109,36,0,0
109,37,0,0
109,38,1,1
109,39,1,0
109,40,1,1
109,41,1,1
109,42,1,1
109,43,1,1
109,44,1,0
109,45,1,1
109,46,1,1
109,47,1,1
109,48,1,1
109,49,1,1
109,50,1,0
109,51,1,1
109,52,1,1
109,53,1,1
109,54,1,0
109,55,1,1
109,56,0,1
109,57,0,1
109,58,0,1
109,59,1,0
109,60,0,0
109,61,0,0
109,62,1,0
109,63,1,0
109,64,1,0
109,65,0,1
109,66,0,1
109,67,0,0
109,68,0,1
109,69,0,1
109,70,0,1
109,71,0,0
109,72,0,1
109,73,0,0
109,74,0,0
109,75,1,1
109,76,1,1
109,77,1,1
109,78,1,0
109,79,1,1
109,80,1,1
109,81,1,1
109,82,1,1
109,83,1,1
109,84,1,1
109,85,1,0
109,86,1,0
109,87,0,1
109,88,0,0
109,89,0,1
109,90,0,1
109,91,0,1
109,92,0,1
109,93,0,0
109,94,0,1
109,95,0,1
109,96,0,1
109,97,0,1
109,98,0,1
109,99,0,1
109,100,0,0
109,101,0,1
109,102,0,1
109,103,0,1
109,104,0,0
109,105,0,1
109,106,0,1
109,107,0,0
109,108,0,0
109,109,1,1
109,110,1,1
109,111,1,1
109,112,1,0
109,113,1,1
109,114,1,1
109,115,1,1
109,116,1,1
109,117,1,1
109,118,1,1
109,119,1,1
109,120,1,0
109,121,1,1
109,122,1,1
109,123,1,0
109,124,1,1
109,125,1,1
109,126,1,1
109,127,1,1
109,128,1,1
109,129,1,0
109,130,1,1
109,131,1,0
109,132,0,0
109,133,0,0
109,134,1,1
109,135,1,1
109,136,1,1
109,137,1,1
109,138,1,1
109,139,1,1
109,140,1,0
114,1,1,1
114,2,1,0
114,3,1,0
114,4,0,1
114,5,0,1
114,6,0,0
114,7,0,1
114,8,0,1
114,9,0,1
114,10,0,1
114,11,0,1
114,12,0,1
114,13,0,0
114,14,0,1
114,15,0,1
114,16,0,1
114,17,0,1
114,18,0,1
114,19,0,1
114,20,0,0
114,21,0,1
114,22,0,1
114,23,0,1
114,24,0,1
114,25,0,0
114,26,0,1
114,27,0,1
114,28,0,0
114,29,0,1
114,30,0,1
114,31,0,0
114,32,0,1
114,33,0,1
114,34,1,0
114,35,0,1
114,36,0,0
114,37,0,0
114,38,0,0
114,39,1,1
114,40,1,0
114,41,1,1
114,42,1,1
114,43,1,1
114,44,1,1
114,45,1,0
114,46,1,1
114,47,1,1
114,48,1,0
114,49,1,1
114,50,1,1
114,51,0,1
114,52,1,1
114,53,1,1
114,54,0,0
114,55,1,1
114,56,0,0
114,57,1,0
114,58,1,0
114,59,0,1
114,60,0,1
114,61,0,1
114,62,0,1
114,63,0,1
114,64,0,1
114,65,0,0
114,66,0,1
114,67,0,1
114,68,0,0
114,69,0,1
114,70,0,1
114,71,1,1
114,72,0,0
114,73,1,1
114,74,1,0
114,75,0,0
114,76,0,0
114,77,1,1
114,78,1,1
114,79,1,0
114,80,1,1
114,81,1,1
114,82,1,1
114,83,1,0
114,84,1,1
114,85,1,1
114,86,1,0
114,87,1,0
114,88,0,1
114,89,0,0
114,90,0,1
114,91,0,1
114,92,0,1
114,93,0,1
114,94,0,0
114,95,0,1
114,96,0,1
114,97,0,0
114,98,0,1
114,99,0,1
114,100,0,1
114,101,0,1
114,102,0,1
114,103,0,0
114,104,0,1
114,105,0,1
114,106,0,0
114,107,0,1
114,108,0,0
114,109,0,0
114,110,1,1
114,111,1,1
114,112,1,1
114,113,1,1
114,114,1,1
114,115,1,0
114,116,1,1
114,117,1,0
114,118,1,1
114,119,0,0
114,120,1,1
114,121,1,1
114,122,1,1
114,123,1,0
114,124,1,1
114,125,1,1
114,126,1,1
114,127,1,1
114,128,1,0
114,129,1,1
114,130,1,1
114,131,1,1
114,132,1,1
114,133,1,1
114,134,1,0
114,135,1,1
114,136,1,1
114,137,1,1
114,138,1,0
114,139,1,1
114,140,1,1
117,1,0,1
117,2,0,0
117,3,0,1
117,4,0,1
117,5,0,1
117,6,0,1
117,7,0,0
117,8,0,1
117,9,0,1
117,10,0,1
117,11,0,1
117,12,0,1
117,13,0,1
117,14,0,1
117,15,0,0
117,16,0,1
117,17,0,1
117,18,0,0
117,19,0,1
117,20,0,1
117,21,0,1
117,22,0,1
117,23,0,1
117,24,0,1
117,25,0,0
117,26,0,1
117,27,0,1
117,28,0,1
117,29,0,0
117,30,0,1
117,31,0,1
117,32,0,1
117,33,0,1
117,34,0,0
117,35,0,1
117,36,0,0
117,37,0,0
117,38,1,1
117,39,1,1
117,40,1,0
117,41,1,1
117,42,1,1
117,43,1,0
117,44,1,1
117,45,1,1
117,46,1,1
117,47,1,1
117,48,1,1
117,49,1,0
117,50,1,1
117,51,1,1
117,52,1,1
117,53,1,0
117,54,1,1
117,55,1,1
117,56,1,0
117,57,1,0
117,58,0,0
117,59,0,1
117,60,0,1
117,61,0,0
117,62,0,1
117,63,0,1
117,64,0,1
117,65,0,1
117,66,0,0
117,67,0,1
117,68,0,1
117,69,0,1
117,70,0,1
117,71,0,0
117,72,0,1
117,73,0,0
117,74,0,0
117,75,1,1
117,76,0,1
117,77,1,1
117,78,1,1
117,79,1,1
117,80,1,1
117,81,1,1
117,82,1,1
117,83,1,1
117,84,1,1
117,85,1,0
117,86,1,0
117,87,0,1
117,88,0,1
117,89,0,0
117,90,0,1
117,91,0,1
117,92,0,1
117,93,0,1
117,94,0,0
117,95,0,1
117,96,0,1
117,97,0,1
117,98,0,1
117,99,0,1
117,100,0,0
117,101,0,0
117,102,1,0
117,103,1,0
117,104,0,1
117,105,0,1
117,106,0,1
117,107,0,0
117,108,0,0
117,109,1,1
117,110,0,0
117,111,1,1
117,112,1,1
117,113,1,0
117,114,1,1
117,115,1,1
117,116,1,1
117,117,1,0
117,118,1,1
117,119,1,1
117,120,1,1
117,121,1,1
117,122,1,1
117,123,1,1
117,124,1,0
117,125,1,1
117,126,1,1
117,127,1,1
117,128,1,0
117,129,1,1
117,130,1,1
117,131,1,1
117,132,1,0
117,133,1,1
117,134,1,1
117,135,1,1
117,136,1,1
117,137,1,1
117,138,1,1
117,139,1,1
117,140,1,0
118,1,0,1
118,2,0,1
118,3,0,1
118,4,0,0
118,5,0,1
118,6,0,1
118,7,0,1
118,8,0,0
118,9,0,1
118,10,0,1
118,11,0,1
118,12,0,1
118,13,0,1
118,14,0,0
118,15,0,1
118,16,0,1
118,17,0,1
118,18,0,1
118,19,0,0
118,20,0,1
118,21,0,1
118,22,0,1
118,23,0,1
118,24,0,0
118,25,0,1
118,26,0,1
118,27,0,1
118,28,0,0
118,29,0,1
118,30,0,1
118,31,0,1
118,32,0,1
118,33,0,1
118,34,0,0
118,35,0,1
118,36,0,0
118,37,0,0
118,38,0,0
118,39,1,0
118,40,0,0
118,41,1,1
118,42,1,1
118,43,1,1
118,44,1,1
118,45,0,1
118,46,1,0
118,47,1,1
118,48,1,1
118,49,1,1
118,50,1,1
118,51,1,1
118,52,1,1
118,53,1,1
118,54,1,0
118,55,1,1
118,56,1,0
118,57,1,0
118,58,1,0
118,59,1,0
118,60,0,0
118,61,1,0
118,62,1,1
118,63,0,1
118,64,0,1
118,65,0,1
118,66,0,1
118,67,0,0
118,68,0,1
118,69,0,1
118,70,0,1
118,71,0,0
118,72,0,1
118,73,0,0
118,74,0,0
118,75,0,0
118,76,0,0
118,77,1,0
118,78,1,1
118,79,1,1
118,80,1,1
118,81,1,0
118,82,1,1
118,83,1,1
118,84,1,1
118,85,1,1
118,86,1,0
118,87,1,0
118,88,1,0
118,89,0,0
118,90,0,1
118,91,0,1
118,92,0,1
118,93,0,0
118,94,0,1
118,95,0,1
118,96,0,1
118,97,0,1
118,98,0,1
118,99,0,0
118,100,0,1
118,101,0,1
118,102,0,1
118,103,0,1
118,104,0,1
118,105,0,0
118,106,0,0
118,107,0,1
118,108,0,0
118,109,0,0
118,110,0,0
118,111,1,0
118,112,1,1
118,113,1,1
118,114,1,1
118,115,1,1
118,116,1,1
118,117,1,0
118,118,1,1
118,119,1,1
118,120,1,1
118,121,1,1
118,122,1,0
118,123,1,1
118,124,1,1
118,125,1,1
118,126,1,1
118,127,1,1
118,128,1,1
118,129,1,1
118,130,1,0
118,131,1,0
118,132,1,1
118,133,1,1
118,134,1,1
118,135,1,1
118,136,1,1
118,137,1,1
118,138,1,1
118,139,1,0
118,140,1,1
119,1,0,1
119,2,0,1
119,3,0,0
119,4,0,1
119,5,0,1
119,6,0,1
119,7,0,1
119,8,0,1
119,9,0,0
119,10,0,1
119,11,0,1
119,12,0,1
119,13,0,1
119,14,0,1
119,15,0,0
119,16,0,1
119,17,0,1
119,18,0,1
119,19,0,1
119,20,0,0
119,21,0,1
119,22,0,1
119,23,0,1
119,24,0,1
119,25,0,0
119,26,0,1
119,27,0,1
119,28,0,1
119,29,0,0
119,30,0,1
119,31,0,1
119,32,0,1
119,33,0,1
119,34,0,1
119,35,0,0
119,36,0,0
119,37,0,0
119,38,1,1
119,39,1,0
119,40,1,1
119,41,1,1
119,42,1,0
119,43,1,1
119,44,1,1
119,45,1,1
119,46,1,1
119,47,1,0
119,48,1,1
119,49,1,1
119,50,1,1
119,51,1,1
119,52,1,0
119,53,1,1
119,54,1,1
119,55,1,1
119,56,1,0
119,57,1,1
119,58,1,0
119,59,1,0
119,60,1,0
119,61,0,1
119,62,0,1
119,63,0,1
119,64,0,0
119,65,0,1
119,66,0,1
119,67,0,1
119,68,0,1
119,69,0,1
119,70,0,0
119,71,0,0
119,72,0,1
119,73,0,0
119,74,0,0
119,75,0,0
119,76,0,0
119,77,1,1
119,78,1,1
119,79,1,0
119,80,1,1
119,81,1,1
119,82,1,0
119,83,1,1
119,84,1,1
119,85,1,1
119,86,1,0
119,87,1,0
119,88,1,1
119,89,1,0
119,90,0,1
119,91,0,1
119,92,0,1
119,93,0,1
119,94,0,1
119,95,0,0
119,96,0,0
119,97,0,1
119,98,0,1
119,99,0,1
119,100,0,1
119,101,0,1
119,102,0,1
119,103,0,0
119,104,0,1
119,105,0,1
119,106,0,0
119,107,0,1
119,108,0,0
119,109,0,0
119,110,1,1
119,111,1,1
119,112,1,1
119,113,1,1
119,114,1,1
119,115,1,0
119,116,1,1
119,117,1,1
119,118,1,1
119,119,1,0
119,120,1,1
119,121,0,1
119,122,1,1
119,123,1,1
119,124,1,1
119,125,1,1
119,126,1,1
119,127,1,1
119,128,1,0
119,129,1,1
119,130,1,1
119,131,1,0
119,132,1,1
119,133,1,1
119,134,1,1
119,135,1,1
119,136,1,1
119,137,1,1
119,138,1,1
119,139,1,1
119,140,1,0
122,1,0,1
122,2,0,1
122,3,0,1
122,4,0,1
122,5,0,0
122,6,0,1
122,7,0,0
122,8,0,1
122,9,0,1
122,10,0,1
122,11,0,1
122,12,0,1
122,13,0,0
122,14,0,1
122,15,0,1
122,16,0,1
122,17,0,1
122,18,0,0
122,19,0,1
122,20,0,1
122,21,0,0
122,22,0,1
122,23,1,0
122,24,0,1
122,25,0,1
122,26,0,1
122,27,0,1
122,28,0,1
122,29,0,1
122,30,0,0
122,31,0,1
122,32,0,1
122,33,0,1
122,34,1,1
122,35,0,1
122,36,0,0
122,37,0,1
122,38,0,0
122,39,1,1
122,40,0,0
122,41,1,1
122,42,1,0
122,43,1,1
122,44,0,0
122,45,1,1
122,46,1,1
122,47,1,1
122,48,1,0
122,49,1,1
122,50,1,1
122,51,0,0
122,52,1,1
122,53,1,1
122,54,1,0
122,55,1,1
122,56,1,0
122,57,1,1
122,58,1,0
122,59,1,0
122,60,0,1
122,61,0,1
122,62,0,1
122,63,0,1
122,64,0,0
122,65,0,1
122,66,0,1
122,67,1,1
122,68,0,1
122,69,0,1
122,70,1,0
122,71,0,0
122,72,0,0
122,73,1,0
122,74,0,0
122,75,0,0
122,76,1,1
122,77,1,0
122,78,1,1
122,79,1,1
122,80,1,1
122,81,0,0
122,82,1,1
122,83,1,1
122,84,1,1
122,85,1,0
122,86,1,0
122,87,0,1
122,88,0,1
122,89,0,1
122,90,0,0
122,91,1,0
122,92,0,1
122,93,0,1
122,94,0,0
122,95,1,0
122,96,0,1
122,97,0,1
122,98,1,1
122,99,1,0
122,100,0,1
122,101,0,1
122,102,1,0
122,103,0,0
122,104,0,1
122,105,0,1
122,106,0,0
122,107,1,1
122,108,1,1
122,109,0,1
122,110,0,0
122,111,1,0
122,112,1,1
122,113,0,0
122,114,1,1
122,115,1,1
122,116,1,1
122,117,1,1
122,118,1,1
122,119,1,1
122,120,0,1
122,121,1,0
122,122,1,1
122,123,1,1
122,124,1,1
122,125,0,0
122,126,0,0
122,127,1,0
122,128,1,1
122,129,1,1
122,130,1,1
122,131,1,1
122,132,0,0
122,133,1,1
122,134,1,1
122,135,1,0
122,136,0,0
122,137,1,1
122,138,1,1
122,139,1,0
122,140,1,1
125,1,0,1
125,2,0,1
125,3,0,1
125,4,0,0
125,5,0,1
125,6,0,1
125,7,0,0
125,8,0,1
125,9,0,1
125,10,0,1
125,11,0,1
125,12,0,1
125,13,0,0
125,14,0,1
125,15,0,1
125,16,0,1
125,17,0,1
125,18,0,0
125,19,0,1
125,20,0,1
125,21,0,1
125,22,0,1
125,23,0,1
125,24,0,0
125,25,0,1
125,26,0,1
125,27,0,1
125,28,0,0
125,29,0,1
125,30,0,1
125,31,0,1
125,32,1,0
125,33,1,0
125,34,0,1
125,35,0,0
125,36,0,0
125,37,1,1
125,38,1,1
125,39,1,0
125,40,1,1
125,41,1,1
125,42,1,1
125,43,1,1
125,44,1,1
125,45,0,1
125,46,1,1
125,47,1,1
125,48,1,0
125,49,1,1
125,50,1,1
125,51,1,1
125,52,1,1
125,53,1,0
125,54,1,1
125,55,1,1
125,56,1,0
125,57,0,1
125,58,0,0
125,59,0,1
125,60,0,1
125,61,0,1
125,62,0,1
125,63,0,0
125,64,0,1
125,65,0,1
125,66,0,1
125,67,0,1
125,68,0,1
125,69,0,0
125,70,0,1
125,71,0,1
125,72,0,0
125,73,1,1
125,74,1,1
125,75,1,1
125,76,1,1
125,77,1,1
125,78,1,0
125,79,1,1
125,80,1,1
125,81,1,0
125,82,1,1
125,83,1,1
125,84,1,1
125,85,1,1
125,86,1,1
125,87,1,0
125,88,1,0
125,89,0,1
125,90,0,1
125,91,0,1
125,92,0,1
125,93,0,1
125,94,0,1
125,95,0,0
125,96,0,1
125,97,0,0
125,98,1,0
125,99,0,1
125,100,0,1
125,101,0,1
125,102,0,1
125,103,0,0
125,104,0,1
125,105,0,1
125,106,0,0
125,107,0,0
125,108,1,1
125,109,1,1
125,110,1,0
125,111,1,0
125,112,0,0
125,113,0,0
125,114,0,0
125,115,1,1
125,116,1,1
125,117,1,1
125,118,1,1
125,119,1,1
125,120,1,0
125,121,1,1
125,122,1,1
125,123,1,0
125,124,0,0
125,125,0,0
125,126,1,0
125,127,1,1
125,128,1,1
125,129,1,1
125,130,1,1
125,131,1,1
125,132,1,1
125,133,1,1
125,134,1,0
125,135,1,1
125,136,1,1
125,137,1,1
125,138,1,0
125,139,1,1
125,140,1,1
126,1,1,0
126,2,1,0
126,3,0,1
126,4,0,1
126,5,0,0
126,6,0,1
126,7,0,1
126,8,0,0
126,9,0,1
126,10,0,1
126,11,0,1
126,12,0,1
126,13,0,1
126,14,0,1
126,15,0,0
126,16,0,1
126,17,0,1
126,18,0,1
126,19,0,0
126,20,0,1
126,21,0,1
126,22,0,1
126,23,0,1
126,24,0,0
126,25,0,1
126,26,0,0
126,27,0,1
126,28,0,1
126,29,0,1
126,30,0,1
126,31,0,0
126,32,0,1
126,33,0,1
126,34,0,1
126,35,0,1
126,36,0,0
126,37,0,1
126,38,0,0
126,39,0,0
126,40,0,0
126,41,1,1
126,42,1,0
126,43,1,1
126,44,1,1
126,45,1,1
126,46,1,1
126,47,1,1
126,48,1,1
126,49,1,1
126,50,1,0
126,51,1,1
126,52,1,1
126,53,1,1
126,54,1,0
126,55,1,1
126,56,1,0
126,57,1,0
126,58,1,0
126,59,0,0
126,60,0,1
126,61,0,1
126,62,0,1
126,63,0,1
126,64,0,0
126,65,0,1
126,66,0,1
126,67,0,1
126,68,0,1
126,69,0,0
126,70,0,1
126,71,0,0
126,72,0,0
126,73,1,1
126,74,1,0
126,75,1,1
126,76,1,1
126,77,1,1
126,78,1,0
126,79,1,1
126,80,1,1
126,81,1,0
126,82,1,1
126,83,1,1
126,84,1,1
126,85,1,1
126,86,1,0
126,87,1,0
126,88,1,1
126,89,1,0
126,90,0,1
126,91,0,1
126,92,0,1
126,93,0,1
126,94,0,1
126,95,0,0
126,96,0,1
126,97,0,0
126,98,0,1
126,99,0,1
126,100,0,1
126,101,0,1
126,102,0,1
126,103,0,1
126,104,0,0
126,105,0,1
126,106,0,0
126,107,0,1
126,108,0,0
126,109,1,1
126,110,1,1
126,111,1,1
126,112,1,1
126,113,1,1
126,114,1,0
126,115,1,1
126,116,1,1
126,117,1,1
126,118,1,1
126,119,1,0
126,120,1,1
126,121,1,1
126,122,1,1
126,123,1,1
126,124,1,1
126,125,1,0
126,126,1,1
126,127,1,1
126,128,1,0
126,129,1,1
126,130,1,1
126,131,1,1
126,132,1,1
126,133,1,1
126,134,1,0
126,135,1,1
126,136,1,1
126,137,1,1
126,138,1,1
126,139,1,1
126,140,1,0
128,1,1,1
128,2,1,0
128,3,1,0
128,4,1,0
128,5,0,1
128,6,0,1
128,7,0,0
128,8,0,1
128,9,0,1
128,10,0,1
128,11,0,1
128,12,0,0
128,13,0,1
128,14,0,1
128,15,0,1
128,16,0,1
128,17,0,0
128,18,0,1
128,19,0,1
128,20,0,1
128,21,0,0
128,22,0,1
128,23,0,1
128,24,0,1
128,25,0,1
128,26,0,1
128,27,0,0
128,28,0,1
128,29,0,1
128,30,0,1
128,31,0,1
128,32,0,1
128,33,0,0
128,34,0,1
128,35,0,1
128,36,0,0
128,37,0,1
128,38,0,0
128,39,1,1
128,40,1,1
128,41,1,0
128,42,1,1
128,43,1,1
128,44,1,1
128,45,1,1
128,46,1,1
128,47,1,1
128,48,1,0
128,49,1,1
128,50,1,1
128,51,1,1
128,52,1,0
128,53,1,1
128,54,1,1
128,55,1,1
128,56,1,0
128,57,1,1
128,58,1,0
128,59,0,1
128,60,0,1
128,61,0,0
128,62,1,0
128,63,0,1
128,64,0,1
128,65,0,1
128,66,0,0
128,67,1,0
128,68,1,0
128,69,0,1
128,70,0,1
128,71,0,0
128,72,0,0
128,73,1,0
128,74,0,0
128,75,1,1
128,76,1,0
128,77,1,1
128,78,1,1
128,79,1,1
128,80,1,1
128,81,1,0
128,82,1,1
128,83,1,1
128,84,1,1
128,85,1,1
128,86,1,0
128,87,1,1
128,88,1,0
128,89,0,1
128,90,0,1
128,91,0,1
128,92,1,1
128,93,1,0
128,94,1,0
128,95,0,1
128,96,0,1
128,97,0,0
128,98,0,1
128,99,0,1
128,100,0,1
128,101,0,1
128,102,0,1
128,103,0,0
128,104,0,1
128,105,0,1
128,106,0,0
128,107,0,0
128,108,1,1
128,109,1,0
128,110,0,0
128,111,1,1
128,112,1,0
128,113,1,1
128,114,0,0
128,115,1,1
128,116,1,1
128,117,1,0
128,118,1,1
128,119,1,1
128,120,1,1
128,121,1,1
128,122,1,1
128,123,1,0
128,124,1,1
128,125,1,1
128,126,1,0
128,127,0,0
128,128,0,0
128,129,0,0
128,130,1,1
128,131,1,1
128,132,1,1
128,133,1,1
128,134,1,0
128,135,1,1
128,136,1,0
128,137,0,0
128,138,1,1
128,139,1,1
128,140,1,1
129,1,1,0
129,2,0,0
129,3,1,0
129,4,0,1
129,5,0,1
129,6,0,0
129,7,1,0
129,8,1,0
129,9,1,0
129,10,0,1
129,11,0,1
129,12,0,1
129,13,0,1
129,14,0,0
129,15,0,1
129,16,0,0
129,17,0,1
129,18,0,1
129,19,0,1
129,20,0,1
129,21,0,0
129,22,0,1
129,23,0,1
129,24,0,1
129,25,0,1
129,26,0,1
129,27,0,1
129,28,0,0
129,29,0,1
129,30,0,1
129,31,0,1
129,32,0,1
129,33,0,1
129,34,0,1
129,35,0,0
129,36,0,0
129,37,1,1
129,38,1,1
129,39,1,1
129,40,1,0
129,41,1,1
129,42,1,0
129,43,0,0
129,44,0,0
129,45,1,1
129,46,1,1
129,47,1,1
129,48,1,1
129,49,1,0
129,50,1,1
129,51,1,1
129,52,1,1
129,53,1,0
129,54,1,1
129,55,1,1
129,56,1,0
129,57,1,0
129,58,1,1
129,59,1,0
129,60,1,0
129,61,0,0
129,62,1,0
129,63,0,1
129,64,0,1
129,65,0,1
129,66,0,0
129,67,0,1
129,68,0,1
129,69,0,1
129,70,0,1
129,71,0,0
129,72,0,0
129,73,0,0
129,74,0,0
129,75,0,1
129,76,0,1
129,77,0,0
129,78,0,0
129,79,1,1
129,80,1,1
129,81,1,0
129,82,0,0
129,83,1,1
129,84,1,1
129,85,1,1
129,86,1,0
129,87,1,0
129,88,1,1
129,89,1,0
129,90,1,0
129,91,1,0
129,92,1,0
129,93,1,0
129,94,1,1
129,95,1,0
129,96,1,0
129,97,0,1
129,98,0,0
129,99,0,1
129,100,0,1
129,101,0,1
129,102,0,1
129,103,0,1
129,104,0,1
129,105,0,0
129,106,0,0
129,107,0,0
129,108,0,0
129,109,1,1
129,110,1,0
129,111,1,0
129,112,1,1
129,113,1,1
129,114,1,1
129,115,1,1
129,116,1,0
129,117,1,1
129,118,1,1
129,119,1,1
129,120,1,1
129,121,1,1
129,122,1,0
129,123,1,1
129,124,1,1
129,125,1,1
129,126,1,1
129,127,1,0
129,128,1,1
129,129,1,1
129,130,1,1
129,131,1,1
129,132,1,1
129,133,1,1
129,134,1,1
129,135,1,0
129,136,0,0
129,137,0,0
129,138,0,1
129,139,0,0
129,140,1,1
130,1,0,1
130,2,0,1
130,3,0,0
130,4,0,1
130,5,0,1
130,6,0,1
130,7,0,1
130,8,0,1
130,9,0,0
130,10,0,1
130,11,0,0
130,12,0,1
130,13,0,1
130,14,0,1
130,15,0,1
130,16,0,1
130,17,0,1
130,18,0,1
130,19,0,1
130,20,0,0
130,21,1,0
130,22,0,1
130,23,0,1
130,24,0,0
130,25,1,0
130,26,1,0
130,27,0,0
130,28,1,0
130,29,0,1
130,30,0,1
130,31,0,1
130,32,0,1
130,33,0,1
130,34,0,0
130,35,1,0
130,36,0,0
130,37,1,1
130,38,1,1
130,39,1,1
130,40,1,0
130,41,1,0
130,42,0,0
130,43,1,1
130,44,1,1
130,45,1,1
130,46,1,0
130,47,1,1
130,48,1,1
130,49,1,1
130,50,1,1
130,51,1,1
130,52,1,1
130,53,1,1
130,54,1,1
130,55,1,0
130,56,0,1
130,57,0,0
130,58,0,1
130,59,0,1
130,60,0,1
130,61,0,0
130,62,0,1
130,63,0,1
130,64,0,1
130,65,0,1
130,66,0,1
130,67,0,1
130,68,0,0
130,69,1,0
130,70,1,0
130,71,0,1
130,72,0,0
130,73,0,0
130,74,1,1
130,75,1,1
130,76,1,0
130,77,1,1
130,78,1,1
130,79,1,1
130,80,1,1
130,81,1,1
130,82,1,1
130,83,1,1
130,84,1,1
130,85,1,0
130,86,1,0
130,87,0,1
130,88,0,1
130,89,0,0
130,90,0,1
130,91,0,1
130,92,0,1
130,93,0,0
130,94,0,1
130,95,0,1
130,96,0,1
130,97,0,0
130,98,0,1
130,99,0,1
130,100,0,1
130,101,0,1
130,102,0,1
130,103,0,1
130,104,0,1
130,105,0,0
130,106,0,0
130,107,1,1
130,108,1,1
130,109,1,1
130,110,1,0
130,111,1,1
130,112,1,0
130,113,0,0
130,114,1,1
130,115,1,1
130,116,1,1
130,117,1,1
130,118,1,0
130,119,1,1
130,120,1,1
130,121,1,1
130,122,1,1
130,123,1,1
130,124,1,1
130,125,1,0
130,126,1,1
130,127,1,1
130,128,1,0
130,129,1,1
130,130,1,1
130,131,1,1
130,132,1,0
130,133,1,1
130,134,1,1
130,135,1,1
130,136,1,1
130,137,1,1
130,138,1,1
130,139,1,0
130,140,1,1
131,1,0,1
131,2,0,0
131,3,0,1
131,4,0,1
131,5,0,1
131,6,0,0
131,7,0,1
131,8,0,1
131,9,0,1
131,10,0,1
131,11,0,0
131,12,0,1
131,13,0,1
131,14,0,1
131,15,0,1
131,16,0,1
131,17,0,0
131,18,0,1
131,19,0,1
131,20,0,1
131,21,0,1
131,22,0,0
131,23,0,1
131,24,0,1
131,25,0,1
131,26,0,1
131,27,0,1
131,28,0,1
131,29,0,0
131,30,0,1
131,31,0,1
131,32,0,0
131,33,0,1
131,34,0,1
131,35,0,1
131,36,0,1
131,37,0,0
131,38,0,0
131,39,0,0
131,40,1,1
131,41,1,1
131,42,1,1
131,43,1,1
131,44,1,0
131,45,1,1
131,46,1,1
131,47,1,1
131,48,1,1
131,49,1,1
131,50,1,0
131,51,1,1
131,52,1,1
131,53,1,0
131,54,1,1
131,55,1,1
131,56,1,1
131,57,1,0
131,58,1,0
131,59,1,0
131,60,0,1
131,61,0,0
131,62,0,1
131,63,0,1
131,64,0,1
131,65,0,1
131,66,0,0
131,67,0,1
131,68,0,1
131,69,0,1
131,70,0,1
131,71,0,0
131,72,0,1
131,73,0,0
131,74,0,0
131,75,1,1
131,76,1,1
131,77,1,1
131,78,1,1
131,79,1,1
131,80,1,0
131,81,1,1
131,82,1,0
131,83,1,1
131,84,1,1
131,85,1,1
131,86,1,1
131,87,1,0
131,88,1,0
131,89,1,0
131,90,0,1
131,91,0,1
131,92,0,1
131,93,0,1
131,94,0,1
131,95,0,0
131,96,0,1
131,97,0,1
131,98,0,1
131,99,0,1
131,100,0,0
131,101,0,0
131,102,1,0
131,103,1,0
131,104,0,1
131,105,0,1
131,106,0,1
131,107,0,0
131,108,0,0
131,109,1,1
131,110,1,1
131,111,1,1
131,112,1,1
131,113,1,1
131,114,1,1
131,115,1,0
131,116,1,0
131,117,0,0
131,118,0,0
131,119,1,1
131,120,1,1
131,121,1,1
131,122,1,0
131,123,1,1
131,124,1,1
131,125,1,1
131,126,1,1
131,127,1,1
131,128,1,0
131,129,1,1
131,130,1,1
131,131,1,1
131,132,1,1
131,133,1,0
131,134,1,1
131,135,1,1
131,136,1,0
131,137,1,1
131,138,1,1
131,139,1,1
131,140,1,1
132,1,0,1
132,2,0,1
132,3,0,1
132,4,0,0
132,5,0,1
132,6,0,0
132,7,0,1
132,8,0,1
132,9,0,1
132,10,0,1
132,11,0,0
132,12,0,1
132,13,0,1
132,14,0,1
132,15,0,1
132,16,0,1
132,17,0,1
132,18,0,1
132,19,0,0
132,20,0,1
132,21,0,1
132,22,0,1
132,23,0,1
132,24,0,1
132,25,0,0
132,26,0,1
132,27,0,1
132,28,0,1
132,29,0,0
132,30,0,1
132,31,0,0
132,32,0,1
132,33,0,1
132,34,0,1
132,35,0,1
132,36,0,0
132,37,0,1
132,38,0,0
132,39,0,0
132,40,1,1
132,41,1,1
132,42,1,1
132,43,1,1
132,44,1,1
132,45,1,0
132,46,1,1
132,47,0,0
132,48,1,0
132,49,1,1
132,50,0,0
132,51,1,1
132,52,1,0
132,53,1,1
132,54,1,1
132,55,1,1
132,56,1,0
132,57,1,1
132,58,1,0
132,59,1,0
132,60,1,0
132,61,1,0
132,62,0,1
132,63,0,1
132,64,0,1
132,65,0,0
132,66,0,1
132,67,0,0
132,68,0,1
132,69,0,1
132,70,0,1
132,71,0,0
132,72,0,0
132,73,1,1
132,74,1,0
132,75,1,1
132,76,1,0
132,77,1,1
132,78,1,1
132,79,1,1
132,80,1,1
132,81,1,1
132,82,1,0
132,83,1,1
132,84,1,1
132,85,1,1
132,86,1,0
132,87,1,0
132,88,0,0
132,89,0,1
132,90,0,1
132,91,0,1
132,92,0,1
132,93,0,0
132,94,0,1
132,95,0,1
132,96,0,1
132,97,0,1
132,98,0,0
132,99,0,1
132,100,0,1
132,101,0,1
132,102,0,1
132,103,0,1
132,104,0,0
132,105,0,1
132,106,0,1
132,107,0,0
132,108,0,0
132,109,0,0
132,110,1,1
132,111,1,0
132,112,1,1
132,113,1,1
132,114,1,1
132,115,1,1
132,116,0,0
132,117,1,1
132,118,1,1
132,119,1,1
132,120,0,1
132,121,1,1
132,122,1,0
132,123,1,1
132,124,1,1
132,125,1,1
132,126,1,1
132,127,1,1
132,128,1,1
132,129,1,0
132,130,1,1
132,131,1,1
132,132,1,1
132,133,1,1
132,134,1,0
132,135,1,1
132,136,1,1
132,137,1,1
132,138,1,1
132,139,1,1
132,140,1,0
134,1,0,0
134,2,1,0
134,3,1,0
134,4,0,1
134,5,0,1
134,6,0,1
134,7,0,1
134,8,0,1
134,9,0,1
134,10,0,0
134,11,0,1
134,12,0,1
134,13,0,1
134,14,0,0
134,15,0,1
134,16,0,1
134,17,0,0
134,18,0,1
134,19,0,1
134,20,0,1
134,21,0,1
134,22,0,0
134,23,0,1
134,24,0,1
134,25,0,1
134,26,0,1
134,27,0,1
134,28,0,1
134,29,0,1
134,30,0,0
134,31,0,1
134,32,0,1
134,33,0,1
134,34,0,1
134,35,0,0
134,36,0,0
134,37,1,1
134,38,1,1
134,39,1,0
134,40,1,1
134,41,1,0
134,42,0,0
134,43,0,0
134,44,1,1
134,45,1,1
134,46,1,1
134,47,1,0
134,48,1,1
134,49,1,1
134,50,1,1
134,51,1,1
134,52,1,1
134,53,1,0
134,54,1,1
134,55,1,1
134,56,1,0
134,57,1,0
134,58,0,1
134,59,0,0
134,60,0,1
134,61,0,1
134,62,0,1
134,63,0,1
134,64,0,0
134,65,0,1
134,66,0,1
134,67,0,1
134,68,0,1
134,69,0,0
134,70,0,1
134,71,0,0
134,72,1,0
134,73,0,0
134,74,0,0
134,75,1,1
134,76,1,1
134,77,1,1
134,78,1,1
134,79,1,0
134,80,1,1
134,81,1,0
134,82,0,0
134,83,1,1
134,84,1,1
134,85,1,1
134,86,1,1
134,87,1,0
134,88,1,0
134,89,0,1
134,90,0,1
134,91,0,1
134,92,0,0
134,93,0,1
134,94,0,1
134,95,0,1
134,96,0,1
134,97,0,0
134,98,0,1
134,99,0,1
134,100,0,1
134,101,0,0
134,102,0,1
134,103,0,1
134,104,0,1
134,105,0,1
134,106,0,0
134,107,0,0
134,108,1,1
134,109,1,0
134,110,1,1
134,111,1,1
134,112,1,0
134,113,1,1
134,114,1,1
134,115,1,1
134,116,1,1
134,117,1,1
134,118,1,1
134,119,1,1
134,120,1,0
134,121,1,0
134,122,0,0
134,123,0,0
134,124,1,1
134,125,1,1
134,126,1,1
134,127,1,1
134,128,1,1
134,129,1,1
134,130,1,0
134,131,1,1
134,132,1,1
134,133,1,1
134,134,1,0
134,135,1,1
134,136,1,1
134,137,1,1
134,138,1,1
134,139,1,1
134,140,1,0
135,1,0,1
135,2,0,0
135,3,0,1
135,4,0,1
135,5,0,1
135,6,0,0
135,7,0,1
135,8,0,1
135,9,0,1
135,10,0,1
135,11,0,0
135,12,0,1
135,13,0,1
135,14,0,1
135,15,0,1
135,16,0,0
135,17,0,1
135,18,0,1
135,19,0,1
135,20,0,1
135,21,0,1
135,22,0,1
135,23,0,0
135,24,0,1
135,25,0,1
135,26,0,1
135,27,0,1
135,28,0,1
135,29,0,1
135,30,0,0
135,31,0,1
135,32,0,0
135,33,0,1
135,34,0,1
135,35,0,1
135,36,0,0
135,37,0,0
135,38,1,1
135,39,1,0
135,40,1,1
135,41,1,1
135,42,0,1
135,43,1,1
135,44,1,1
135,45,0,0
135,46,1,1
135,47,1,1
135,48,1,0
135,49,1,1
135,50,1,1
135,51,1,1
135,52,1,1
135,53,1,1
135,54,1,0
135,55,1,1
135,56,1,0
135,57,1,0
135,58,0,1
135,59,0,1
135,60,0,0
135,61,0,1
135,62,0,0
135,63,0,1
135,64,0,1
135,65,0,1
135,66,0,1
135,67,0,1
135,68,0,1
135,69,0,0
135,70,0,1
135,71,0,0
135,72,1,0
135,73,0,0
135,74,0,0
135,75,0,0
135,76,1,1
135,77,1,1
135,78,1,1
135,79,1,1
135,80,1,0
135,81,1,1
135,82,1,0
135,83,1,1
135,84,1,1
135,85,1,1
135,86,1,0
135,87,1,0
135,88,0,0
135,89,1,0
135,90,0,1
135,91,0,1
135,92,0,1
135,93,0,0
135,94,0,1
135,95,0,1
135,96,0,1
135,97,0,1
135,98,0,0
135,99,0,1
135,100,0,1
135,101,0,1
135,102,0,1
135,103,0,1
135,104,0,0
135,105,0,1
135,106,0,0
135,107,1,1
135,108,1,0
135,109,1,1
135,110,1,1
135,111,1,1
135,112,1,1
135,113,1,0
135,114,0,0
135,115,1,1
135,116,1,1
135,117,1,0
135,118,1,1
135,119,1,1
135,120,1,1
135,121,1,1
135,122,1,1
135,123,1,1
135,124,1,1
135,125,1,0
135,126,1,1
135,127,1,1
135,128,1,1
135,129,1,0
135,130,1,1
135,131,1,1
135,132,1,0
135,133,1,1
135,134,1,1
135,135,1,1
135,136,1,1
135,137,1,1
135,138,1,1
135,139,1,1
135,140,1,0
137,1,0,1
137,2,1,0
137,3,1,1
137,4,1,0
137,5,1,0
137,6,0,1
137,7,0,1
137,8,0,1
137,9,0,0
137,10,0,1
137,11,0,1
137,12,0,1
137,13,0,1
137,14,0,1
137,15,0,0
137,16,0,0
137,17,0,1
137,18,0,1
137,19,0,1
137,20,0,1
137,21,0,1
137,22,0,1
137,23,0,0
137,24,1,0
137,25,0,1
137,26,0,1
137,27,0,0
137,28,0,1
137,29,0,1
137,30,0,1
137,31,0,0
137,32,0,1
137,33,0,1
137,34,0,1
137,35,0,1
137,36,0,0
137,37,0,0
137,38,0,0
137,39,0,1
137,40,0,0
137,41,0,0
137,42,1,0
137,43,1,1
137,44,1,1
137,45,1,1
137,46,1,1
137,47,1,1
137,48,1,1
137,49,1,0
137,50,1,1
137,51,1,1
137,52,1,1
137,53,1,1
137,54,1,1
137,55,1,0
137,56,1,0
137,57,0,1
137,58,0,1
137,59,0,1
137,60,0,0
137,61,0,1
137,62,0,1
137,63,0,1
137,64,0,1
137,65,0,0
137,66,0,1
137,67,0,0
137,68,1,0
137,69,0,1
137,70,0,1
137,71,0,0
137,72,1,1
137,73,1,1
137,74,1,0
137,75,1,1
137,76,1,1
137,77,1,0
137,78,1,1
137,79,1,1
137,80,1,1
137,81,1,1
137,82,1,0
137,83,1,1
137,84,1,1
137,85,1,1
137,86,1,0
137,87,1,0
137,88,0,1
137,89,0,1
137,90,0,0
137,91,0,1
137,92,0,0
137,93,1,0
137,94,0,1
137,95,0,1
137,96,0,1
137,97,0,1
137,98,0,1
137,99,0,0
137,100,0,1
137,101,0,1
137,102,0,0
137,103,0,1
137,104,0,1
137,105,0,1
137,106,0,1
137,107,0,0
137,108,1,1
137,109,1,1
137,110,1,1
137,111,1,1
137,112,1,0
137,113,1,1
137,114,1,1
137,115,1,1
137,116,1,1
137,117,1,1
137,118,1,1
137,119,1,0
137,120,1,1
137,121,1,1
137,122,1,1
137,123,1,1
137,124,1,0
137,125,1,1
137,126,1,0
137,127,0,0
137,128,0,0
137,129,0,0
137,130,1,1
137,131,1,1
137,132,1,1
137,133,1,0
137,134,1,1
137,135,1,1
137,136,1,1
137,137,1,1
137,138,1,1
137,139,1,0
137,140,1,1
138,1,0,1
138,2,0,1
138,3,0,1
138,4,0,1
138,5,0,0
138,6,0,0
138,7,1,0
138,8,1,0
138,9,0,1
138,10,0,1
138,11,0,0
138,12,1,0
138,13,0,1
138,14,0,1
138,15,0,1
138,16,0,1
138,17,0,1
138,18,0,0
138,19,0,1
138,20,0,1
138,21,0,1
138,22,0,1
138,23,0,1
138,24,0,0
138,25,1,0
138,26,0,1
138,27,0,1
138,28,0,1
138,29,0,1
138,30,0,0
138,31,0,1
138,32,0,1
138,33,0,1
138,34,0,0
138,35,0,1
138,36,0,0
138,37,0,0
138,38,0,1
138,39,0,0
138,40,1,1
138,41,1,1
138,42,0,0
138,43,1,1
138,44,1,1
138,45,1,0
138,46,0,0
138,47,0,0
138,48,1,1
138,49,1,0
138,50,0,0
138,51,1,0
138,52,0,0
138,53,1,1
138,54,1,1
138,55,1,1
138,56,1,0
138,57,0,1
138,58,0,0
138,59,0,1
138,60,0,1
138,61,0,1
138,62,0,1
138,63,0,1
138,64,0,1
138,65,0,0
138,66,0,1
138,67,0,0
138,68,1,0
138,69,1,0
138,70,0,1
138,71,0,0
138,72,0,0
138,73,1,0
138,74,0,0
138,75,1,1
138,76,1,1
138,77,1,1
138,78,1,1
138,79,1,0
138,80,1,1
138,81,1,0
138,82,1,1
138,83,1,1
138,84,1,1
138,85,1,1
138,86,1,0
138,87,1,0
138,88,0,0
138,89,0,1
138,90,0,1
138,91,0,1
138,92,0,1
138,93,0,1
138,94,0,1
138,95,0,0
138,96,0,1
138,97,0,1
138,98,0,1
138,99,0,0
138,100,0,1
138,101,0,1
138,102,0,1
138,103,0,0
138,104,0,1
138,105,0,1
138,106,0,0
138,107,0,1
138,108,0,0
138,109,0,0
138,110,1,1
138,111,1,1
138,112,1,1
138,113,1,1
138,114,1,0
138,115,1,1
138,116,1,1
138,117,1,1
138,118,1,1
138,119,1,0
138,120,1,1
138,121,1,0
138,122,1,1
138,123,1,1
138,124,1,1
138,125,1,1
138,126,1,1
138,127,1,1
138,128,1,1
138,129,1,0
138,130,1,1
138,131,1,0
138,132,1,1
138,133,1,1
138,134,1,1
138,135,1,1
138,136,1,1
138,137,1,1
138,138,1,1
138,139,1,1
138,140,1,0
139,1,1,0
139,2,1,0
139,3,0,0
139,4,0,1
139,5,0,1
139,6,0,1
139,7,0,1
139,8,0,1
139,9,0,0
139,10,0,1
139,11,0,1
139,12,0,1
139,13,0,1
139,14,0,0
139,15,0,1
139,16,0,1
139,17,0,1
139,18,0,0
139,19,0,1
139,20,0,1
139,21,0,1
139,22,0,1
139,23,0,1
139,24,0,0
139,25,0,1
139,26,0,1
139,27,0,1
139,28,0,0
139,29,0,1
139,30,0,1
139,31,0,1
139,32,0,1
139,33,0,0
139,34,0,1
139,35,0,1
139,36,0,0
139,37,0,1
139,38,0,0
139,39,1,1
139,40,1,1
139,41,1,1
139,42,1,0
139,43,1,1
139,44,1,1
139,45,1,1
139,46,1,1
139,47,1,1
139,48,1,1
139,49,1,0
139,50,1,1
139,51,1,0
139,52,1,1
139,53,1,1
139,54,1,1
139,55,1,1
139,56,1,0
139,57,1,0
139,58,1,0
139,59,0,0
139,60,0,1
139,61,0,1
139,62,0,0
139,63,0,1
139,64,0,1
139,65,0,1
139,66,0,0
139,67,0,1
139,68,0,1
139,69,0,1
139,70,0,1
139,71,0,0
139,72,0,0
139,73,1,0
139,74,1,1
139,75,1,1
139,76,1,1
139,77,1,1
139,78,1,1
139,79,1,1
139,80,1,0
139,81,1,1
139,82,1,1
139,83,1,0
139,84,1,1
139,85,1,1
139,86,1,1
139,87,1,0
139,88,1,0
139,89,1,0
139,90,0,1
139,91,0,1
139,92,0,0
139,93,0,1
139,94,0,1
139,95,0,1
139,96,0,1
139,97,0,0
139,98,0,1
139,99,0,1
139,100,0,1
139,101,0,0
139,102,0,1
139,103,0,1
139,104,0,1
139,105,0,1
139,106,0,0
139,107,0,1
139,108,0,0
139,109,0,0
139,110,1,1
139,111,1,1
139,112,1,0
139,113,1,1
139,114,1,1
139,115,1,1
139,116,1,1
139,117,1,1
139,118,1,0
139,119,1,1
139,120,1,1
139,121,1,1
139,122,1,1
139,123,1,1
139,124,1,1
139,125,1,0
139,126,1,1
139,127,1,1
139,128,1,1
139,129,1,1
139,130,1,0
139,131,1,1
139,132,1,1
139,133,1,0
139,134,1,1
139,135,1,1
139,136,1,1
139,137,1,0
139,138,1,1
139,139,1,1
139,140,1,1
140,1,0,1
140,2,0,1
140,3,0,1
140,4,0,1
140,5,0,0
140,6,0,1
140,7,0,1
140,8,0,1
140,9,0,0
140,10,0,1
140,11,0,0
140,12,1,0
140,13,1,0
140,14,0,1
140,15,0,1
140,16,0,1
140,17,0,1
140,18,0,1
140,19,0,1
140,20,0,0
140,21,0,1
140,22,0,0
140,23,0,1
140,24,1,0
140,25,0,1
140,26,0,1
140,27,0,1
140,28,0,1
140,29,0,0
140,30,1,0
140,31,0,1
140,32,0,1
140,33,0,0
140,34,0,1
140,35,0,1
140,36,0,0
140,37,0,1
140,38,0,0
140,39,1,1
140,40,1,1
140,41,1,1
140,42,1,0
140,43,1,1
140,44,1,1
140,45,1,1
140,46,1,1
140,47,1,1
140,48,1,1
140,49,1,0
140,50,1,1
140,51,1,1
140,52,1,1
140,53,1,1
140,54,1,1
140,55,1,0
140,56,1,0
140,57,1,1
140,58,1,0
140,59,0,1
140,60,0,1
140,61,0,0
140,62,0,1
140,63,0,1
140,64,1,0
140,65,0,1
140,66,0,1
140,67,0,0
140,68,0,1
140,69,0,1
140,70,0,1
140,71,0,0
140,72,0,0
140,73,1,0
140,74,0,0
140,75,1,1
140,76,1,1
140,77,1,1
140,78,1,1
140,79,1,0
140,80,1,1
140,81,1,1
140,82,1,1
140,83,1,1
140,84,1,0
140,85,1,1
140,86,1,0
140,87,1,1
140,88,1,0
140,89,0,1
140,90,0,1
140,91,0,1
140,92,0,0
140,93,0,1
140,94,0,1
140,95,0,1
140,96,0,1
140,97,1,1
140,98,0,1
140,99,0,1
140,100,0,1
140,101,1,0
140,102,0,1
140,103,0,1
140,104,0,1
140,105,0,0
140,106,0,1
140,107,0,0
140,108,0,0
140,109,1,1
140,110,1,1
140,111,1,1
140,112,1,1
140,113,1,0
140,114,1,1
140,115,1,1
140,116,1,0
140,117,1,1
140,118,1,1
140,119,1,1
140,120,1,1
140,121,1,1
140,122,1,1
140,123,1,1
140,124,1,1
140,125,1,0
140,126,1,1
140,127,1,1
140,128,1,0
140,129,1,1
140,130,0,0
140,131,1,1
140,132,1,0
140,133,0,0
140,134,1,1
140,135,1,1
140,136,1,0
140,137,1,1
140,138,1,1
140,139,0,0
140,140,1,1
142,1,0,1
142,2,0,1
142,3,0,1
142,4,0,0
142,5,0,1
142,6,0,1
142,7,0,1
142,8,0,1
142,9,0,1
142,10,0,0
142,11,0,1
142,12,0,1
142,13,0,1
142,14,0,0
142,15,0,1
142,16,0,1
142,17,0,1
142,18,0,1
142,19,0,0
142,20,0,1
142,21,0,0
142,22,0,1
142,23,0,1
142,24,0,1
142,25,0,1
142,26,0,0
142,27,0,1
142,28,0,1
142,29,0,1
142,30,0,1
142,31,0,1
142,32,0,1
142,33,0,1
142,34,0,0
142,35,0,1
142,36,0,1
142,37,0,0
142,38,0,0
142,39,1,1
142,40,1,1
142,41,0,0
142,42,1,1
142,43,1,0
142,44,1,1
142,45,1,1
142,46,1,0
142,47,1,1
142,48,1,1
142,49,1,1
142,50,1,1
142,51,1,1
142,52,1,1
142,53,1,0
142,54,1,1
142,55,1,1
142,56,1,0
142,57,1,0
142,58,0,1
142,59,0,1
142,60,0,0
142,61,0,1
142,62,0,1
142,63,0,0
142,64,0,1
142,65,0,1
142,66,0,1
142,67,0,1
142,68,0,1
142,69,0,0
142,70,0,1
142,71,0,1
142,72,0,0
142,73,0,0
142,74,1,1
142,75,1,1
142,76,1,1
142,77,1,0
142,78,1,1
142,79,1,1
142,80,1,1
142,81,1,1
142,82,1,1
142,83,1,1
142,84,1,1
142,85,1,0
142,86,1,0
142,87,0,1
142,88,0,1
142,89,0,0
142,90,0,1
142,91,0,1
142,92,0,1
142,93,0,1
142,94,0,0
142,95,0,1
142,96,0,1
142,97,0,0
142,98,0,1
142,99,0,1
142,100,0,1
142,101,0,1
142,102,0,1
142,103,0,0
142,104,1,0
142,105,0,1
142,106,0,0
142,107,0,0
142,108,1,1
142,109,1,1
142,110,1,0
142,111,1,0
142,112,0,0
142,113,0,0
142,114,1,1
142,115,1,1
142,116,1,0
142,117,1,1
142,118,1,1
142,119,1,1
142,120,1,1
142,121,1,1
142,122,1,1
142,123,1,1
142,124,1,1
142,125,1,0
142,126,1,1
142,127,1,1
142,128,1,0
142,129,1,1
142,130,1,1
142,131,1,1
142,132,1,1
142,133,1,0
142,134,1,1
142,135,1,1
142,136,1,1
142,137,1,0
142,138,1,1
142,139,1,1
142,140,1,1
144,1,1,0
144,2,0,0
144,3,0,1
144,4,0,1
144,5,0,1
144,6,0,1
144,7,0,0
144,8,0,1
144,9,0,1
144,10,0,1
144,11,0,0
144,12,0,1
144,13,0,1
144,14,0,1
144,15,0,1
144,16,0,1
144,17,0,1
144,18,0,1
144,19,0,1
144,20,0,0
144,21,0,1
144,22,0,1
144,23,0,0
144,24,0,1
144,25,0,1
144,26,0,1
144,27,0,1
144,28,0,1
144,29,0,0
144,30,0,1
144,31,0,1
144,32,0,1
144,33,0,1
144,34,0,0
144,35,0,1
144,36,0,0
144,37,0,1
144,38,0,0
144,39,0,0
144,40,0,0
144,41,0,0
144,42,1,1
144,43,1,1
144,44,1,1
144,45,1,0
144,46,1,1
144,47,1,1
144,48,1,1
144,49,1,0
144,50,1,1
144,51,1,1
144,52,1,1
144,53,1,1
144,54,1,1
144,55,1,0
144,56,1,0
144,57,0,0
144,58,0,1
144,59,0,1
144,60,0,1
144,61,0,1
144,62,0,1
144,63,1,0
144,64,0,1
144,65,0,0
144,66,0,1
144,67,0,1
144,68,0,1
144,69,0,0
144,70,0,1
144,71,0,0
144,72,0,0
144,73,1,1
144,74,1,0
144,75,1,1
144,76,1,1
144,77,1,1
144,78,1,1
144,79,1,1
144,80,1,0
144,81,1,1
144,82,1,1
144,83,1,0
144,84,1,1
144,85,1,1
144,86,1,0
144,87,1,0
144,88,0,0
144,89,1,0
144,90,0,1
144,91,0,1
144,92,0,1
144,93,0,1
144,94,0,0
144,95,0,1
144,96,0,1
144,97,0,1
144,98,0,0
144,99,0,1
144,100,0,1
144,101,0,1
144,102,0,1
144,103,0,1
144,104,0,0
144,105,0,1
144,106,0,1
144,107,0,0
144,108,0,0
144,109,0,0
144,110,1,1
144,111,1,1
144,112,1,0
144,113,1,1
144,114,1,1
144,115,1,1
144,116,1,1
144,117,1,1
144,118,1,0
144,119,1,1
144,120,1,1
144,121,1,1
144,122,1,1
144,123,1,1
144,124,1,1
144,125,1,0
144,126,1,1
144,127,1,0
144,128,1,1
144,129,1,1
144,130,1,1
144,131,1,1
144,132,1,0
144,133,1,1
144,134,1,1
144,135,1,1
144,136,1,1
144,137,1,1
144,138,1,1
144,139,1,1
144,140,1,0
145,1,0,0
145,2,0,1
145,3,0,1
145,4,0,1
145,5,0,1
145,6,0,1
145,7,0,0
145,8,1,0
145,9,1,0
145,10,1,0
145,11,1,1
145,12,1,0
145,13,0,1
145,14,0,1
145,15,0,1
145,16,0,1
145,17,0,1
145,18,0,0
145,19,0,1
145,20,0,1
145,21,0,0
145,22,0,1
145,23,0,1
145,24,0,1
145,25,0,1
145,26,1,1
145,27,0,1
145,28,0,1
145,29,0,1
145,30,1,0
145,31,1,0
145,32,0,1
145,33,0,1
145,34,0,1
145,35,0,0
145,36,0,0
145,37,1,1
145,38,0,0
145,39,1,1
145,40,1,0
145,41,1,1
145,42,1,1
145,43,0,0
145,44,1,0
145,45,1,1
145,46,1,1
145,47,0,0
145,48,1,1
145,49,1,1
145,50,1,0
145,51,1,1
145,52,1,1
145,53,1,1
145,54,1,1
145,55,1,0
145,56,1,0
145,57,1,0
145,58,1,1
145,59,1,0
145,60,0,1
145,61,0,1
145,62,0,1
145,63,0,1
145,64,0,0
145,65,0,1
145,66,0,1
145,67,0,1
145,68,0,0
145,69,0,1
145,70,0,1
145,71,0,0
145,72,0,1
145,73,0,0
145,74,1,1
145,75,1,1
145,76,0,0
145,77,1,0
145,78,0,0
145,79,1,1
145,80,1,1
145,81,1,1
145,82,1,1
145,83,0,0
145,84,1,1
145,85,1,0
145,86,1,0
145,87,1,0
145,88,0,0
145,89,0,1
145,90,0,1
145,91,0,1
145,92,0,1
145,93,0,1
145,94,0,1
145,95,0,0
145,96,0,1
145,97,0,1
145,98,0,1
145,99,0,1
145,100,0,0
145,101,0,1
145,102,0,1
145,103,0,1
145,104,0,1
145,105,0,0
145,106,0,0
145,107,0,0
145,108,1,1
145,109,1,0
145,110,1,1
145,111,1,1
145,112,1,0
145,113,1,1
145,114,1,1
145,115,1,1
145,116,1,0
145,117,1,1
145,118,1,1
145,119,1,1
145,120,1,1
145,121,1,1
145,122,1,0
145,123,1,1
145,124,1,1
145,125,1,1
145,126,1,0
145,127,1,1
145,128,1,1
145,129,1,1
145,130,1,1
145,131,1,0
145,132,1,1
145,133,1,1
145,134,1,1
145,135,1,1
145,136,1,0
145,137,1,1
145,138,1,1
145,139,1,1
145,140,1,1
146,1,1,0
146,2,0,1
146,3,0,1
146,4,0,0
146,5,0,1
146,6,0,0
146,7,0,1
146,8,0,1
146,9,0,1
146,10,0,1
146,11,0,1
146,12,0,1
146,13,0,0
146,14,0,1
146,15,0,1
146,16,0,1
146,17,0,1
146,18,0,0
146,19,0,1
146,20,0,1
146,21,0,1
146,22,0,1
146,23,0,0
146,24,0,1
146,25,0,1
146,26,0,1
146,27,0,0
146,28,0,1
146,29,0,1
146,30,0,1
146,31,0,0
146,32,0,1
146,33,0,1
146,34,0,1
146,35,0,1
146,36,0,0
146,37,0,0
146,38,1,1
146,39,1,0
146,40,1,1
146,41,1,1
146,42,1,1
146,43,1,1
146,44,1,1
146,45,1,0
146,46,1,1
146,47,1,1
146,48,1,1
146,49,1,1
146,50,1,0
146,51,1,1
146,52,1,1
146,53,1,1
146,54,1,0
146,55,1,1
146,56,1,0
146,57,1,0
146,58,0,0
146,59,0,1
146,60,0,1
146,61,0,1
146,62,0,1
146,63,0,0
146,64,0,1
146,65,0,1
146,66,0,1
146,67,0,1
146,68,0,1
146,69,0,1
146,70,0,0
146,71,0,0
146,72,1,1
146,73,1,0
146,74,1,1
146,75,1,1
146,76,1,1
146,77,1,1
146,78,1,1
146,79,1,0
146,80,1,1
146,81,1,1
146,82,1,1
146,83,1,1
146,84,1,0
146,85,1,1
146,86,1,0
146,87,0,1
146,88,0,1
146,89,0,1
146,90,0,0
146,91,0,1
146,92,0,1
146,93,0,0
146,94,0,1
146,95,0,1
146,96,0,1
146,97,0,1
146,98,0,0
146,99,0,1
146,100,0,1
146,101,0,0
146,102,0,1
146,103,0,1
146,104,0,1
146,105,0,1
146,106,0,0
146,107,0,0
146,108,1,0
146,109,1,1
146,110,1,1
146,111,1,1
146,112,1,1
146,113,1,1
146,114,1,1
146,115,1,0
146,116,1,1
146,117,1,0
146,118,0,0
146,119,0,0
146,120,1,1
146,121,1,1
146,122,1,1
146,123,1,0
146,124,1,1
146,125,1,1
146,126,1,1
146,127,1,1
146,128,1,1
146,129,1,0
146,130,1,1
146,131,1,1
146,132,1,1
146,133,1,0
146,134,1,1
146,135,1,1
146,136,1,1
146,137,1,1
146,138,1,0
146,139,0,0
146,140,0,0
148,1,0,1
148,2,1,0
148,3,0,1
148,4,0,1
148,5,0,0
148,6,0,1
148,7,0,1
148,8,0,1
148,9,0,0
148,10,0,1
148,11,0,0
148,12,0,1
148,13,0,1
148,14,0,1
148,15,0,1
148,16,0,1
148,17,0,1
148,18,0,1
148,19,0,1
148,20,0,0
148,21,0,0
148,22,0,1
148,23,0,1
148,24,0,1
148,25,1,0
148,26,0,1
148,27,0,0
148,28,0,1
148,29,0,1
148,30,0,1
148,31,0,0
148,32,0,1
148,33,0,1
148,34,0,1
148,35,0,1
148,36,1,1
148,37,0,0
148,38,0,0
148,39,0,1
148,40,0,0
148,41,0,0
148,42,1,1
148,43,1,1
148,44,1,1
148,45,0,1
148,46,1,1
148,47,1,0
148,48,0,0
148,49,1,1
148,50,1,1
148,51,1,1
148,52,0,1
148,53,1,1
148,54,1,1
148,55,0,0
148,56,1,1
148,57,0,1
148,58,1,0
148,59,1,0
148,60,1,0
148,61,0,0
148,62,0,1
148,63,0,1
148,64,0,1
148,65,1,0
148,66,1,0
148,67,0,1
148,68,0,1
148,69,0,0
148,70,0,1
148,71,0,0
148,72,0,0
148,73,0,1
148,74,0,0
148,75,1,1
148,76,1,1
148,77,1,0
148,78,1,1
148,79,1,1
148,80,0,0
148,81,1,1
148,82,1,1
148,83,0,0
148,84,1,0
148,85,0,0
148,86,0,0
148,87,1,0
148,88,1,0
148,89,0,1
148,90,0,1
148,91,0,1
148,92,0,0
148,93,0,1
148,94,0,1
148,95,1,0
148,96,0,1
148,97,0,1
148,98,0,1
148,99,0,1
148,100,0,0
148,101,0,1
148,102,0,1
148,103,1,0
148,104,0,0
148,105,0,1
148,106,0,0
148,107,0,0
148,108,0,0
148,109,1,0
148,110,0,0
148,111,1,0
148,112,1,1
148,113,0,0
148,114,1,1
148,115,0,0
148,116,1,0
148,117,0,0
148,118,0,0
148,119,0,0
148,120,1,1
148,121,1,1
148,122,1,1
148,123,1,1
148,124,0,1
148,125,1,1
148,126,1,1
148,127,0,0
148,128,1,0
148,129,1,1
148,130,1,1
148,131,1,1
148,132,0,0
148,133,0,1
148,134,0,0
148,135,0,0
148,136,0,0
148,137,1,1
148,138,1,1
148,139,1,1
148,140,1,0
151,1,0,1
151,2,0,1
151,3,0,1
151,4,0,0
151,5,0,1
151,6,0,1
151,7,0,0
151,8,0,1
151,9,0,1
151,10,0,1
151,11,0,1
151,12,0,1
151,13,0,0
151,14,0,1
151,15,0,1
151,16,0,1
151,17,0,1
151,18,0,1
151,19,0,0
151,20,0,1
151,21,0,1
151,22,0,1
151,23,0,0
151,24,0,1
151,25,0,1
151,26,0,1
151,27,0,0
151,28,0,1
151,29,0,1
151,30,0,1
151,31,0,1
151,32,0,0
151,33,0,1
151,34,0,1
151,35,0,1
151,36,0,0
151,37,0,0
151,38,0,0
151,39,1,1
151,40,1,0
151,41,1,1
151,42,1,1
151,43,1,0
151,44,1,1
151,45,1,1
151,46,1,1
151,47,1,0
151,48,1,1
151,49,1,1
151,50,1,1
151,51,1,1
151,52,1,1
151,53,1,1
151,54,1,0
151,55,1,1
151,56,1,0
151,57,1,0
151,58,1,1
151,59,1,0
151,60,1,0
151,61,1,0
151,62,1,0
151,63,0,1
151,64,0,1
151,65,0,0
151,66,0,1
151,67,0,1
151,68,0,0
151,69,0,1
151,70,0,1
151,71,0,0
151,72,0,1
151,73,0,0
151,74,0,0
151,75,0,0
151,76,1,1
151,77,1,1
151,78,1,1
151,79,1,0
151,80,1,1
151,81,1,1
151,82,1,0
151,83,1,1
151,84,1,1
151,85,1,1
151,86,1,0
151,87,1,0
151,88,1,1
151,89,1,0
151,90,1,0
151,91,1,0
151,92,0,0
151,93,0,1
151,94,0,1
151,95,0,1
151,96,0,1
151,97,0,1
151,98,0,1
151,99,0,1
151,100,0,0
151,101,0,1
151,102,0,1
151,103,0,1
151,104,0,0
151,105,0,1
151,106,0,0
151,107,0,1
151,108,0,0
151,109,0,0
151,110,0,0
151,111,0,0
151,112,1,1
151,113,1,1
151,114,1,0
151,115,1,1
151,116,1,1
151,117,1,1
151,118,1,0
151,119,1,1
151,120,1,1
151,121,1,1
151,122,1,0
151,123,1,1
151,124,1,1
151,125,1,1
151,126,1,1
151,127,1,1
151,128,1,0
151,129,1,1
151,130,1,1
151,131,1,1
151,132,1,1
151,133,1,1
151,134,1,0
151,135,1,1
151,136,1,0
151,137,1,1
151,138,1,1
151,139,1,1
151,140,1,1
152,1,1,0
152,2,0,1
152,3,0,1
152,4,0,1
152,5,0,0
152,6,0,0
152,7,0,1
152,8,0,1
152,9,0,1
152,10,0,1
152,11,0,1
152,12,0,1
152,13,0,0
152,14,0,1
152,15,0,1
152,16,0,1
152,17,0,1
152,18,0,1
152,19,0,1
152,20,0,0
152,21,0,1
152,22,0,1
152,23,0,0
152,24,0,1
152,25,0,1
152,26,0,1
152,27,0,0
152,28,0,1
152,29,0,1
152,30,0,1
152,31,0,0
152,32,0,1
152,33,0,1
152,34,0,1
152,35,0,1
152,36,0,0
152,37,0,0
152,38,0,0
152,39,1,0
152,40,0,0
152,41,1,0
152,42,1,1
152,43,1,1
152,44,1,1
152,45,1,1
152,46,1,1
152,47,1,1
152,48,1,0
152,49,1,1
152,50,1,1
152,51,1,1
152,52,1,1
152,53,1,1
152,54,1,0
152,55,1,1
152,56,1,1
152,57,1,0
152,58,1,0
152,59,0,1
152,60,0,1
152,61,0,0
152,62,0,1
152,63,0,1
152,64,0,1
152,65,0,1
152,66,0,1
152,67,0,1
152,68,0,1
152,69,0,0
152,70,0,1
152,71,0,0
152,72,0,0
152,73,1,0
152,74,0,0
152,75,1,1
152,76,1,1
152,77,1,0
152,78,0,0
152,79,1,1
152,80,1,1
152,81,1,1
152,82,1,1
152,83,1,0
152,84,0,0
152,85,0,0
152,86,1,0
152,87,0,1
152,88,0,0
152,89,1,0
152,90,0,1
152,91,0,1
152,92,1,0
152,93,0,0
152,94,1,0
152,95,0,1
152,96,0,1
152,97,0,1
152,98,0,1
152,99,0,0
152,100,0,1
152,101,0,0
152,102,0,1
152,103,0,1
152,104,0,1
152,105,0,1
152,106,0,0
152,107,0,1
152,108,0,0
152,109,0,0
152,110,1,1
152,111,1,1
152,112,1,0
152,113,0,0
152,114,1,1
152,115,1,1
152,116,1,1
152,117,1,1
152,118,1,0
152,119,1,1
152,120,1,1
152,121,1,1
152,122,1,0
152,123,1,1
152,124,1,1
152,125,1,1
152,126,1,1
152,127,1,1
152,128,1,1
152,129,1,0
152,130,1,1
152,131,1,0
152,132,1,1
152,133,1,1
152,134,1,1
152,135,1,1
152,136,1,1
152,137,1,1
152,138,1,1
152,139,1,0
152,140,1,1
155,1,1,0
155,2,0,1
155,3,0,0
155,4,0,1
155,5,0,1
155,6,0,1
155,7,0,1
155,8,0,0
155,9,0,1
155,10,0,1
155,11,0,1
155,12,1,1
155,13,0,1
155,14,0,1
155,15,0,1
155,16,1,0
155,17,1,0
155,18,0,0
155,19,0,1
155,20,0,1
155,21,0,1
155,22,0,1
155,23,0,1
155,24,1,1
155,25,0,1
155,26,0,1
155,27,0,1
155,28,1,0
155,29,0,1
155,30,0,0
155,31,0,0
155,32,1,0
155,33,0,1
155,34,1,0
155,35,0,1
155,36,0,1
155,37,0,0
155,38,1,1
155,39,1,1
155,40,0,0
155,41,0,0
155,42,1,1
155,43,1,1
155,44,1,1
155,45,1,0
155,46,0,0
155,47,0,0
155,48,1,0
155,49,0,0
155,50,1,1
155,51,1,1
155,52,1,1
155,53,1,0
155,54,1,1
155,55,1,1
155,56,1,0
155,57,0,0
155,58,1,0
155,59,0,1
155,60,0,1
155,61,0,1
155,62,0,0
155,63,0,1
155,64,0,1
155,65,0,1
155,66,0,1
155,67,0,1
155,68,1,0
155,69,1,0
155,70,0,0
155,71,1,1
155,72,1,1
155,73,1,1
155,74,1,1
155,75,1,0
155,76,0,0
155,77,1,1
155,78,1,0
155,79,0,0
155,80,1,1
155,81,0,1
155,82,1,1
155,83,0,0
155,84,0,0
155,85,1,1
155,86,1,1
155,87,1,0
155,88,0,1
155,89,0,1
155,90,0,1
155,91,0,1
155,92,1,0
155,93,1,0
155,94,1,0
155,95,0,0
155,96,1,0
155,97,0,1
155,98,0,1
155,99,1,1
155,100,1,0
155,101,1,0
155,102,0,1
155,103,0,1
155,104,0,1
155,105,0,0
155,106,0,0
155,107,0,1
155,108,0,0
155,109,1,1
155,110,1,1
155,111,1,1
155,112,0,0
155,113,1,1
155,114,1,1
155,115,1,0
155,116,0,0
155,117,0,1
155,118,1,1
155,119,0,0
155,120,1,1
155,121,1,0
155,122,1,1
155,123,0,0
155,124,1,1
155,125,1,1
155,126,0,0
155,127,1,1
155,128,1,1
155,129,1,1
155,130,1,0
155,131,0,1
155,132,0,0
155,133,1,1
155,134,0,0
155,135,1,1
155,136,1,1
155,137,1,0
155,138,0,0
155,139,0,0
155,140,1,1
156,1,0,1
156,2,0,1
156,3,0,1
156,4,0,1
156,5,0,0
156,6,0,1
156,7,0,1
156,8,0,0
156,9,0,1
156,10,0,1
156,11,0,1
156,12,0,1
156,13,0,1
156,14,0,1
156,15,0,0
156,16,0,0
156,17,1,0
156,18,1,0
156,19,0,1
156,20,0,1
156,21,0,1
156,22,0,1
156,23,0,0
156,24,0,1
156,25,0,1
156,26,0,1
156,27,0,1
156,28,0,0
156,29,0,1
156,30,0,1
156,31,0,1
156,32,0,1
156,33,0,0
156,34,0,1
156,35,0,1
156,36,0,1
156,37,0,0
156,38,0,0
156,39,1,1
156,40,1,1
156,41,1,1
156,42,1,0
156,43,1,1
156,44,1,1
156,45,1,1
156,46,1,1
156,47,1,1
156,48,1,1
156,49,1,0
156,50,1,1
156,51,1,1
156,52,1,1
156,53,1,1
156,54,1,0
156,55,1,1
156,56,1,0
156,57,1,0
156,58,0,0
156,59,0,1
156,60,0,1
156,61,0,1
156,62,0,0
156,63,0,1
156,64,0,1
156,65,0,1
156,66,0,1
156,67,0,1
156,68,0,1
156,69,0,0
156,70,0,1
156,71,0,1
156,72,0,0
156,73,1,1
156,74,1,1
156,75,1,1
156,76,1,1
156,77,1,1
156,78,1,1
156,79,1,0
156,80,1,1
156,81,1,1
156,82,1,1
156,83,1,0
156,84,1,1
156,85,1,1
156,86,1,0
156,87,1,0
156,88,0,1
156,89,0,0
156,90,0,1
156,91,0,1
156,92,0,1
156,93,0,0
156,94,0,1
156,95,0,1
156,96,0,1
156,97,0,1
156,98,0,1
156,99,0,0
156,100,1,0
156,101,1,0
156,102,0,1
156,103,0,0
156,104,0,1
156,105,0,1
156,106,0,0
156,107,0,0
156,108,1,0
156,109,1,1
156,110,1,1
156,111,1,0
156,112,1,1
156,113,1,1
156,114,1,1
156,115,1,1
156,116,1,1
156,117,1,1
156,118,1,0
156,119,1,1
156,120,1,1
156,121,1,1
156,122,1,1
156,123,1,0
156,124,1,1
156,125,1,1
156,126,1,0
156,127,1,1
156,128,1,1
156,129,1,1
156,130,1,1
156,131,1,0
156,132,1,1
156,133,1,1
156,134,1,1
156,135,1,1
156,136,1,1
156,137,1,0
156,138,1,1
156,139,1,1
156,140,1,1
160,1,0,1
160,2,0,1
160,3,0,1
160,4,0,0
160,5,0,1
160,6,0,1
160,7,0,1
160,8,0,0
160,9,0,1
160,10,0,1
160,11,0,1
160,12,1,1
160,13,0,1
160,14,0,1
160,15,0,1
160,16,0,1
160,17,0,1
160,18,0,1
160,19,0,0
160,20,0,1
160,21,0,1
160,22,0,1
160,23,0,1
160,24,0,1
160,25,0,0
160,26,0,1
160,27,0,1
160,28,0,1
160,29,0,0
160,30,0,1
160,31,0,0
160,32,0,1
160,33,0,1
160,34,0,1
160,35,0,1
160,36,0,0
160,37,0,0
160,38,1,1
160,39,1,0
160,40,1,1
160,41,1,1
160,42,1,1
160,43,1,0
160,44,1,1
160,45,1,1
160,46,1,1
160,47,1,0
160,48,1,1
160,49,1,1
160,50,1,1
160,51,1,1
160,52,1,0
160,53,1,1
160,54,1,1
160,55,1,1
160,56,1,0
160,57,1,0
160,58,1,0
160,59,0,0
160,60,0,1
160,61,0,1
160,62,0,0
160,63,0,1
160,64,0,1
160,65,0,1
160,66,0,1
160,67,0,0
160,68,0,1
160,69,0,1
160,70,0,1
160,71,0,0
160,72,0,0
160,73,1,1
160,74,1,1
160,75,1,0
160,76,1,1
160,77,1,1
160,78,1,1
160,79,1,0
160,80,1,1
160,81,1,1
160,82,1,1
160,83,1,1
160,84,1,0
160,85,1,1
160,86,1,1
160,87,1,0
160,88,1,0
160,89,0,1
160,90,0,1
160,91,0,1
160,92,0,0
160,93,0,1
160,94,0,1
160,95,0,1
160,96,0,0
160,97,0,1
160,98,0,1
160,99,0,1
160,100,0,1
160,101,0,1
160,102,0,1
160,103,0,0
160,104,0,1
160,105,0,1
160,106,0,1
160,107,0,0
160,108,0,0
160,109,1,1
160,110,1,1
160,111,1,1
160,112,1,1
160,113,1,1
160,114,1,1
160,115,1,0
160,116,1,0
160,117,1,1
160,118,1,1
160,119,1,1
160,120,1,1
160,121,1,0
160,122,1,1
160,123,1,1
160,124,1,1
160,125,1,1
160,126,1,0
160,127,1,1
160,128,1,1
160,129,1,1
160,130,1,1
160,131,1,1
160,132,1,1
160,133,1,1
160,134,1,0
160,135,1,1
160,136,1,1
160,137,1,1
160,138,1,1
160,139,1,0
160,140,1,1
164,1,1,1
164,2,1,0
164,3,1,0
164,4,0,1
164,5,0,1
164,6,0,1
164,7,0,1
164,8,0,1
164,9,1,1
164,10,0,1
164,11,0,1
164,12,0,1
164,13,0,1
164,14,1,1
164,15,0,1
164,16,0,1
164,17,0,1
164,18,0,1
164,19,1,1
164,20,0,1
164,21,0,1
164,22,0,1
164,23,1,1
164,24,0,1
164,25,0,1
164,26,0,1
164,27,1,0
164,28,1,1
164,29,0,1
164,30,0,1
164,31,0,0
164,32,1,0
164,33,0,1
164,34,0,1
164,35,0,1
164,36,0,0
164,37,1,0
164,38,0,0
164,39,0,0
164,40,0,0
164,41,0,0
164,42,1,1
164,43,1,1
164,44,1,1
164,45,1,0
164,46,1,1
164,47,1,1
164,48,1,1
164,49,0,1
164,50,1,1
164,51,1,1
164,52,1,0
164,53,1,1
164,54,1,1
164,55,1,1
164,56,0,1
164,57,1,0
164,58,1,1
164,59,1,0
164,60,1,0
164,61,0,1
164,62,0,1
164,63,0,1
164,64,0,0
164,65,0,1
164,66,0,1
164,67,0,1
164,68,0,0
164,69,0,1
164,70,0,1
164,71,0,1
164,72,1,1
164,73,1,1
164,74,0,0
164,75,1,1
164,76,1,0
164,77,1,1
164,78,1,1
164,79,1,1
164,80,1,1
164,81,0,0
164,82,0,1
164,83,1,1
164,84,1,1
164,85,1,1
164,86,1,0
164,87,1,0
164,88,0,1
164,89,0,1
164,90,0,0
164,91,0,1
164,92,0,0
164,93,0,1
164,94,0,1
164,95,1,0
164,96,0,1
164,97,0,1
164,98,0,1
164,99,0,1
164,100,1,1
164,101,1,0
164,102,0,1
164,103,1,0
164,104,0,1
164,105,0,0
164,106,0,0
164,107,0,0
164,108,1,1
164,109,1,0
164,110,1,1
164,111,1,0
164,112,1,1
164,113,1,1
164,114,1,1
164,115,1,1
164,116,1,1
164,117,1,0
164,118,1,1
164,119,1,1
164,120,1,1
164,121,1,1
164,122,1,0
164,123,1,1
164,124,1,1
164,125,1,1
164,126,1,1
164,127,0,0
164,128,1,0
164,129,1,1
164,130,1,1
164,131,1,1
164,132,1,1
164,133,0,1
164,134,1,1
164,135,1,1
164,136,1,1
164,137,1,1
164,138,0,0
164,139,0,0
164,140,1,0
165,1,0,1
165,2,0,1
165,3,0,1
165,4,0,1
165,5,0,0
165,6,0,0
165,7,0,1
165,8,0,1
165,9,0,1
165,10,0,1
165,11,0,1
165,12,0,1
165,13,0,1
165,14,0,1
165,15,0,0
165,16,0,1
165,17,0,0
165,18,0,1
165,19,0,1
165,20,0,1
165,21,0,1
165,22,1,0
165,23,0,0
165,24,0,1
165,25,0,1
165,26,0,1
165,27,0,0
165,28,0,1
165,29,0,1
165,30,0,1
165,31,0,1
165,32,0,1
165,33,0,1
165,34,0,0
165,35,0,1
165,36,0,0
165,37,0,1
165,38,0,0
165,39,0,0
165,40,0,0
165,41,0,0
165,42,1,1
165,43,1,0
165,44,1,1
165,45,0,0
165,46,1,1
165,47,1,1
165,48,1,1
165,49,1,1
165,50,1,0
165,51,1,0
165,52,1,1
165,53,1,1
165,54,1,1
165,55,1,1
165,56,0,1
165,57,1,0
165,58,1,0
165,59,0,0
165,60,0,1
165,61,0,1
165,62,0,1
165,63,0,1
165,64,0,1
165,65,0,0
165,66,0,1
165,67,0,1
165,68,0,1
165,69,0,0
165,70,0,1
165,71,0,0
165,72,0,0
165,73,0,0
165,74,1,1
165,75,1,0
165,76,0,1
165,77,0,0
165,78,0,0
165,79,1,1
165,80,1,1
165,81,1,1
165,82,1,1
165,83,1,1
165,84,1,1
165,85,1,0
165,86,1,0
165,87,0,1
165,88,0,1
165,89,0,1
165,90,0,0
165,91,1,1
165,92,1,0
165,93,1,0
165,94,0,1
165,95,0,1
165,96,0,1
165,97,0,1
165,98,0,1
165,99,0,1
165,100,0,0
165,101,0,1
165,102,0,1
165,103,0,1
165,104,0,0
165,105,0,1
165,106,0,0
165,107,0,0
165,108,0,0
165,109,1,1
165,110,1,0
165,111,1,1
165,112,1,1
165,113,1,1
165,114,1,1
165,115,1,0
165,116,0,0
165,117,0,0
165,118,0,1
165,119,0,0
165,120,1,1
165,121,1,1
165,122,1,1
165,123,1,0
165,124,1,1
165,125,1,1
165,126,1,1
165,127,1,1
165,128,1,1
165,129,1,0
165,130,1,1
165,131,1,1
165,132,1,1
165,133,1,1
165,134,1,0
165,135,1,1
165,136,1,1
165,137,1,1
165,138,1,1
165,139,1,0
165,140,0,0
166,1,1,0
166,2,1,0
166,3,0,1
166,4,0,0
166,5,0,1
166,6,0,0
166,7,0,1
166,8,0,1
166,9,0,1
166,10,0,1
166,11,0,1
166,12,0,1
166,13,0,0
166,14,0,1
166,15,0,1
166,16,0,1
166,17,0,1
166,18,0,1
166,19,0,0
166,20,0,1
166,21,0,1
166,22,0,1
166,23,0,1
166,24,0,1
166,25,0,0
166,26,0,1
166,27,0,1
166,28,0,1
166,29,0,1
166,30,0,0
166,31,0,1
166,32,0,1
166,33,0,1
166,34,0,0
166,35,1,0
166,36,1,1
166,37,1,1
166,38,1,0
166,39,1,1
166,40,1,1
166,41,1,1
166,42,1,1
166,43,1,1
166,44,1,0
166,45,1,1
166,46,1,1
166,47,1,1
166,48,1,1
166,49,1,0
166,50,1,1
166,51,1,0
166,52,0,0
166,53,0,0
166,54,1,1
166,55,1,1
166,56,1,0
166,57,1,0
166,58,0,1
166,59,0,0
166,60,0,1
166,61,0,1
166,62,0,1
166,63,0,1
166,64,0,0
166,65,0,1
166,66,0,0
166,67,0,1
166,68,0,1
166,69,0,1
166,70,0,1
166,71,0,0
166,72,0,1
166,73,0,0
166,74,0,0
166,75,1,1
166,76,1,1
166,77,1,1
166,78,1,0
166,79,1,1
166,80,1,1
166,81,1,1
166,82,1,1
166,83,1,1
166,84,1,1
166,85,1,0
166,86,1,0
166,87,1,0
166,88,0,1
166,89,0,0
166,90,0,1
166,91,0,1
166,92,0,1
166,93,0,1
166,94,0,1
166,95,0,0
166,96,0,1
166,97,0,1
166,98,0,0
166,99,0,1
166,100,0,1
166,101,0,0
166,102,0,1
166,103,0,1
166,104,0,1
166,105,0,1
166,106,0,0
166,107,0,0
166,108,1,0
166,109,1,1
166,110,1,1
166,111,1,0
166,112,1,1
166,113,1,1
166,114,1,1
166,115,1,1
166,116,1,0
166,117,1,1
166,118,1,1
166,119,1,1
166,120,1,1
166,121,1,1
166,122,1,1
166,123,1,1
166,124,1,0
166,125,1,1
166,126,1,1
166,127,1,1
166,128,1,1
166,129,1,0
166,130,1,1
166,131,1,0
166,132,1,1
166,133,1,1
166,134,1,1
166,135,1,1
166,136,1,0
166,137,1,1
166,138,1,1
166,139,1,1
166,140,1,1
169,1,1,0
169,2,0,1
169,3,0,1
169,4,0,1
169,5,0,0
169,6,0,1
169,7,0,0
169,8,0,1
169,9,0,1
169,10,0,1
169,11,0,1
169,12,0,1
169,13,0,1
169,14,0,1
169,15,0,0
169,16,0,1
169,17,0,1
169,18,0,0
169,19,0,1
169,20,0,1
169,21,0,1
169,22,0,1
169,23,0,1
169,24,0,0
169,25,0,1
169,26,0,1
169,27,0,1
169,28,0,0
169,29,0,1
169,30,0,1
169,31,0,1
169,32,0,1
169,33,0,0
169,34,0,1
169,35,0,1
169,36,0,0
169,37,0,0
169,38,0,1
169,39,0,0
169,40,0,0
169,41,0,0
169,42,1,1
169,43,1,0
169,44,1,1
169,45,1,1
169,46,1,0
169,47,1,1
169,48,1,1
169,49,1,1
169,50,1,1
169,51,1,1
169,52,1,1
169,53,1,0
169,54,1,1
169,55,1,1
169,56,1,1
169,57,1,0
169,58,1,0
169,59,1,0
169,60,1,0
169,61,0,1
169,62,0,1
169,63,0,1
169,64,0,0
169,65,0,1
169,66,0,1
169,67,0,1
169,68,0,1
169,69,0,1
169,70,0,0
169,71,0,0
169,72,0,0
169,73,1,1
169,74,1,1
169,75,1,0
169,76,1,1
169,77,1,1
169,78,1,0
169,79,1,1
169,80,1,1
169,81,1,1
169,82,1,0
169,83,1,1
169,84,1,1
169,85,1,1
169,86,1,0
169,87,1,0
169,88,1,1
169,89,1,0
169,90,1,0
169,91,1,0
169,92,0,1
169,93,0,0
169,94,0,1
169,95,0,1
169,96,0,1
169,97,0,1
169,98,0,1
169,99,0,0
169,100,0,1
169,101,0,1
169,102,0,1
169,103,0,1
169,104,0,0
169,105,0,1
169,106,0,0
169,107,0,0
169,108,1,1
169,109,1,0
169,110,1,1
169,111,1,1
169,112,1,1
169,113,1,0
169,114,1,1
169,115,1,1
169,116,1,1
169,117,1,1
169,118,1,1
169,119,1,1
169,120,1,0
169,121,1,1
169,122,1,0
169,123,1,1
169,124,1,1
169,125,1,1
169,126,1,1
169,127,1,1
169,128,1,1
169,129,1,0
169,130,1,1
169,131,1,0
169,132,1,1
169,133,1,1
169,134,1,1
169,135,1,1
169,136,1,1
169,137,1,1
169,138,1,0
169,139,1,1
169,140,1,1
204,1,0,1
204,2,0,1
204,3,0,1
204,4,0,0
204,5,0,1
204,6,0,1
204,7,0,1
204,8,0,1
204,9,0,1
204,10,0,0
204,11,0,1
204,12,0,0
204,13,0,1
204,14,0,1
204,15,0,1
204,16,0,0
204,17,0,1
204,18,0,1
204,19,0,1
204,20,0,1
204,21,0,1
204,22,0,0
204,23,0,1
204,24,0,1
204,25,0,1
204,26,0,1
204,27,0,1
204,28,0,1
204,29,0,1
204,30,0,0
204,31,0,1
204,32,0,1
204,33,0,1
204,34,0,1
204,35,0,0
204,36,0,0
204,37,1,1
204,38,1,1
204,39,1,1
204,40,1,0
204,41,1,1
204,42,1,1
204,43,1,1
204,44,1,0
204,45,1,1
204,46,1,1
204,47,1,1
204,48,1,0
204,49,1,1
204,50,1,1
204,51,1,1
204,52,1,1
204,53,1,0
204,54,1,1
204,55,1,1
204,56,1,0
204,57,1,0
204,58,0,1
204,59,0,0
204,60,0,1
204,61,0,1
204,62,0,1
204,63,0,0
204,64,0,1
204,65,1,0
204,66,0,0
204,67,0,1
204,68,0,1
204,69,0,1
204,70,0,1
204,71,0,0
204,72,0,0
204,73,1,1
204,74,1,1
204,75,1,0
204,76,1,0
204,77,0,0
204,78,1,1
204,79,1,1
204,80,0,0
204,81,1,0
204,82,1,1
204,83,1,1
204,84,1,1
204,85,1,1
204,86,1,0
204,87,1,0
204,88,0,1
204,89,0,1
204,90,0,0
204,91,0,1
204,92,1,1
204,93,0,1
204,94,0,1
204,95,0,1
204,96,0,0
204,97,0,1
204,98,0,1
204,99,0,1
204,100,0,1
204,101,0,1
204,102,0,1
204,103,0,0
204,104,0,1
204,105,0,1
204,106,1,1
204,107,0,0
204,108,0,0
204,109,0,1
204,110,1,1
204,111,1,1
204,112,1,0
204,113,1,1
204,114,1,1
204,115,1,1
204,116,1,0
204,117,1,1
204,118,1,1
204,119,1,1
204,120,1,1
204,121,1,1
204,122,1,1
204,123,1,1
204,124,1,0
204,125,1,1
204,126,1,1
204,127,1,0
204,128,1,1
204,129,1,1
204,130,1,1
204,131,1,0
204,132,1,1
204,133,1,1
204,134,1,1
204,135,1,1
204,136,1,0
204,137,1,1
204,138,1,1
204,139,1,1
204,140,1,1
207,1,1,0
207,2,1,0
207,3,0,0
207,4,1,0
207,5,1,0
207,6,0,1
207,7,0,1
207,8,1,0
207,9,0,1
207,10,0,0
207,11,0,1
207,12,0,1
207,13,0,0
207,14,0,1
207,15,0,1
207,16,1,0
207,17,0,1
207,18,0,1
207,19,0,0
207,20,0,1
207,21,0,1
207,22,0,1
207,23,1,1
207,24,0,1
207,25,0,1
207,26,0,1
207,27,1,1
207,28,0,1
207,29,1,0
207,30,0,1
207,31,1,1
207,32,0,1
207,33,0,1
207,34,0,1
207,35,1,0
207,36,0,0
207,37,0,0
207,38,1,1
207,39,1,0
207,40,1,1
207,41,1,1
207,42,1,0
207,43,1,1
207,44,1,1
207,45,1,1
207,46,0,0
207,47,1,1
207,48,1,1
207,49,1,0
207,50,1,1
207,51,1,1
207,52,1,1
207,53,1,0
207,54,1,1
207,55,1,1
207,56,1,0
207,57,1,0
207,58,0,0
207,59,1,0
207,60,1,0
207,61,1,0
207,62,0,1
207,63,0,1
207,64,0,1
207,65,1,1
207,66,0,0
207,67,0,1
207,68,0,1
207,69,0,1
207,70,0,1
207,71,1,1
207,72,0,1
207,73,0,0
207,74,1,1
207,75,0,0
207,76,1,1
207,77,1,1
207,78,1,0
207,79,1,1
207,80,1,1
207,81,1,1
207,82,1,0
207,83,1,1
207,84,1,1
207,85,1,1
207,86,0,1
207,87,1,0
207,88,0,1
207,89,0,1
207,90,0,0
207,91,1,0
207,92,1,0
207,93,1,0
207,94,0,0
207,95,1,0
207,96,0,0
207,97,0,1
207,98,1,0
207,99,0,1
207,100,0,1
207,101,0,0
207,102,0,1
207,103,0,1
207,104,0,1
207,105,1,0
207,106,0,0
207,107,1,0
207,108,1,1
207,109,1,1
207,110,1,1
207,111,1,1
207,112,0,0
207,113,1,1
207,114,1,1
207,115,1,0
207,116,0,0
207,117,0,0
207,118,1,1
207,119,1,0
207,120,0,0
207,121,1,1
207,122,1,1
207,123,1,1
207,124,1,1
207,125,1,0
207,126,1,1
207,127,1,0
207,128,1,1
207,129,1,1
207,130,1,1
207,131,1,0
207,132,1,1
207,133,1,1
207,134,1,1
207,135,1,1
207,136,1,1
207,137,1,0
207,138,1,1
207,139,1,1
207,140,1,1
208,1,1,1
208,2,1,0
208,3,0,1
208,4,0,1
208,5,0,1
208,6,0,1
208,7,0,0
208,8,0,1
208,9,0,1
208,10,0,1
208,11,0,1
208,12,1,0
208,13,0,1
208,14,0,1
208,15,0,0
208,16,0,1
208,17,0,1
208,18,0,1
208,19,0,1
208,20,0,0
208,21,0,1
208,22,0,1
208,23,0,1
208,24,0,0
208,25,0,1
208,26,0,1
208,27,0,1
208,28,0,0
208,29,1,0
208,30,0,1
208,31,0,1
208,32,0,1
208,33,0,1
208,34,0,1
208,35,0,0
208,36,0,0
208,37,1,1
208,38,1,1
208,39,1,0
208,40,1,1
208,41,1,1
208,42,1,0
208,43,1,1
208,44,1,1
208,45,1,1
208,46,1,1
208,47,1,0
208,48,1,1
208,49,1,1
208,50,1,1
208,51,1,1
208,52,1,0
208,53,1,1
208,54,1,1
208,55,1,1
208,56,1,0
208,57,1,1
208,58,1,0
208,59,1,0
208,60,0,1
208,61,0,1
208,62,0,1
208,63,0,1
208,64,0,0
208,65,0,1
208,66,0,1
208,67,0,1
208,68,0,1
208,69,0,0
208,70,0,1
208,71,0,0
208,72,1,0
208,73,0,0
208,74,0,0
208,75,1,1
208,76,1,0
208,77,1,1
208,78,1,1
208,79,1,1
208,80,1,1
208,81,1,1
208,82,1,1
208,83,1,0
208,84,1,1
208,85,1,1
208,86,1,1
208,87,1,0
208,88,1,0
208,89,0,1
208,90,0,1
208,91,0,1
208,92,0,0
208,93,0,1
208,94,0,1
208,95,0,1
208,96,0,1
208,97,0,1
208,98,0,1
208,99,0,0
208,100,0,1
208,101,0,1
208,102,0,1
208,103,0,1
208,104,0,1
208,105,0,0
208,106,0,1
208,107,0,0
208,108,1,1
208,109,1,1
208,110,1,1
208,111,1,1
208,112,1,1
208,113,1,1
208,114,1,0
208,115,1,1
208,116,1,1
208,117,1,0
208,118,1,1
208,119,1,1
208,120,1,1
208,121,1,1
208,122,1,1
208,123,1,1
208,124,1,1
208,125,1,0
208,126,1,1
208,127,1,1
208,128,1,0
208,129,1,1
208,130,1,1
208,131,1,1
208,132,1,1
208,133,1,1
208,134,1,1
208,135,1,0
208,136,1,1
208,137,1,0
208,138,0,0
208,139,1,1
208,140,1,1
209,1,0,0
209,2,0,1
209,3,0,1
209,4,0,1
209,5,0,1
209,6,0,1
209,7,0,1
209,8,0,1
209,9,0,0
209,10,0,1
209,11,0,0
209,12,0,1
209,13,0,1
209,14,0,1
209,15,0,1
209,16,0,1
209,17,0,1
209,18,0,1
209,19,0,1
209,20,0,0
209,21,0,1
209,22,0,0
209,23,0,1
209,24,0,1
209,25,0,1
209,26,0,0
209,27,0,1
209,28,0,1
209,29,0,1
209,30,0,1
209,31,0,1
209,32,0,0
209,33,0,1
209,34,0,1
209,35,0,1
209,36,0,0
209,37,0,0
209,38,1,1
209,39,1,1
209,40,0,1
209,41,1,1
209,42,1,1
209,43,1,1
209,44,1,0
209,45,1,1
209,46,1,1
209,47,1,1
209,48,1,1
209,49,1,1
209,50,1,0
209,51,1,1
209,52,1,1
209,53,1,0
209,54,1,1
209,55,1,1
209,56,1,0
209,57,1,0
209,58,0,1
209,59,0,1
209,60,0,0
209,61,0,1
209,62,0,1
209,63,1,0
209,64,0,0
209,65,0,1
209,66,0,1
209,67,0,1
209,68,0,1
209,69,0,0
209,70,0,1
209,71,0,1
209,72,0,0
209,73,0,0
209,74,1,1
209,75,0,0
209,76,1,1
209,77,1,0
209,78,1,1
209,79,1,1
209,80,1,1
209,81,1,1
209,82,1,0
209,83,1,1
209,84,1,1
209,85,1,1
209,86,1,1
209,87,1,0
209,88,1,0
209,89,0,1
209,90,0,1
209,91,1,1
209,92,1,0
209,93,0,1
209,94,0,1
209,95,0,1
209,96,0,1
209,97,0,1
209,98,0,1
209,99,0,0
209,100,0,1
209,101,0,0
209,102,0,1
209,103,0,1
209,104,0,1
209,105,0,1
209,106,0,0
209,107,1,1
209,108,0,0
209,109,1,0
209,110,1,1
209,111,1,0
209,112,1,1
209,113,1,1
209,114,1,1
209,115,1,1
209,116,1,1
209,117,1,0
209,118,1,1
209,119,1,1
209,120,1,1
209,121,1,1
209,122,1,1
209,123,1,0
209,124,1,1
209,125,1,1
209,126,1,1
209,127,1,1
209,128,1,1
209,129,1,0
209,130,1,1
209,131,0,1
209,132,0,0
209,133,0,0
209,134,1,1
209,135,0,0
209,136,1,1
209,137,1,1
209,138,1,1
209,139,1,1
209,140,1,0
211,1,1,0
211,2,1,1
211,3,1,0
211,4,0,1
211,5,0,1
211,6,0,1
211,7,0,1
211,8,0,1
211,9,0,1
211,10,0,0
211,11,0,1
211,12,0,0
211,13,0,1
211,14,0,1
211,15,0,1
211,16,0,0
211,17,1,0
211,18,0,1
211,19,0,1
211,20,0,1
211,21,0,1
211,22,0,1
211,23,0,0
211,24,0,1
211,25,0,1
211,26,0,1
211,27,0,1
211,28,0,1
211,29,0,0
211,30,0,1
211,31,0,0
211,32,0,1
211,33,0,1
211,34,0,1
211,35,0,1
211,36,0,0
211,37,0,0
211,38,0,0
211,39,1,1
211,40,1,0
211,41,1,1
211,42,1,1
211,43,1,1
211,44,1,0
211,45,1,1
211,46,1,1
211,47,1,1
211,48,1,1
211,49,1,0
211,50,1,1
211,51,1,0
211,52,1,1
211,53,1,1
211,54,1,1
211,55,1,1
211,56,1,0
211,57,1,0
211,58,0,1
211,59,0,1
211,60,0,0
211,61,0,0
211,62,1,0
211,63,0,1
211,64,1,0
211,65,0,1
211,66,0,1
211,67,0,1
211,68,0,1
211,69,0,1
211,70,0,0
211,71,0,0
211,72,0,1
211,73,0,0
211,74,0,0
211,75,1,1
211,76,1,0
211,77,1,1
211,78,0,0
211,79,0,0
211,80,1,1
211,81,1,1
211,82,1,1
211,83,1,1
211,84,1,0
211,85,1,1
211,86,1,0
211,87,1,1
211,88,1,0
211,89,1,0
211,90,0,1
211,91,0,1
211,92,1,0
211,93,0,0
211,94,1,0
211,95,0,1
211,96,0,1
211,97,0,1
211,98,0,0
211,99,0,1
211,100,0,1
211,101,0,1
211,102,0,0
211,103,0,1
211,104,0,1
211,105,0,1
211,106,0,1
211,107,0,0
211,108,0,0
211,109,0,0
211,110,1,1
211,111,1,1
211,112,1,0
211,113,1,1
211,114,1,1
211,115,1,1
211,116,1,1
211,117,1,1
211,118,1,0
211,119,1,1
211,120,1,1
211,121,1,1
211,122,1,1
211,123,1,1
211,124,1,1
211,125,1,0
211,126,1,1
211,127,1,1
211,128,1,1
211,129,1,1
211,130,1,0
211,131,1,1
211,132,1,0
211,133,0,0
211,134,0,0
211,135,1,1
211,136,1,1
211,137,1,1
211,138,1,1
211,139,0,0
211,140,1,0
212,1,0,1
212,2,0,0
212,3,0,1
212,4,0,1
212,5,0,1
212,6,0,1
212,7,0,0
212,8,0,1
212,9,0,1
212,10,0,1
212,11,0,1
212,12,0,0
212,13,0,1
212,14,0,1
212,15,0,1
212,16,0,1
212,17,0,0
212,18,0,1
212,19,0,1
212,20,0,1
212,21,0,1
212,22,0,1
212,23,0,0
212,24,0,1
212,25,0,1
212,26,0,1
212,27,0,1
212,28,0,0
212,29,0,1
212,30,0,1
212,31,0,1
212,32,0,1
212,33,0,0
212,34,0,1
212,35,0,1
212,36,0,0
212,37,0,0
212,38,1,1
212,39,1,0
212,40,1,1
212,41,1,1
212,42,1,1
212,43,1,1
212,44,1,1
212,45,1,0
212,46,1,1
212,47,1,1
212,48,1,1
212,49,1,1
212,50,1,0
212,51,1,0
212,52,1,1
212,53,1,1
212,54,1,1
212,55,1,1
212,56,1,0
212,57,1,0
212,58,1,0
212,59,0,1
212,60,0,0
212,61,0,1
212,62,0,1
212,63,0,0
212,64,0,1
212,65,0,1
212,66,0,1
212,67,0,1
212,68,0,1
212,69,0,0
212,70,0,1
212,71,0,1
212,72,0,0
212,73,0,0
212,74,1,1
212,75,1,1
212,76,1,1
212,77,1,0
212,78,1,1
212,79,1,1
212,80,1,1
212,81,1,0
212,82,0,0
212,83,1,1
212,84,1,1
212,85,1,1
212,86,1,0
212,87,1,0
212,88,1,0
212,89,1,0
212,90,0,0
212,91,0,1
212,92,1,1
212,93,1,0
212,94,1,0
212,95,1,0
212,96,0,1
212,97,0,1
212,98,0,1
212,99,0,0
212,100,0,1
212,101,0,1
212,102,0,0
212,103,0,1
212,104,0,1
212,105,0,1
212,106,0,0
212,107,0,1
212,108,0,0
212,109,1,1
212,110,1,1
212,111,1,1
212,112,1,1
212,113,1,1
212,114,1,1
212,115,1,0
212,116,1,1
212,117,1,0
212,118,1,1
212,119,1,1
212,120,1,1
212,121,1,0
212,122,1,1
212,123,1,1
212,124,1,1
212,125,1,1
212,126,1,1
212,127,1,0
212,128,1,1
212,129,1,1
212,130,1,1
212,131,1,1
212,132,1,1
212,133,1,1
212,134,1,1
212,135,1,0
212,136,1,1
212,137,1,1
212,138,1,1
212,139,1,1
212,140,1,0
213,1,0,1
213,2,0,1
213,3,0,0
213,4,0,1
213,5,0,1
213,6,0,1
213,7,0,1
213,8,0,0
213,9,0,1
213,10,0,1
213,11,0,1
213,12,0,1
213,13,0,0
213,14,0,1
213,15,0,1
213,16,0,1
213,17,0,1
213,18,0,1
213,19,0,1
213,20,0,0
213,21,0,1
213,22,0,0
213,23,1,0
213,24,0,1
213,25,0,1
213,26,0,0
213,27,0,1
213,28,0,1
213,29,0,1
213,30,0,1
213,31,0,1
213,32,0,1
213,33,0,1
213,34,0,0
213,35,0,1
213,36,0,0
213,37,0,1
213,38,0,0
213,39,1,1
213,40,1,1
213,41,1,1
213,42,1,1
213,43,1,0
213,44,1,1
213,45,1,1
213,46,1,1
213,47,1,0
213,48,1,1
213,49,1,1
213,50,1,1
213,51,1,0
213,52,0,0
213,53,1,1
213,54,0,0
213,55,1,1
213,56,1,0
213,57,0,1
213,58,0,1
213,59,0,1
213,60,0,0
213,61,0,1
213,62,0,1
213,63,0,1
213,64,0,1
213,65,0,0
213,66,0,1
213,67,0,1
213,68,0,1
213,69,0,1
213,70,0,0
213,71,0,1
213,72,0,0
213,73,1,1
213,74,1,1
213,75,1,1
213,76,1,0
213,77,1,1
213,78,1,1
213,79,1,1
213,80,1,1
213,81,1,1
213,82,1,1
213,83,1,1
213,84,1,1
213,85,1,0
213,86,0,1
213,87,0,1
213,88,0,1
213,89,0,1
213,90,0,0
213,91,0,1
213,92,0,1
213,93,0,0
213,94,1,0
213,95,0,1
213,96,0,0
213,97,0,1
213,98,0,1
213,99,0,1
213,100,0,1
213,101,0,1
213,102,0,0
213,103,0,1
213,104,0,1
213,105,0,1
213,106,0,0
213,107,1,1
213,108,1,1
213,109,1,1
213,110,1,0
213,111,1,1
213,112,1,0
213,113,1,1
213,114,1,1
213,115,1,1
213,116,1,1
213,117,1,1
213,118,1,0
213,119,1,1
213,120,1,1
213,121,1,1
213,122,1,1
213,123,1,0
213,124,1,1
213,125,1,1
213,126,1,1
213,127,1,1
213,128,1,1
213,129,1,0
213,130,0,0
213,131,1,1
213,132,1,0
213,133,1,1
213,134,1,1
213,135,1,1
213,136,1,1
213,137,1,1
213,138,1,1
213,139,1,0
213,140,0,0
214,1,1,0
214,2,1,0
214,3,0,0
214,4,0,1
214,5,0,1
214,6,0,1
214,7,0,1
214,8,0,0
214,9,0,1
214,10,0,1
214,11,0,0
214,12,0,1
214,13,0,1
214,14,0,1
214,15,0,1
214,16,0,1
214,17,0,1
214,18,0,1
214,19,0,0
214,20,0,1
214,21,0,1
214,22,0,0
214,23,0,1
214,24,0,1
214,25,0,1
214,26,0,1
214,27,0,1
214,28,0,1
214,29,0,1
214,30,0,0
214,31,0,1
214,32,0,1
214,33,0,1
214,34,0,1
214,35,0,0
214,36,0,0
214,37,0,0
214,38,1,1
214,39,1,0
214,40,1,1
214,41,0,0
214,42,1,1
214,43,1,0
214,44,1,1
214,45,1,1
214,46,1,1
214,47,1,1
214,48,1,0
214,49,1,1
214,50,1,1
214,51,1,1
214,52,1,0
214,53,1,1
214,54,1,1
214,55,1,1
214,56,1,0
214,57,1,0
214,58,0,1
214,59,0,1
214,60,0,0
214,61,0,1
214,62,0,1
214,63,0,1
214,64,0,0
214,65,0,1
214,66,0,1
214,67,0,0
214,68,0,1
214,69,0,1
214,70,0,1
214,71,0,0
214,72,0,0
214,73,1,1
214,74,1,1
214,75,1,0
214,76,1,0
214,77,0,0
214,78,0,0
214,79,1,1
214,80,1,1
214,81,1,1
214,82,1,1
214,83,1,0
214,84,1,1
214,85,1,1
214,86,1,0
214,87,1,0
214,88,0,0
214,89,1,0
214,90,0,1
214,91,0,1
214,92,0,1
214,93,0,1
214,94,0,1
214,95,0,0
214,96,0,1
214,97,0,1
214,98,0,1
214,99,0,1
214,100,0,0
214,101,0,1
214,102,0,1
214,103,0,1
214,104,0,0
214,105,0,1
214,106,0,0
214,107,0,1
214,108,0,0
214,109,1,1
214,110,1,1
214,111,1,1
214,112,0,0
214,113,1,0
214,114,1,1
214,115,1,1
214,116,1,1
214,117,1,1
214,118,1,1
214,119,1,0
214,120,1,1
214,121,1,1
214,122,1,1
214,123,1,1
214,124,1,0
214,125,1,1
214,126,1,0
214,127,0,0
214,128,0,0
214,129,1,1
214,130,1,1
214,131,1,1
214,132,1,1
214,133,0,0
214,134,1,0
214,135,1,1
214,136,1,1
214,137,1,1
214,138,1,1
214,139,1,0
214,140,1,1
215,1,0,1
215,2,0,1
215,3,0,0
215,4,0,1
215,5,0,1
215,6,0,0
215,7,0,1
215,8,0,1
215,9,0,1
215,10,0,1
215,11,0,1
215,12,0,1
215,13,0,0
215,14,0,1
215,15,0,1
215,16,0,1
215,17,0,1
215,18,0,0
215,19,0,1
215,20,0,1
215,21,0,1
215,22,0,0
215,23,0,1
215,24,0,1
215,25,0,1
215,26,0,1
215,27,0,1
215,28,0,1
215,29,0,0
215,30,0,1
215,31,1,0
215,32,0,1
215,33,0,0
215,34,0,1
215,35,0,1
215,36,0,0
215,37,0,0
215,38,1,1
215,39,1,0
215,40,1,1
215,41,1,1
215,42,1,1
215,43,1,1
215,44,1,1
215,45,1,0
215,46,1,1
215,47,1,1
215,48,1,0
215,49,1,1
215,50,1,1
215,51,1,1
215,52,1,0
215,53,1,1
215,54,1,1
215,55,1,1
215,56,1,0
215,57,1,0
215,58,0,1
215,59,0,1
215,60,0,0
215,61,0,1
215,62,0,0
215,63,0,1
215,64,0,1
215,65,0,1
215,66,0,1
215,67,0,0
215,68,0,1
215,69,0,1
215,70,0,1
215,71,0,0
215,72,0,0
215,73,1,1
215,74,1,1
215,75,1,0
215,76,0,1
215,77,0,0
215,78,1,1
215,79,1,1
215,80,1,1
215,81,1,1
215,82,1,1
215,83,1,1
215,84,1,0
215,85,1,1
215,86,1,0
215,87,1,0
215,88,0,1
215,89,0,0
215,90,0,1
215,91,0,1
215,92,1,0
215,93,0,1
215,94,0,0
215,95,0,1
215,96,0,1
215,97,0,0
215,98,0,1
215,99,0,1
215,100,0,1
215,101,0,0
215,102,0,1
215,103,0,1
215,104,0,1
215,105,0,1
215,106,0,0
215,107,0,0
215,108,0,1
215,109,0,0
215,110,1,1
215,111,1,1
215,112,1,1
215,113,1,0
215,114,1,1
215,115,1,1
215,116,1,1
215,117,1,1
215,118,1,1
215,119,0,1
215,120,0,0
215,121,0,0
215,122,1,1
215,123,1,1
215,124,0,1
215,125,0,0
215,126,0,1
215,127,0,0
215,128,1,1
215,129,1,1
215,130,1,1
215,131,1,1
215,132,1,1
215,133,0,1
215,134,0,0
215,135,0,0
215,136,1,1
215,137,1,0
215,138,1,1
215,139,1,1
215,140,1,1
216,1,1,0
216,2,0,1
216,3,0,1
216,4,0,1
216,5,0,0
216,6,0,1
216,7,0,1
216,8,0,1
216,9,0,0
216,10,0,1
216,11,0,0
216,12,0,1
216,13,0,1
216,14,0,1
216,15,0,1
216,16,0,1
216,17,0,0
216,18,0,1
216,19,0,1
216,20,0,1
216,21,0,1
216,22,0,1
216,23,0,1
216,24,0,1
216,25,0,0
216,26,0,1
216,27,0,1
216,28,0,0
216,29,0,1
216,30,0,1
216,31,0,1
216,32,0,1
216,33,0,0
216,34,0,1
216,35,0,1
216,36,0,0
216,37,0,0
216,38,1,0
216,39,1,1
216,40,1,1
216,41,1,1
216,42,1,1
216,43,1,1
216,44,1,0
216,45,1,1
216,46,1,1
216,47,1,0
216,48,1,1
216,49,1,1
216,50,1,1
216,51,1,1
216,52,1,1
216,53,1,1
216,54,1,0
216,55,1,1
216,56,1,0
216,57,0,1
216,58,0,0
216,59,0,1
216,60,0,1
216,61,0,1
216,62,0,1
216,63,0,1
216,64,0,0
216,65,0,1
216,66,0,1
216,67,0,0
216,68,0,1
216,69,0,1
216,70,0,1
216,71,0,0
216,72,0,1
216,73,0,0
216,74,0,0
216,75,1,1
216,76,1,1
216,77,1,1
216,78,1,1
216,79,1,1
216,80,1,0
216,81,1,1
216,82,1,1
216,83,1,1
216,84,1,1
216,85,1,0
216,86,1,0
216,87,0,0
216,88,0,1
216,89,0,1
216,90,0,1
216,91,0,1
216,92,0,1
216,93,0,0
216,94,0,1
216,95,0,1
216,96,0,0
216,97,0,1
216,98,0,1
216,99,0,1
216,100,0,1
216,101,0,1
216,102,0,1
216,103,0,1
216,104,0,1
216,105,0,0
216,106,0,1
216,107,0,0
216,108,0,0
216,109,1,1
216,110,1,1
216,111,1,1
216,112,1,0
216,113,1,1
216,114,1,1
216,115,1,1
216,116,1,1
216,117,1,0
216,118,1,1
216,119,1,1
216,120,1,1
216,121,1,0
216,122,1,1
216,123,1,1
216,124,1,1
216,125,1,1
216,126,1,1
216,127,1,1
216,128,1,1
216,129,1,1
216,130,1,0
216,131,1,1
216,132,1,1
216,133,1,1
216,134,1,0
216,135,0,0
216,136,0,0
216,137,0,0
216,138,0,0
216,139,0,1
216,140,0,0
217,1,1,1
217,2,1,0
217,3,1,0
217,4,0,1
217,5,0,1
217,6,0,1
217,7,0,1
217,8,0,1
217,9,0,1
217,10,0,0
217,11,0,1
217,12,0,1
217,13,0,0
217,14,0,1
217,15,0,1
217,16,0,1
217,17,0,1
217,18,0,0
217,19,0,1
217,20,0,1
217,21,0,0
217,22,0,1
217,23,0,1
217,24,0,1
217,25,0,1
217,26,0,0
217,27,0,1
217,28,0,1
217,29,0,1
217,30,0,1
217,31,0,1
217,32,0,0
217,33,0,1
217,34,0,1
217,35,0,1
217,36,0,1
217,37,0,0
217,38,0,0
217,39,1,1
217,40,1,1
217,41,1,1
217,42,0,0
217,43,0,0
217,44,1,0
217,45,1,1
217,46,1,1
217,47,1,1
217,48,1,1
217,49,1,0
217,50,1,1
217,51,1,1
217,52,1,1
217,53,1,0
217,54,1,1
217,55,1,1
217,56,1,1
217,57,1,0
217,58,1,0
217,59,1,0
217,60,0,1
217,61,0,0
217,62,0,1
217,63,0,1
217,64,0,1
217,65,0,1
217,66,0,1
217,67,0,1
217,68,0,1
217,69,0,1
217,70,0,0
217,71,0,0
217,72,1,1
217,73,1,1
217,74,1,1
217,75,1,0
217,76,0,0
217,77,1,0
217,78,1,1
217,79,1,1
217,80,1,1
217,81,1,1
217,82,1,1
217,83,1,1
217,84,1,0
217,85,1,1
217,86,1,0
217,87,1,0
217,88,0,1
217,89,0,1
217,90,0,0
217,91,0,1
217,92,0,1
217,93,0,0
217,94,0,1
217,95,0,1
217,96,0,1
217,97,0,1
217,98,0,0
217,99,0,1
217,100,0,1
217,101,0,0
217,102,0,1
217,103,0,1
217,104,0,1
217,105,0,1
217,106,0,0
217,107,0,0
217,108,1,0
217,109,1,1
217,110,1,1
217,111,1,1
217,112,1,1
217,113,1,1
217,114,1,1
217,115,1,0
217,116,1,1
217,117,1,0
217,118,1,1
217,119,1,1
217,120,1,1
217,121,1,1
217,122,1,0
217,123,1,1
217,124,1,1
217,125,1,1
217,126,1,1
217,127,1,1
217,128,1,0
217,129,1,1
217,130,0,0
217,131,1,1
217,132,1,0
217,133,1,1
217,134,1,1
217,135,1,1
217,136,1,1
217,137,1,1
217,138,1,1
217,139,1,0
217,140,1,1
218,1,0,0
218,2,1,0
218,3,1,0
218,4,1,0
218,5,0,1
218,6,0,1
218,7,1,1
218,8,0,1
218,9,0,1
218,10,0,1
218,11,0,1
218,12,0,1
218,13,1,1
218,14,0,1
218,15,1,0
218,16,0,1
218,17,0,0
218,18,1,0
218,19,0,1
218,20,0,1
218,21,0,1
218,22,0,1
218,23,0,1
218,24,0,1
218,25,1,1
218,26,1,0
218,27,1,0
218,28,0,1
218,29,1,1
218,30,1,0
218,31,0,1
218,32,0,1
218,33,0,1
218,34,1,1
218,35,1,0
218,36,1,0
218,37,0,0
218,38,1,1
218,39,1,1
218,40,1,1
218,41,1,1
218,42,0,0
218,43,1,1
218,44,1,1
218,45,1,0
218,46,1,1
218,47,1,1
218,48,1,0
218,49,1,1
218,50,0,0
218,51,0,0
218,52,0,0
218,53,0,0
218,54,1,0
218,55,0,0
218,56,1,0
218,57,0,1
218,58,0,1
218,59,1,1
218,60,0,1
218,61,1,0
218,62,0,1
218,63,0,1
218,64,1,0
218,65,0,0
218,66,1,0
218,67,1,0
218,68,1,0
218,69,1,0
218,70,1,1
218,71,1,1
218,72,1,1
218,73,0,1
218,74,0,0
218,75,0,0
218,76,0,0
218,77,1,1
218,78,0,0
218,79,0,0
218,80,1,0
218,81,1,1
218,82,0,1
218,83,0,0
218,84,1,1
218,85,1,1
218,86,0,1
218,87,1,1
218,88,0,1
218,89,1,0
218,90,0,1
218,91,1,0
218,92,0,1
218,93,0,1
218,94,1,1
218,95,0,1
218,96,1,1
218,97,1,0
218,98,1,0
218,99,0,1
218,100,0,1
218,101,0,0
218,102,1,0
218,103,0,1
218,104,1,0
218,105,1,0
218,106,1,1
218,107,1,0
218,108,0,0
218,109,0,0
218,110,1,1
218,111,0,0
218,112,1,1
218,113,0,1
218,114,1,1
218,115,0,0
218,116,1,0
218,117,1,1
218,118,0,0
218,119,1,1
218,120,1,1
218,121,1,1
218,122,1,0
218,123,0,0
218,124,0,0
218,125,0,0
218,126,0,0
218,127,1,1
218,128,1,1
218,129,0,0
218,130,1,0
218,131,0,0
218,132,1,1
218,133,0,0
218,134,0,0
218,135,0,1
218,136,1,0
218,137,0,0
218,138,1,1
218,139,1,1
218,140,1,1
219,1,1,1
219,2,0,1
219,3,0,1
219,4,1,0
219,5,0,1
219,6,0,1
219,7,0,0
219,8,0,1
219,9,0,1
219,10,1,0
219,11,0,1
219,12,1,0
219,13,0,1
219,14,0,0
219,15,0,1
219,16,0,1
219,17,1,0
219,18,0,1
219,19,1,0
219,20,0,0
219,21,1,0
219,22,1,1
219,23,1,0
219,24,1,0
219,25,1,0
219,26,0,1
219,27,0,1
219,28,1,0
219,29,0,1
219,30,0,0
219,31,1,0
219,32,0,1
219,33,0,1
219,34,0,1
219,35,0,0
219,36,0,0
219,37,1,1
219,38,1,1
219,39,1,1
219,40,0,1
219,41,0,0
219,42,1,0
219,43,0,0
219,44,1,1
219,45,1,1
219,46,1,1
219,47,1,1
219,48,1,0
219,49,0,0
219,50,1,1
219,51,1,1
219,52,1,1
219,53,0,0
219,54,1,1
219,55,1,0
219,56,1,0
219,57,0,0
219,58,1,0
219,59,1,0
219,60,1,0
219,61,0,1
219,62,0,1
219,63,0,1
219,64,0,0
219,65,0,1
219,66,1,0
219,67,0,1
219,68,0,1
219,69,0,1
219,70,0,0
219,71,0,1
219,72,0,0
219,73,0,0
219,74,1,1
219,75,1,1
219,76,1,1
219,77,1,1
219,78,1,1
219,79,1,1
219,80,1,0
219,81,0,0
219,82,1,0
219,83,1,1
219,84,1,1
219,85,0,0
219,86,0,1
219,87,0,0
219,88,0,1
219,89,1,0
219,90,0,1
219,91,0,1
219,92,0,1
219,93,0,0
219,94,1,0
219,95,1,0
219,96,1,1
219,97,0,1
219,98,0,1
219,99,1,0
219,100,0,1
219,101,1,0
219,102,0,0
219,103,1,0
219,104,0,1
219,105,1,0
219,106,0,0
219,107,1,1
219,108,1,1
219,109,1,1
219,110,0,1
219,111,1,1
219,112,1,1
219,113,1,1
219,114,1,0
219,115,0,0
219,116,0,0
219,117,1,1
219,118,0,0
219,119,0,0
219,120,0,1
219,121,1,1
219,122,1,1
219,123,1,1
219,124,1,0
219,125,0,0
219,126,1,1
219,127,0,0
219,128,0,0
219,129,1,0
219,130,0,0
219,131,0,0
219,132,1,1
219,133,1,1
219,134,0,0
219,135,0,1
219,136,1,0
219,137,1,1
219,138,1,1
219,139,1,1
219,140,1,1
223,1,0,1
223,2,0,1
223,3,0,1
223,4,0,0
223,5,0,1
223,6,0,1
223,7,0,0
223,8,0,1
223,9,0,1
223,10,0,1
223,11,0,0
223,12,0,1
223,13,0,1
223,14,0,1
223,15,1,0
223,16,0,0
223,17,0,1
223,18,0,1
223,19,0,1
223,20,0,1
223,21,1,0
223,22,1,0
223,23,0,1
223,24,0,0
223,25,0,1
223,26,0,1
223,27,0,1
223,28,0,1
223,29,0,1
223,30,0,0
223,31,0,1
223,32,0,1
223,33,0,1
223,34,0,1
223,35,0,0
223,36,0,0
223,37,1,0
223,38,0,0
223,39,1,1
223,40,1,1
223,41,1,0
223,42,1,1
223,43,1,1
223,44,1,1
223,45,1,1
223,46,1,1
223,47,0,0
223,48,1,0
223,49,1,1
223,50,1,1
223,51,1,1
223,52,1,1
223,53,1,0
223,54,1,1
223,55,1,1
223,56,1,0
223,57,1,0
223,58,0,1
223,59,0,1
223,60,0,0
223,61,0,1
223,62,0,1
223,63,0,1
223,64,0,1
223,65,0,0
223,66,1,0
223,67,0,1
223,68,0,1
223,69,0,1
223,70,0,0
223,71,0,0
223,72,1,1
223,73,1,1
223,74,1,1
223,75,1,0
223,76,1,1
223,77,1,1
223,78,1,1
223,79,1,0
223,80,1,1
223,81,1,0
223,82,1,1
223,83,1,1
223,84,1,1
223,85,1,1
223,86,1,0
223,87,1,0
223,88,0,1
223,89,0,1
223,90,0,0
223,91,0,1
223,92,0,1
223,93,0,1
223,94,0,1
223,95,0,0
223,96,0,1
223,97,0,1
223,98,0,1
223,99,0,1
223,100,0,0
223,101,0,0
223,102,0,1
223,103,0,1
223,104,0,1
223,105,0,1
223,106,0,1
223,107,0,0
223,108,0,0
223,109,1,1
223,110,1,1
223,111,1,1
223,112,1,0
223,113,1,1
223,114,1,1
223,115,1,1
223,116,1,1
223,117,1,0
223,118,1,1
223,119,1,1
223,120,1,1
223,121,1,0
223,122,1,1
223,123,1,1
223,124,1,1
223,125,1,1
223,126,1,1
223,127,1,1
223,128,1,0
223,129,1,1
223,130,1,1
223,131,1,0
223,132,0,0
223,133,1,1
223,134,1,1
223,135,1,1
223,136,1,1
223,137,1,1
223,138,1,1
223,139,1,0
223,140,1,1
227,1,0,1
227,2,0,1
227,3,0,0
227,4,0,1
227,5,0,1
227,6,0,1
227,7,0,0
227,8,0,1
227,9,0,1
227,10,0,1
227,11,0,1
227,12,0,1
227,13,0,0
227,14,0,1
227,15,0,1
227,16,0,1
227,17,0,1
227,18,0,0
227,19,0,1
227,20,0,1
227,21,0,1
227,22,0,1
227,23,0,0
227,24,0,1
227,25,0,1
227,26,0,1
227,27,0,0
227,28,0,1
227,29,0,1
227,30,0,1
227,31,0,1
227,32,0,1
227,33,0,1
227,34,0,0
227,35,1,0
227,36,1,1
227,37,1,1
227,38,1,1
227,39,1,1
227,40,1,0
227,41,1,1
227,42,1,1
227,43,1,0
227,44,1,1
227,45,1,1
227,46,1,1
227,47,1,0
227,48,1,1
227,49,1,1
227,50,1,1
227,51,1,0
227,52,0,0
227,53,1,1
227,54,1,1
227,55,1,1
227,56,1,0
227,57,0,1
227,58,0,1
227,59,0,0
227,60,0,1
227,61,0,1
227,62,0,1
227,63,0,0
227,64,0,1
227,65,0,1
227,66,0,0
227,67,1,0
227,68,1,0
227,69,0,1
227,70,0,1
227,71,0,1
227,72,0,0
227,73,0,0
227,74,1,1
227,75,1,1
227,76,1,1
227,77,1,1
227,78,1,1
227,79,1,1
227,80,1,0
227,81,1,1
227,82,1,1
227,83,1,1
227,84,1,1
227,85,1,0
227,86,1,0
227,87,0,1
227,88,0,1
227,89,0,0
227,90,0,1
227,91,0,0
227,92,0,1
227,93,0,1
227,94,0,1
227,95,0,1
227,96,0,1
227,97,0,1
227,98,0,0
227,99,0,1
227,100,0,1
227,101,0,1
227,102,0,1
227,103,0,0
227,104,0,1
227,105,0,1
227,106,0,0
227,107,0,1
227,108,0,0
227,109,1,1
227,110,1,1
227,111,1,1
227,112,1,0
227,113,1,1
227,114,1,1
227,115,1,1
227,116,1,1
227,117,1,1
227,118,1,1
227,119,1,0
227,120,1,1
227,121,1,0
227,122,0,0
227,123,1,1
227,124,1,1
227,125,1,1
227,126,1,1
227,127,1,1
227,128,1,1
227,129,1,1
227,130,1,0
227,131,1,1
227,132,1,0
227,133,0,0
227,134,0,0
227,135,0,0
227,136,1,1
227,137,1,1
227,138,1,1
227,139,1,1
227,140,1,0
232,1,1,0
232,2,0,1
232,3,0,1
232,4,0,1
232,5,0,0
232,6,0,1
232,7,0,1
232,8,0,1
232,9,0,0
232,10,0,1
232,11,0,1
232,12,0,0
232,13,0,1
232,14,0,1
232,15,0,1
232,16,0,0
232,17,0,1
232,18,0,1
232,19,0,1
232,20,0,1
232,21,0,1
232,22,0,1
232,23,0,1
232,24,0,1
232,25,0,0
232,26,0,1
232,27,0,1
232,28,0,1
232,29,0,0
232,30,0,1
232,31,0,0
232,32,0,1
232,33,0,1
232,34,0,1
232,35,0,1
232,36,0,0
232,37,0,0
232,38,1,0
232,39,1,1
232,40,1,1
232,41,1,0
232,42,1,1
232,43,1,1
232,44,0,0
232,45,1,1
232,46,1,0
232,47,1,1
232,48,1,1
232,49,1,1
232,50,1,1
232,51,1,1
232,52,1,1
232,53,1,1
232,54,1,0
232,55,1,1
232,56,1,1
232,57,1,0
232,58,1,0
232,59,0,1
232,60,0,1
232,61,0,1
232,62,0,1
232,63,0,1
232,64,0,1
232,65,0,0
232,66,0,1
232,67,0,1
232,68,0,0
232,69,0,1
232,70,0,1
232,71,0,0
232,72,0,0
232,73,1,1
232,74,1,1
232,75,1,0
232,76,1,1
232,77,1,1
232,78,1,1
232,79,1,0
232,80,1,1
232,81,1,1
232,82,1,1
232,83,1,1
232,84,1,1
232,85,1,0
232,86,1,0
232,87,0,1
232,88,0,0
232,89,0,1
232,90,0,1
232,91,0,1
232,92,0,1
232,93,0,1
232,94,0,0
232,95,0,1
232,96,0,1
232,97,0,0
232,98,0,1
232,99,0,1
232,100,0,1
232,101,0,0
232,102,0,1
232,103,0,1
232,104,0,1
232,105,0,1
232,106,0,0
232,107,0,0
232,108,1,0
232,109,1,1
232,110,1,1
232,111,1,1
232,112,1,1
232,113,1,1
232,114,1,0
232,115,1,1
232,116,1,1
232,117,1,1
232,118,1,1
232,119,1,0
232,120,1,1
232,121,1,0
232,122,0,0
232,123,0,0
232,124,1,1
232,125,1,1
232,126,1,1
232,127,1,1
232,128,1,0
232,129,1,1
232,130,1,1
232,131,1,1
232,132,1,0
232,133,1,1
232,134,1,1
232,135,1,1
232,136,1,1
232,137,1,1
232,138,1,1
232,139,1,0
232,140,1,1
236,1,0,1
236,2,0,0
236,3,0,1
236,4,0,1
236,5,0,1
236,6,0,0
236,7,0,1
236,8,0,1
236,9,0,1
236,10,0,1
236,11,0,1
236,12,0,0
236,13,0,1
236,14,0,1
236,15,0,1
236,16,0,1
236,17,0,0
236,18,0,1
236,19,0,1
236,20,0,1
236,21,0,1
236,22,0,1
236,23,0,1
236,24,0,0
236,25,0,1
236,26,0,0
236,27,0,1
236,28,1,0
236,29,1,0
236,30,0,1
236,31,0,0
236,32,0,1
236,33,0,1
236,34,0,1
236,35,0,1
236,36,0,0
236,37,0,0
236,38,1,1
236,39,1,0
236,40,1,1
236,41,1,1
236,42,1,1
236,43,1,0
236,44,1,1
236,45,1,1
236,46,1,1
236,47,1,1
236,48,1,1
236,49,1,0
236,50,1,1
236,51,1,0
236,52,1,1
236,53,1,1
236,54,1,1
236,55,1,1
236,56,1,0
236,57,1,0
236,58,1,1
236,59,1,0
236,60,1,0
236,61,0,1
236,62,0,1
236,63,0,1
236,64,0,0
236,65,0,1
236,66,0,1
236,67,0,1
236,68,0,1
236,69,0,1
236,70,0,0
236,71,0,1
236,72,0,0
236,73,0,0
236,74,1,1
236,75,1,1
236,76,1,1
236,77,1,1
236,78,1,0
236,79,1,1
236,80,1,1
236,81,1,1
236,82,1,1
236,83,1,1
236,84,1,0
236,85,1,1
236,86,1,1
236,87,1,0
236,88,1,0
236,89,0,1
236,90,0,1
236,91,0,0
236,92,0,1
236,93,1,0
236,94,1,0
236,95,0,1
236,96,0,1
236,97,0,1
236,98,0,0
236,99,0,1
236,100,1,0
236,101,0,1
236,102,0,0
236,103,1,0
236,104,0,1
236,105,0,1
236,106,0,1
236,107,0,0
236,108,0,0
236,109,1,1
236,110,1,1
236,111,1,1
236,112,1,0
236,113,1,1
236,114,1,1
236,115,1,1
236,116,1,0
236,117,1,1
236,118,1,1
236,119,1,1
236,120,1,1
236,121,1,0
236,122,1,1
236,123,1,1
236,124,1,1
236,125,1,1
236,126,1,0
236,127,1,1
236,128,1,1
236,129,0,0
236,130,1,1
236,131,1,1
236,132,1,0
236,133,1,1
236,134,1,1
236,135,1,1
236,136,1,1
236,137,1,1
236,138,1,0
236,139,1,1
236,140,1,1
238,1,1,0
238,2,0,1
238,3,0,1
238,4,0,1
238,5,0,0
238,6,0,1
238,7,0,1
238,8,0,0
238,9,0,1
238,10,0,1
238,11,0,1
238,12,0,0
238,13,0,1
238,14,0,1
238,15,0,1
238,16,0,1
238,17,0,1
238,18,0,0
238,19,0,1
238,20,0,1
238,21,0,1
238,22,0,1
238,23,0,0
238,24,0,1
238,25,0,1
238,26,0,1
238,27,0,1
238,28,0,0
238,29,0,1
238,30,0,1
238,31,0,0
238,32,0,1
238,33,0,1
238,34,0,1
238,35,0,1
238,36,0,0
238,37,0,0
238,38,0,0
238,39,1,1
238,40,1,0
238,41,1,1
238,42,1,1
238,43,1,1
238,44,1,1
238,45,1,0
238,46,1,1
238,47,1,1
238,48,0,0
238,49,1,1
238,50,1,0
238,51,1,1
238,52,1,1
238,53,1,1
238,54,1,1
238,55,1,0
238,56,1,0
238,57,1,0
238,58,0,1
238,59,0,1
238,60,0,0
238,61,0,0
238,62,0,1
238,63,0,1
238,64,0,1
238,65,0,1
238,66,0,1
238,67,0,1
238,68,0,1
238,69,0,0
238,70,0,1
238,71,0,1
238,72,0,0
238,73,0,0
238,74,0,0
238,75,1,1
238,76,1,1
238,77,1,0
238,78,1,1
238,79,1,1
238,80,1,1
238,81,1,1
238,82,1,1
238,83,1,1
238,84,1,0
238,85,1,1
238,86,1,0
238,87,1,0
238,88,1,0
238,89,0,1
238,90,0,0
238,91,0,1
238,92,0,0
238,93,0,1
238,94,0,1
238,95,0,1
238,96,0,1
238,97,0,1
238,98,0,1
238,99,0,1
238,100,0,0
238,101,0,1
238,102,0,1
238,103,0,0
238,104,0,1
238,105,0,1
238,106,0,1
238,107,0,0
238,108,0,0
238,109,0,0
238,110,1,1
238,111,1,1
238,112,1,1
238,113,1,0
238,114,1,1
238,115,1,1
238,116,1,1
238,117,1,1
238,118,1,1
238,119,1,0
238,120,1,1
238,121,1,1
238,122,1,0
238,123,1,1
238,124,1,1
238,125,1,1
238,126,1,1
238,127,1,1
238,128,1,1
238,129,1,0
238,130,0,0
238,131,1,1
238,132,1,1
238,133,1,1
238,134,1,1
238,135,1,0
238,136,1,1
238,137,1,1
238,138,1,1
238,139,1,1
238,140,1,0
