subject,trial,pred_prob_repetition,pred_prob_wsls
0,1,0.5,0.5
0,2,0.6896551724137931,0.31034482758620685
0,3,0.6896551724137931,0.31034482758620685
0,4,0.31034482758620685,0.31034482758620685
0,5,0.31034482758620685,0.6896551724137931
0,6,0.31034482758620685,0.6896551724137931
0,7,0.31034482758620685,0.31034482758620685
0,8,0.6896551724137931,0.6896551724137931
0,9,0.31034482758620685,0.6896551724137931
0,10,0.31034482758620685,0.6896551724137931
0,11,0.6896551724137931,0.6896551724137931
0,12,0.6896551724137931,0.6896551724137931
0,13,0.31034482758620685,0.31034482758620685
0,14,0.6896551724137931,0.6896551724137931
0,15,0.6896551724137931,0.31034482758620685
0,16,0.31034482758620685,0.6896551724137931
0,17,0.6896551724137931,0.31034482758620685
0,18,0.6896551724137931,0.6896551724137931
0,19,0.6896551724137931,0.31034482758620685
0,20,0.31034482758620685,0.31034482758620685
0,21,0.31034482758620685,0.31034482758620685
0,22,0.31034482758620685,0.31034482758620685
0,23,0.31034482758620685,0.31034482758620685
0,24,0.31034482758620685,0.31034482758620685
0,25,0.31034482758620685,0.31034482758620685
0,26,0.31034482758620685,0.31034482758620685
0,27,0.31034482758620685,0.31034482758620685
0,28,0.31034482758620685,0.31034482758620685
0,29,0.31034482758620685,0.31034482758620685
0,30,0.31034482758620685,0.31034482758620685
1,1,0.5,0.5
1,2,0.6206896551724138,0.6551724137931034
1,3,0.6206896551724138,0.6551724137931034
1,4,0.6206896551724138,0.6551724137931034
1,5,0.3793103448275862,0.6551724137931034
1,6,0.3793103448275862,0.6551724137931034
1,7,0.6206896551724138,0.6551724137931034
1,8,0.6206896551724138,0.6551724137931034
1,9,0.3793103448275862,0.6551724137931034
1,10,0.6206896551724138,0.6551724137931034
1,11,0.6206896551724138,0.6551724137931034
1,12,0.6206896551724138,0.6551724137931034
1,13,0.6206896551724138,0.6551724137931034
1,14,0.6206896551724138,0.6551724137931034
1,15,0.6206896551724138,0.3448275862068966
1,16,0.6206896551724138,0.6551724137931034
1,17,0.6206896551724138,0.3448275862068966
1,18,0.6206896551724138,0.3448275862068966
1,19,0.6206896551724138,0.3448275862068966
1,20,0.3793103448275862,0.3448275862068966
1,21,0.6206896551724138,0.6551724137931034
1,22,0.6206896551724138,0.6551724137931034
1,23,0.6206896551724138,0.3448275862068966
1,24,0.3793103448275862,0.3448275862068966
1,25,0.6206896551724138,0.3448275862068966
1,26,0.3793103448275862,0.3448275862068966
1,27,0.3793103448275862,0.3448275862068966
1,28,0.6206896551724138,0.3448275862068966
1,29,0.6206896551724138,0.6551724137931034
1,30,0.6206896551724138,0.3448275862068966
2,1,0.5,0.5
2,2,0.27586206896551724,0.7931034482758621
2,3,0.7241379310344828,0.7931034482758621
2,4,0.27586206896551724,0.7931034482758621
2,5,0.7241379310344828,0.7931034482758621
2,6,0.7241379310344828,0.7931034482758621
2,7,0.7241379310344828,0.7931034482758621
2,8,0.7241379310344828,0.7931034482758621
2,9,0.7241379310344828,0.7931034482758621
2,10,0.7241379310344828,0.7931034482758621
2,11,0.7241379310344828,0.7931034482758621
2,12,0.7241379310344828,0.7931034482758621
2,13,0.7241379310344828,0.7931034482758621
2,14,0.7241379310344828,0.7931034482758621
2,15,0.7241379310344828,0.2068965517241379
2,16,0.7241379310344828,0.7931034482758621
2,17,0.7241379310344828,0.7931034482758621
2,18,0.7241379310344828,0.2068965517241379
2,19,0.7241379310344828,0.2068965517241379
2,20,0.7241379310344828,0.7931034482758621
2,21,0.7241379310344828,0.2068965517241379
2,22,0.27586206896551724,0.2068965517241379
2,23,0.7241379310344828,0.2068965517241379
2,24,0.7241379310344828,0.2068965517241379
2,25,0.27586206896551724,0.7931034482758621
2,26,0.7241379310344828,0.2068965517241379
2,27,0.27586206896551724,0.2068965517241379
2,28,0.27586206896551724,0.2068965517241379
2,29,0.27586206896551724,0.2068965517241379
2,30,0.27586206896551724,0.2068965517241379
3,1,0.5,0.5
3,2,0.4137931034482759,0.6206896551724138
3,3,0.5862068965517241,0.6206896551724138
3,4,0.4137931034482759,0.6206896551724138
3,5,0.5862068965517241,0.6206896551724138
3,6,0.5862068965517241,0.3793103448275862
3,7,0.5862068965517241,0.6206896551724138
3,8,0.5862068965517241,0.3793103448275862
3,9,0.4137931034482759,0.6206896551724138
3,10,0.5862068965517241,0.6206896551724138
3,11,0.4137931034482759,0.6206896551724138
3,12,0.5862068965517241,0.6206896551724138
3,13,0.5862068965517241,0.6206896551724138
3,14,0.5862068965517241,0.6206896551724138
3,15,0.5862068965517241,0.6206896551724138
3,16,0.5862068965517241,0.3793103448275862
3,17,0.5862068965517241,0.3793103448275862
3,18,0.5862068965517241,0.3793103448275862
3,19,0.5862068965517241,0.3793103448275862
3,20,0.5862068965517241,0.3793103448275862
3,21,0.4137931034482759,0.3793103448275862
3,22,0.5862068965517241,0.3793103448275862
3,23,0.5862068965517241,0.3793103448275862
3,24,0.5862068965517241,0.3793103448275862
3,25,0.4137931034482759,0.3793103448275862
3,26,0.4137931034482759,0.3793103448275862
3,27,0.5862068965517241,0.3793103448275862
3,28,0.4137931034482759,0.3793103448275862
3,29,0.4137931034482759,0.3793103448275862
3,30,0.4137931034482759,0.3793103448275862
4,1,0.5,0.5
4,2,0.5862068965517241,0.5517241379310345
4,3,0.5862068965517241,0.5517241379310345
4,4,0.4137931034482759,0.5517241379310345
4,5,0.4137931034482759,0.5517241379310345
4,6,0.5862068965517241,0.5517241379310345
4,7,0.5862068965517241,0.4482758620689655
4,8,0.5862068965517241,0.5517241379310345
4,9,0.5862068965517241,0.5517241379310345
4,10,0.5862068965517241,0.5517241379310345
4,11,0.5862068965517241,0.5517241379310345
4,12,0.5862068965517241,0.5517241379310345
4,13,0.5862068965517241,0.5517241379310345
4,14,0.4137931034482759,0.5517241379310345
4,15,0.5862068965517241,0.4482758620689655
4,16,0.5862068965517241,0.5517241379310345
4,17,0.5862068965517241,0.4482758620689655
4,18,0.5862068965517241,0.5517241379310345
4,19,0.5862068965517241,0.5517241379310345
4,20,0.5862068965517241,0.4482758620689655
4,21,0.5862068965517241,0.4482758620689655
4,22,0.4137931034482759,0.5517241379310345
4,23,0.5862068965517241,0.4482758620689655
4,24,0.4137931034482759,0.4482758620689655
4,25,0.5862068965517241,0.4482758620689655
4,26,0.4137931034482759,0.4482758620689655
4,27,0.5862068965517241,0.5517241379310345
4,28,0.4137931034482759,0.5517241379310345
4,29,0.4137931034482759,0.4482758620689655
4,30,0.5862068965517241,0.4482758620689655
5,1,0.5,0.5
5,2,0.48275862068965514,0.4482758620689655
5,3,0.48275862068965514,0.4482758620689655
5,4,0.5172413793103449,0.4482758620689655
5,5,0.48275862068965514,0.5517241379310345
5,6,0.5172413793103449,0.4482758620689655
5,7,0.48275862068965514,0.4482758620689655
5,8,0.5172413793103449,0.4482758620689655
5,9,0.5172413793103449,0.4482758620689655
5,10,0.48275862068965514,0.4482758620689655
5,11,0.5172413793103449,0.4482758620689655
5,12,0.5172413793103449,0.4482758620689655
5,13,0.5172413793103449,0.4482758620689655
5,14,0.48275862068965514,0.4482758620689655
5,15,0.5172413793103449,0.5517241379310345
5,16,0.5172413793103449,0.4482758620689655
5,17,0.5172413793103449,0.5517241379310345
5,18,0.5172413793103449,0.5517241379310345
5,19,0.5172413793103449,0.5517241379310345
5,20,0.48275862068965514,0.5517241379310345
5,21,0.5172413793103449,0.5517241379310345
5,22,0.5172413793103449,0.5517241379310345
5,23,0.5172413793103449,0.5517241379310345
5,24,0.5172413793103449,0.5517241379310345
5,25,0.5172413793103449,0.5517241379310345
5,26,0.48275862068965514,0.5517241379310345
5,27,0.48275862068965514,0.5517241379310345
5,28,0.48275862068965514,0.5517241379310345
5,29,0.48275862068965514,0.5517241379310345
5,30,0.5172413793103449,0.4482758620689655
6,1,0.5,0.5
6,2,0.6551724137931034,0.48275862068965514
6,3,0.6551724137931034,0.5172413793103449
6,4,0.3448275862068966,0.5172413793103449
6,5,0.6551724137931034,0.48275862068965514
6,6,0.6551724137931034,0.5172413793103449
6,7,0.3448275862068966,0.5172413793103449
6,8,0.6551724137931034,0.48275862068965514
6,9,0.6551724137931034,0.48275862068965514
6,10,0.6551724137931034,0.5172413793103449
6,11,0.6551724137931034,0.5172413793103449
6,12,0.6551724137931034,0.5172413793103449
6,13,0.6551724137931034,0.5172413793103449
6,14,0.6551724137931034,0.5172413793103449
6,15,0.6551724137931034,0.5172413793103449
6,16,0.6551724137931034,0.5172413793103449
6,17,0.6551724137931034,0.48275862068965514
6,18,0.6551724137931034,0.48275862068965514
6,19,0.6551724137931034,0.48275862068965514
6,20,0.6551724137931034,0.5172413793103449
6,21,0.6551724137931034,0.48275862068965514
6,22,0.3448275862068966,0.5172413793103449
6,23,0.3448275862068966,0.48275862068965514
6,24,0.6551724137931034,0.5172413793103449
6,25,0.6551724137931034,0.48275862068965514
6,26,0.6551724137931034,0.48275862068965514
6,27,0.3448275862068966,0.48275862068965514
6,28,0.3448275862068966,0.5172413793103449
6,29,0.6551724137931034,0.5172413793103449
6,30,0.3448275862068966,0.48275862068965514
7,1,0.5,0.5
7,2,0.6206896551724138,0.6206896551724138
7,3,0.6206896551724138,0.6206896551724138
7,4,0.6206896551724138,0.6206896551724138
7,5,0.6206896551724138,0.6206896551724138
7,6,0.6206896551724138,0.6206896551724138
7,7,0.6206896551724138,0.6206896551724138
7,8,0.6206896551724138,0.3793103448275862
7,9,0.3793103448275862,0.6206896551724138
7,10,0.3793103448275862,0.6206896551724138
7,11,0.6206896551724138,0.6206896551724138
7,12,0.6206896551724138,0.6206896551724138
7,13,0.3793103448275862,0.3793103448275862
7,14,0.6206896551724138,0.6206896551724138
7,15,0.6206896551724138,0.6206896551724138
7,16,0.6206896551724138,0.3793103448275862
7,17,0.6206896551724138,0.3793103448275862
7,18,0.6206896551724138,0.3793103448275862
7,19,0.6206896551724138,0.3793103448275862
7,20,0.6206896551724138,0.3793103448275862
7,21,0.3793103448275862,0.3793103448275862
7,22,0.6206896551724138,0.3793103448275862
7,23,0.3793103448275862,0.3793103448275862
7,24,0.6206896551724138,0.3793103448275862
7,25,0.3793103448275862,0.3793103448275862
7,26,0.3793103448275862,0.3793103448275862
7,27,0.3793103448275862,0.3793103448275862
7,28,0.6206896551724138,0.6206896551724138
7,29,0.6206896551724138,0.6206896551724138
7,30,0.3793103448275862,0.3793103448275862
8,1,0.5,0.5
8,2,0.6206896551724138,0.6551724137931034
8,3,0.6206896551724138,0.6551724137931034
8,4,0.3793103448275862,0.6551724137931034
8,5,0.6206896551724138,0.6551724137931034
8,6,0.3793103448275862,0.6551724137931034
8,7,0.6206896551724138,0.6551724137931034
8,8,0.6206896551724138,0.6551724137931034
8,9,0.6206896551724138,0.3448275862068966
8,10,0.6206896551724138,0.6551724137931034
8,11,0.6206896551724138,0.6551724137931034
8,12,0.6206896551724138,0.6551724137931034
8,13,0.6206896551724138,0.6551724137931034
8,14,0.6206896551724138,0.6551724137931034
8,15,0.3793103448275862,0.6551724137931034
8,16,0.6206896551724138,0.6551724137931034
8,17,0.6206896551724138,0.3448275862068966
8,18,0.3793103448275862,0.6551724137931034
8,19,0.6206896551724138,0.3448275862068966
8,20,0.6206896551724138,0.3448275862068966
8,21,0.6206896551724138,0.6551724137931034
8,22,0.6206896551724138,0.6551724137931034
8,23,0.6206896551724138,0.3448275862068966
8,24,0.6206896551724138,0.3448275862068966
8,25,0.6206896551724138,0.6551724137931034
8,26,0.3793103448275862,0.3448275862068966
8,27,0.3793103448275862,0.3448275862068966
8,28,0.6206896551724138,0.6551724137931034
8,29,0.6206896551724138,0.3448275862068966
8,30,0.3793103448275862,0.3448275862068966
9,1,0.5,0.5
9,2,0.31034482758620685,0.7931034482758621
9,3,0.6896551724137931,0.7931034482758621
9,4,0.6896551724137931,0.7931034482758621
9,5,0.31034482758620685,0.7931034482758621
9,6,0.6896551724137931,0.7931034482758621
9,7,0.6896551724137931,0.7931034482758621
9,8,0.6896551724137931,0.7931034482758621
9,9,0.6896551724137931,0.7931034482758621
9,10,0.6896551724137931,0.7931034482758621
9,11,0.6896551724137931,0.7931034482758621
9,12,0.6896551724137931,0.7931034482758621
9,13,0.6896551724137931,0.7931034482758621
9,14,0.6896551724137931,0.7931034482758621
9,15,0.6896551724137931,0.7931034482758621
9,16,0.6896551724137931,0.7931034482758621
9,17,0.6896551724137931,0.2068965517241379
9,18,0.6896551724137931,0.2068965517241379
9,19,0.31034482758620685,0.2068965517241379
9,20,0.31034482758620685,0.7931034482758621
9,21,0.6896551724137931,0.2068965517241379
9,22,0.6896551724137931,0.7931034482758621
9,23,0.6896551724137931,0.2068965517241379
9,24,0.6896551724137931,0.2068965517241379
9,25,0.6896551724137931,0.2068965517241379
9,26,0.31034482758620685,0.2068965517241379
9,27,0.31034482758620685,0.2068965517241379
9,28,0.6896551724137931,0.2068965517241379
9,29,0.31034482758620685,0.2068965517241379
9,30,0.31034482758620685,0.7931034482758621
10,1,0.5,0.5
10,2,0.4137931034482759,0.6206896551724138
10,3,0.5862068965517241,0.3793103448275862
10,4,0.4137931034482759,0.3793103448275862
10,5,0.5862068965517241,0.3793103448275862
10,6,0.4137931034482759,0.6206896551724138
10,7,0.4137931034482759,0.6206896551724138
10,8,0.4137931034482759,0.6206896551724138
10,9,0.5862068965517241,0.6206896551724138
10,10,0.5862068965517241,0.6206896551724138
10,11,0.5862068965517241,0.6206896551724138
10,12,0.5862068965517241,0.3793103448275862
10,13,0.4137931034482759,0.6206896551724138
10,14,0.4137931034482759,0.6206896551724138
10,15,0.5862068965517241,0.6206896551724138
10,16,0.5862068965517241,0.6206896551724138
10,17,0.5862068965517241,0.6206896551724138
10,18,0.5862068965517241,0.3793103448275862
10,19,0.5862068965517241,0.3793103448275862
10,20,0.5862068965517241,0.6206896551724138
10,21,0.5862068965517241,0.3793103448275862
10,22,0.5862068965517241,0.3793103448275862
10,23,0.5862068965517241,0.3793103448275862
10,24,0.4137931034482759,0.3793103448275862
10,25,0.5862068965517241,0.6206896551724138
10,26,0.5862068965517241,0.3793103448275862
10,27,0.4137931034482759,0.3793103448275862
10,28,0.5862068965517241,0.3793103448275862
10,29,0.5862068965517241,0.3793103448275862
10,30,0.4137931034482759,0.3793103448275862
11,1,0.5,0.5
11,2,0.896551724137931,0.6896551724137931
11,3,0.896551724137931,0.6896551724137931
11,4,0.896551724137931,0.6896551724137931
11,5,0.896551724137931,0.31034482758620685
11,6,0.896551724137931,0.31034482758620685
11,7,0.896551724137931,0.6896551724137931
11,8,0.896551724137931,0.6896551724137931
11,9,0.896551724137931,0.6896551724137931
11,10,0.896551724137931,0.6896551724137931
11,11,0.896551724137931,0.6896551724137931
11,12,0.896551724137931,0.6896551724137931
11,13,0.896551724137931,0.6896551724137931
11,14,0.896551724137931,0.6896551724137931
11,15,0.896551724137931,0.6896551724137931
11,16,0.896551724137931,0.6896551724137931
11,17,0.896551724137931,0.31034482758620685
11,18,0.896551724137931,0.31034482758620685
11,19,0.10344827586206895,0.31034482758620685
11,20,0.896551724137931,0.31034482758620685
11,21,0.896551724137931,0.31034482758620685
11,22,0.896551724137931,0.31034482758620685
11,23,0.896551724137931,0.31034482758620685
11,24,0.896551724137931,0.31034482758620685
11,25,0.10344827586206895,0.31034482758620685
11,26,0.10344827586206895,0.6896551724137931
11,27,0.10344827586206895,0.31034482758620685
11,28,0.10344827586206895,0.31034482758620685
11,29,0.10344827586206895,0.31034482758620685
11,30,0.10344827586206895,0.31034482758620685
12,1,0.5,0.5
12,2,0.4827586206896552,0.5862068965517241
12,3,0.5172413793103448,0.5862068965517241
12,4,0.4827586206896552,0.5862068965517241
12,5,0.4827586206896552,0.5862068965517241
12,6,0.5172413793103448,0.5862068965517241
12,7,0.5172413793103448,0.4137931034482759
12,8,0.4827586206896552,0.5862068965517241
12,9,0.4827586206896552,0.5862068965517241
12,10,0.5172413793103448,0.5862068965517241
12,11,0.4827586206896552,0.5862068965517241
12,12,0.4827586206896552,0.4137931034482759
12,13,0.5172413793103448,0.5862068965517241
12,14,0.4827586206896552,0.5862068965517241
12,15,0.4827586206896552,0.5862068965517241
12,16,0.5172413793103448,0.5862068965517241
12,17,0.5172413793103448,0.4137931034482759
12,18,0.4827586206896552,0.4137931034482759
12,19,0.4827586206896552,0.4137931034482759
12,20,0.4827586206896552,0.4137931034482759
12,21,0.5172413793103448,0.4137931034482759
12,22,0.5172413793103448,0.4137931034482759
12,23,0.5172413793103448,0.4137931034482759
12,24,0.4827586206896552,0.4137931034482759
12,25,0.5172413793103448,0.4137931034482759
12,26,0.5172413793103448,0.4137931034482759
12,27,0.5172413793103448,0.4137931034482759
12,28,0.4827586206896552,0.4137931034482759
12,29,0.5172413793103448,0.4137931034482759
12,30,0.5172413793103448,0.4137931034482759
13,1,0.5,0.5
13,2,0.5517241379310345,0.6896551724137931
13,3,0.5517241379310345,0.31034482758620685
13,4,0.4482758620689655,0.6896551724137931
13,5,0.5517241379310345,0.6896551724137931
13,6,0.5517241379310345,0.31034482758620685
13,7,0.5517241379310345,0.6896551724137931
13,8,0.5517241379310345,0.6896551724137931
13,9,0.4482758620689655,0.6896551724137931
13,10,0.5517241379310345,0.6896551724137931
13,11,0.5517241379310345,0.6896551724137931
13,12,0.4482758620689655,0.31034482758620685
13,13,0.4482758620689655,0.6896551724137931
13,14,0.5517241379310345,0.6896551724137931
13,15,0.5517241379310345,0.6896551724137931
13,16,0.5517241379310345,0.6896551724137931
13,17,0.4482758620689655,0.31034482758620685
13,18,0.5517241379310345,0.6896551724137931
13,19,0.5517241379310345,0.31034482758620685
13,20,0.5517241379310345,0.31034482758620685
13,21,0.5517241379310345,0.31034482758620685
13,22,0.5517241379310345,0.6896551724137931
13,23,0.5517241379310345,0.31034482758620685
13,24,0.4482758620689655,0.31034482758620685
13,25,0.5517241379310345,0.31034482758620685
13,26,0.4482758620689655,0.31034482758620685
13,27,0.4482758620689655,0.6896551724137931
13,28,0.5517241379310345,0.31034482758620685
13,29,0.4482758620689655,0.31034482758620685
13,30,0.4482758620689655,0.31034482758620685
14,1,0.5,0.5
14,2,0.41379310344827586,0.6551724137931034
14,3,0.41379310344827586,0.3448275862068966
14,4,0.41379310344827586,0.6551724137931034
14,5,0.41379310344827586,0.6551724137931034
14,6,0.41379310344827586,0.6551724137931034
14,7,0.5862068965517242,0.3448275862068966
14,8,0.41379310344827586,0.6551724137931034
14,9,0.41379310344827586,0.6551724137931034
14,10,0.5862068965517242,0.6551724137931034
14,11,0.41379310344827586,0.3448275862068966
14,12,0.5862068965517242,0.6551724137931034
14,13,0.41379310344827586,0.6551724137931034
14,14,0.41379310344827586,0.6551724137931034
14,15,0.41379310344827586,0.6551724137931034
14,16,0.41379310344827586,0.6551724137931034
14,17,0.5862068965517242,0.3448275862068966
14,18,0.41379310344827586,0.3448275862068966
14,19,0.5862068965517242,0.6551724137931034
14,20,0.41379310344827586,0.6551724137931034
14,21,0.41379310344827586,0.3448275862068966
14,22,0.5862068965517242,0.3448275862068966
14,23,0.41379310344827586,0.3448275862068966
14,24,0.41379310344827586,0.3448275862068966
14,25,0.5862068965517242,0.6551724137931034
14,26,0.41379310344827586,0.3448275862068966
14,27,0.5862068965517242,0.3448275862068966
14,28,0.41379310344827586,0.3448275862068966
14,29,0.41379310344827586,0.6551724137931034
14,30,0.41379310344827586,0.3448275862068966
15,1,0.5,0.5
15,2,0.5862068965517242,0.5172413793103449
15,3,0.5862068965517242,0.48275862068965514
15,4,0.5862068965517242,0.5172413793103449
15,5,0.5862068965517242,0.48275862068965514
15,6,0.41379310344827586,0.48275862068965514
15,7,0.41379310344827586,0.5172413793103449
15,8,0.41379310344827586,0.48275862068965514
15,9,0.5862068965517242,0.5172413793103449
15,10,0.41379310344827586,0.48275862068965514
15,11,0.5862068965517242,0.5172413793103449
15,12,0.41379310344827586,0.5172413793103449
15,13,0.5862068965517242,0.5172413793103449
15,14,0.41379310344827586,0.5172413793103449
15,15,0.5862068965517242,0.5172413793103449
15,16,0.5862068965517242,0.5172413793103449
15,17,0.41379310344827586,0.48275862068965514
15,18,0.41379310344827586,0.48275862068965514
15,19,0.41379310344827586,0.48275862068965514
15,20,0.5862068965517242,0.48275862068965514
15,21,0.41379310344827586,0.48275862068965514
15,22,0.41379310344827586,0.5172413793103449
15,23,0.5862068965517242,0.48275862068965514
15,24,0.5862068965517242,0.5172413793103449
15,25,0.41379310344827586,0.5172413793103449
15,26,0.41379310344827586,0.48275862068965514
15,27,0.5862068965517242,0.48275862068965514
15,28,0.41379310344827586,0.48275862068965514
15,29,0.5862068965517242,0.48275862068965514
15,30,0.5862068965517242,0.48275862068965514
16,1,0.5,0.5
16,2,0.4482758620689655,0.5862068965517241
16,3,0.5517241379310345,0.5862068965517241
16,4,0.5517241379310345,0.5862068965517241
16,5,0.5517241379310345,0.5862068965517241
16,6,0.4482758620689655,0.5862068965517241
16,7,0.5517241379310345,0.5862068965517241
16,8,0.5517241379310345,0.5862068965517241
16,9,0.4482758620689655,0.5862068965517241
16,10,0.4482758620689655,0.5862068965517241
16,11,0.5517241379310345,0.5862068965517241
16,12,0.5517241379310345,0.5862068965517241
16,13,0.5517241379310345,0.4137931034482759
16,14,0.5517241379310345,0.5862068965517241
16,15,0.5517241379310345,0.5862068965517241
16,16,0.5517241379310345,0.5862068965517241
16,17,0.5517241379310345,0.4137931034482759
16,18,0.4482758620689655,0.4137931034482759
16,19,0.5517241379310345,0.4137931034482759
16,20,0.4482758620689655,0.5862068965517241
16,21,0.4482758620689655,0.4137931034482759
16,22,0.5517241379310345,0.4137931034482759
16,23,0.5517241379310345,0.4137931034482759
16,24,0.4482758620689655,0.4137931034482759
16,25,0.4482758620689655,0.4137931034482759
16,26,0.4482758620689655,0.4137931034482759
16,27,0.5517241379310345,0.4137931034482759
16,28,0.4482758620689655,0.4137931034482759
16,29,0.5517241379310345,0.4137931034482759
16,30,0.5517241379310345,0.4137931034482759
17,1,0.5,0.5
17,2,0.24137931034482762,0.5172413793103449
17,3,0.24137931034482762,0.5172413793103449
17,4,0.7586206896551724,0.48275862068965514
17,5,0.7586206896551724,0.48275862068965514
17,6,0.7586206896551724,0.5172413793103449
17,7,0.7586206896551724,0.5172413793103449
17,8,0.7586206896551724,0.5172413793103449
17,9,0.7586206896551724,0.5172413793103449
17,10,0.24137931034482762,0.5172413793103449
17,11,0.24137931034482762,0.5172413793103449
17,12,0.7586206896551724,0.5172413793103449
17,13,0.7586206896551724,0.5172413793103449
17,14,0.7586206896551724,0.5172413793103449
17,15,0.7586206896551724,0.48275862068965514
17,16,0.7586206896551724,0.5172413793103449
17,17,0.7586206896551724,0.48275862068965514
17,18,0.7586206896551724,0.5172413793103449
17,19,0.7586206896551724,0.48275862068965514
17,20,0.7586206896551724,0.48275862068965514
17,21,0.7586206896551724,0.48275862068965514
17,22,0.7586206896551724,0.48275862068965514
17,23,0.7586206896551724,0.5172413793103449
17,24,0.7586206896551724,0.5172413793103449
17,25,0.7586206896551724,0.48275862068965514
17,26,0.7586206896551724,0.48275862068965514
17,27,0.24137931034482762,0.48275862068965514
17,28,0.7586206896551724,0.48275862068965514
17,29,0.7586206896551724,0.48275862068965514
17,30,0.24137931034482762,0.5172413793103449
18,1,0.5,0.5
18,2,0.31034482758620685,0.6206896551724138
18,3,0.31034482758620685,0.6206896551724138
18,4,0.6896551724137931,0.3793103448275862
18,5,0.6896551724137931,0.6206896551724138
18,6,0.6896551724137931,0.6206896551724138
18,7,0.6896551724137931,0.6206896551724138
18,8,0.31034482758620685,0.6206896551724138
18,9,0.6896551724137931,0.3793103448275862
18,10,0.6896551724137931,0.6206896551724138
18,11,0.6896551724137931,0.6206896551724138
18,12,0.6896551724137931,0.6206896551724138
18,13,0.6896551724137931,0.6206896551724138
18,14,0.6896551724137931,0.6206896551724138
18,15,0.31034482758620685,0.6206896551724138
18,16,0.6896551724137931,0.6206896551724138
18,17,0.6896551724137931,0.3793103448275862
18,18,0.6896551724137931,0.3793103448275862
18,19,0.6896551724137931,0.3793103448275862
18,20,0.6896551724137931,0.3793103448275862
18,21,0.31034482758620685,0.6206896551724138
18,22,0.6896551724137931,0.3793103448275862
18,23,0.6896551724137931,0.6206896551724138
18,24,0.6896551724137931,0.3793103448275862
18,25,0.6896551724137931,0.3793103448275862
18,26,0.6896551724137931,0.3793103448275862
18,27,0.31034482758620685,0.3793103448275862
18,28,0.31034482758620685,0.3793103448275862
18,29,0.31034482758620685,0.3793103448275862
18,30,0.31034482758620685,0.6206896551724138
19,1,0.5,0.5
19,2,0.7241379310344828,0.3448275862068966
19,3,0.7241379310344828,0.6551724137931034
19,4,0.27586206896551724,0.6551724137931034
19,5,0.7241379310344828,0.6551724137931034
19,6,0.7241379310344828,0.6551724137931034
19,7,0.7241379310344828,0.6551724137931034
19,8,0.7241379310344828,0.3448275862068966
19,9,0.27586206896551724,0.3448275862068966
19,10,0.27586206896551724,0.6551724137931034
19,11,0.27586206896551724,0.6551724137931034
19,12,0.7241379310344828,0.6551724137931034
19,13,0.7241379310344828,0.6551724137931034
19,14,0.7241379310344828,0.6551724137931034
19,15,0.7241379310344828,0.6551724137931034
19,16,0.7241379310344828,0.6551724137931034
19,17,0.7241379310344828,0.6551724137931034
19,18,0.7241379310344828,0.6551724137931034
19,19,0.7241379310344828,0.3448275862068966
19,20,0.7241379310344828,0.6551724137931034
19,21,0.7241379310344828,0.3448275862068966
19,22,0.7241379310344828,0.3448275862068966
19,23,0.27586206896551724,0.3448275862068966
19,24,0.7241379310344828,0.3448275862068966
19,25,0.7241379310344828,0.3448275862068966
19,26,0.7241379310344828,0.3448275862068966
19,27,0.7241379310344828,0.3448275862068966
19,28,0.27586206896551724,0.3448275862068966
19,29,0.27586206896551724,0.3448275862068966
19,30,0.27586206896551724,0.3448275862068966
20,1,0.5,0.5
20,2,0.5517241379310345,0.31034482758620685
20,3,0.4482758620689655,0.31034482758620685
20,4,0.5517241379310345,0.6896551724137931
20,5,0.5517241379310345,0.6896551724137931
20,6,0.5517241379310345,0.6896551724137931
20,7,0.4482758620689655,0.6896551724137931
20,8,0.4482758620689655,0.31034482758620685
20,9,0.5517241379310345,0.6896551724137931
20,10,0.4482758620689655,0.6896551724137931
20,11,0.5517241379310345,0.6896551724137931
20,12,0.4482758620689655,0.31034482758620685
20,13,0.5517241379310345,0.6896551724137931
20,14,0.4482758620689655,0.31034482758620685
20,15,0.4482758620689655,0.6896551724137931
20,16,0.5517241379310345,0.6896551724137931
20,17,0.4482758620689655,0.31034482758620685
20,18,0.4482758620689655,0.31034482758620685
20,19,0.5517241379310345,0.31034482758620685
20,20,0.5517241379310345,0.31034482758620685
20,21,0.5517241379310345,0.31034482758620685
20,22,0.4482758620689655,0.31034482758620685
20,23,0.5517241379310345,0.6896551724137931
20,24,0.4482758620689655,0.31034482758620685
20,25,0.5517241379310345,0.31034482758620685
20,26,0.5517241379310345,0.31034482758620685
20,27,0.5517241379310345,0.31034482758620685
20,28,0.5517241379310345,0.31034482758620685
20,29,0.5517241379310345,0.31034482758620685
20,30,0.5517241379310345,0.6896551724137931
21,1,0.5,0.5
21,2,0.2068965517241379,0.8620689655172413
21,3,0.7931034482758621,0.8620689655172413
21,4,0.7931034482758621,0.8620689655172413
21,5,0.7931034482758621,0.8620689655172413
21,6,0.7931034482758621,0.8620689655172413
21,7,0.7931034482758621,0.8620689655172413
21,8,0.7931034482758621,0.13793103448275867
21,9,0.7931034482758621,0.8620689655172413
21,10,0.7931034482758621,0.8620689655172413
21,11,0.7931034482758621,0.8620689655172413
21,12,0.7931034482758621,0.13793103448275867
21,13,0.7931034482758621,0.8620689655172413
21,14,0.7931034482758621,0.8620689655172413
21,15,0.7931034482758621,0.13793103448275867
21,16,0.2068965517241379,0.13793103448275867
21,17,0.2068965517241379,0.13793103448275867
21,18,0.2068965517241379,0.13793103448275867
21,19,0.2068965517241379,0.13793103448275867
21,20,0.2068965517241379,0.13793103448275867
21,21,0.2068965517241379,0.13793103448275867
21,22,0.2068965517241379,0.13793103448275867
21,23,0.7931034482758621,0.13793103448275867
21,24,0.2068965517241379,0.13793103448275867
21,25,0.2068965517241379,0.13793103448275867
21,26,0.2068965517241379,0.13793103448275867
21,27,0.2068965517241379,0.13793103448275867
21,28,0.2068965517241379,0.13793103448275867
21,29,0.7931034482758621,0.13793103448275867
21,30,0.2068965517241379,0.13793103448275867
22,1,0.5,0.5
22,2,0.6896551724137931,0.31034482758620685
22,3,0.31034482758620685,0.31034482758620685
22,4,0.31034482758620685,0.6896551724137931
22,5,0.6896551724137931,0.6896551724137931
22,6,0.6896551724137931,0.6896551724137931
22,7,0.6896551724137931,0.6896551724137931
22,8,0.31034482758620685,0.6896551724137931
22,9,0.6896551724137931,0.31034482758620685
22,10,0.6896551724137931,0.6896551724137931
22,11,0.6896551724137931,0.6896551724137931
22,12,0.6896551724137931,0.6896551724137931
22,13,0.6896551724137931,0.6896551724137931
22,14,0.6896551724137931,0.6896551724137931
22,15,0.6896551724137931,0.31034482758620685
22,16,0.6896551724137931,0.6896551724137931
22,17,0.6896551724137931,0.31034482758620685
22,18,0.6896551724137931,0.31034482758620685
22,19,0.6896551724137931,0.31034482758620685
22,20,0.6896551724137931,0.31034482758620685
22,21,0.6896551724137931,0.6896551724137931
22,22,0.6896551724137931,0.31034482758620685
22,23,0.31034482758620685,0.31034482758620685
22,24,0.31034482758620685,0.31034482758620685
22,25,0.31034482758620685,0.31034482758620685
22,26,0.6896551724137931,0.31034482758620685
22,27,0.31034482758620685,0.31034482758620685
22,28,0.31034482758620685,0.31034482758620685
22,29,0.31034482758620685,0.31034482758620685
22,30,0.6896551724137931,0.31034482758620685
23,1,0.5,0.5
23,2,0.6206896551724138,0.6206896551724138
23,3,0.3793103448275862,0.6206896551724138
23,4,0.6206896551724138,0.3793103448275862
23,5,0.3793103448275862,0.6206896551724138
23,6,0.3793103448275862,0.3793103448275862
23,7,0.6206896551724138,0.6206896551724138
23,8,0.6206896551724138,0.3793103448275862
23,9,0.6206896551724138,0.6206896551724138
23,10,0.3793103448275862,0.3793103448275862
23,11,0.6206896551724138,0.6206896551724138
23,12,0.6206896551724138,0.6206896551724138
23,13,0.6206896551724138,0.6206896551724138
23,14,0.3793103448275862,0.6206896551724138
23,15,0.6206896551724138,0.6206896551724138
23,16,0.6206896551724138,0.3793103448275862
23,17,0.6206896551724138,0.3793103448275862
23,18,0.6206896551724138,0.3793103448275862
23,19,0.3793103448275862,0.3793103448275862
23,20,0.3793103448275862,0.3793103448275862
23,21,0.3793103448275862,0.3793103448275862
23,22,0.3793103448275862,0.3793103448275862
23,23,0.3793103448275862,0.3793103448275862
23,24,0.3793103448275862,0.3793103448275862
23,25,0.3793103448275862,0.6206896551724138
23,26,0.3793103448275862,0.3793103448275862
23,27,0.3793103448275862,0.3793103448275862
23,28,0.3793103448275862,0.3793103448275862
23,29,0.3793103448275862,0.3793103448275862
23,30,0.6206896551724138,0.3793103448275862
24,1,0.5,0.5
24,2,0.6896551724137931,0.5517241379310345
24,3,0.6896551724137931,0.5517241379310345
24,4,0.6896551724137931,0.5517241379310345
24,5,0.31034482758620685,0.4482758620689655
24,6,0.6896551724137931,0.5517241379310345
24,7,0.6896551724137931,0.4482758620689655
24,8,0.6896551724137931,0.5517241379310345
24,9,0.6896551724137931,0.5517241379310345
24,10,0.31034482758620685,0.5517241379310345
24,11,0.6896551724137931,0.5517241379310345
24,12,0.6896551724137931,0.5517241379310345
24,13,0.6896551724137931,0.5517241379310345
24,14,0.31034482758620685,0.5517241379310345
24,15,0.6896551724137931,0.5517241379310345
24,16,0.31034482758620685,0.5517241379310345
24,17,0.6896551724137931,0.4482758620689655
24,18,0.6896551724137931,0.4482758620689655
24,19,0.6896551724137931,0.4482758620689655
24,20,0.6896551724137931,0.4482758620689655
24,21,0.6896551724137931,0.4482758620689655
24,22,0.6896551724137931,0.4482758620689655
24,23,0.31034482758620685,0.4482758620689655
24,24,0.31034482758620685,0.4482758620689655
24,25,0.31034482758620685,0.4482758620689655
24,26,0.31034482758620685,0.5517241379310345
24,27,0.31034482758620685,0.4482758620689655
24,28,0.31034482758620685,0.4482758620689655
24,29,0.31034482758620685,0.4482758620689655
24,30,0.31034482758620685,0.5517241379310345
25,1,0.5,0.5
25,2,0.48275862068965514,0.6551724137931034
25,3,0.5172413793103449,0.6551724137931034
25,4,0.5172413793103449,0.6551724137931034
25,5,0.5172413793103449,0.6551724137931034
25,6,0.48275862068965514,0.6551724137931034
25,7,0.48275862068965514,0.6551724137931034
25,8,0.5172413793103449,0.6551724137931034
25,9,0.5172413793103449,0.3448275862068966
25,10,0.5172413793103449,0.6551724137931034
25,11,0.5172413793103449,0.6551724137931034
25,12,0.5172413793103449,0.3448275862068966
25,13,0.48275862068965514,0.6551724137931034
25,14,0.5172413793103449,0.6551724137931034
25,15,0.5172413793103449,0.6551724137931034
25,16,0.5172413793103449,0.6551724137931034
25,17,0.5172413793103449,0.3448275862068966
25,18,0.48275862068965514,0.3448275862068966
25,19,0.5172413793103449,0.3448275862068966
25,20,0.48275862068965514,0.3448275862068966
25,21,0.5172413793103449,0.3448275862068966
25,22,0.5172413793103449,0.6551724137931034
25,23,0.48275862068965514,0.3448275862068966
25,24,0.48275862068965514,0.3448275862068966
25,25,0.5172413793103449,0.6551724137931034
25,26,0.5172413793103449,0.3448275862068966
25,27,0.48275862068965514,0.3448275862068966
25,28,0.48275862068965514,0.3448275862068966
25,29,0.5172413793103449,0.3448275862068966
25,30,0.48275862068965514,0.6551724137931034
26,1,0.5,0.5
26,2,0.4482758620689655,0.4827586206896552
26,3,0.4482758620689655,0.4827586206896552
26,4,0.5517241379310345,0.4827586206896552
26,5,0.4482758620689655,0.5172413793103448
26,6,0.5517241379310345,0.4827586206896552
26,7,0.5517241379310345,0.4827586206896552
26,8,0.4482758620689655,0.5172413793103448
26,9,0.5517241379310345,0.4827586206896552
26,10,0.5517241379310345,0.4827586206896552
26,11,0.5517241379310345,0.4827586206896552
26,12,0.4482758620689655,0.4827586206896552
26,13,0.5517241379310345,0.4827586206896552
26,14,0.5517241379310345,0.4827586206896552
26,15,0.5517241379310345,0.4827586206896552
26,16,0.5517241379310345,0.5172413793103448
26,17,0.5517241379310345,0.5172413793103448
26,18,0.5517241379310345,0.5172413793103448
26,19,0.4482758620689655,0.5172413793103448
26,20,0.5517241379310345,0.4827586206896552
26,21,0.5517241379310345,0.4827586206896552
26,22,0.4482758620689655,0.5172413793103448
26,23,0.4482758620689655,0.5172413793103448
26,24,0.4482758620689655,0.4827586206896552
26,25,0.4482758620689655,0.5172413793103448
26,26,0.5517241379310345,0.4827586206896552
26,27,0.4482758620689655,0.5172413793103448
26,28,0.4482758620689655,0.5172413793103448
26,29,0.4482758620689655,0.5172413793103448
26,30,0.5517241379310345,0.5172413793103448
27,1,0.5,0.5
27,2,0.5862068965517241,0.5517241379310345
27,3,0.4137931034482759,0.5517241379310345
27,4,0.4137931034482759,0.5517241379310345
27,5,0.5862068965517241,0.5517241379310345
27,6,0.5862068965517241,0.5517241379310345
27,7,0.5862068965517241,0.5517241379310345
27,8,0.5862068965517241,0.4482758620689655
27,9,0.4137931034482759,0.4482758620689655
27,10,0.5862068965517241,0.5517241379310345
27,11,0.5862068965517241,0.5517241379310345
27,12,0.5862068965517241,0.5517241379310345
27,13,0.5862068965517241,0.4482758620689655
27,14,0.5862068965517241,0.5517241379310345
27,15,0.4137931034482759,0.4482758620689655
27,16,0.4137931034482759,0.5517241379310345
27,17,0.5862068965517241,0.4482758620689655
27,18,0.5862068965517241,0.4482758620689655
27,19,0.5862068965517241,0.5517241379310345
27,20,0.4137931034482759,0.5517241379310345
27,21,0.5862068965517241,0.4482758620689655
27,22,0.5862068965517241,0.4482758620689655
27,23,0.5862068965517241,0.4482758620689655
27,24,0.4137931034482759,0.5517241379310345
27,25,0.4137931034482759,0.4482758620689655
27,26,0.4137931034482759,0.4482758620689655
27,27,0.5862068965517241,0.4482758620689655
27,28,0.4137931034482759,0.4482758620689655
27,29,0.4137931034482759,0.4482758620689655
27,30,0.4137931034482759,0.4482758620689655
28,1,0.5,0.5
28,2,0.5517241379310345,0.48275862068965514
28,3,0.4482758620689655,0.48275862068965514
28,4,0.4482758620689655,0.48275862068965514
28,5,0.4482758620689655,0.5172413793103449
28,6,0.4482758620689655,0.5172413793103449
28,7,0.4482758620689655,0.5172413793103449
28,8,0.5517241379310345,0.5172413793103449
28,9,0.4482758620689655,0.5172413793103449
28,10,0.4482758620689655,0.5172413793103449
28,11,0.5517241379310345,0.5172413793103449
28,12,0.5517241379310345,0.5172413793103449
28,13,0.5517241379310345,0.5172413793103449
28,14,0.5517241379310345,0.48275862068965514
28,15,0.4482758620689655,0.5172413793103449
28,16,0.4482758620689655,0.5172413793103449
28,17,0.5517241379310345,0.48275862068965514
28,18,0.5517241379310345,0.5172413793103449
28,19,0.4482758620689655,0.48275862068965514
28,20,0.5517241379310345,0.48275862068965514
28,21,0.5517241379310345,0.48275862068965514
28,22,0.5517241379310345,0.5172413793103449
28,23,0.5517241379310345,0.48275862068965514
28,24,0.4482758620689655,0.48275862068965514
28,25,0.5517241379310345,0.48275862068965514
28,26,0.5517241379310345,0.48275862068965514
28,27,0.5517241379310345,0.48275862068965514
28,28,0.4482758620689655,0.48275862068965514
28,29,0.4482758620689655,0.48275862068965514
28,30,0.5517241379310345,0.48275862068965514
29,1,0.5,0.5
29,2,0.41379310344827586,0.4827586206896552
29,3,0.5862068965517242,0.4827586206896552
29,4,0.41379310344827586,0.5172413793103448
29,5,0.5862068965517242,0.4827586206896552
29,6,0.41379310344827586,0.4827586206896552
29,7,0.5862068965517242,0.4827586206896552
29,8,0.5862068965517242,0.4827586206896552
29,9,0.41379310344827586,0.4827586206896552
29,10,0.41379310344827586,0.4827586206896552
29,11,0.41379310344827586,0.4827586206896552
29,12,0.41379310344827586,0.4827586206896552
29,13,0.5862068965517242,0.4827586206896552
29,14,0.5862068965517242,0.5172413793103448
29,15,0.41379310344827586,0.4827586206896552
29,16,0.41379310344827586,0.4827586206896552
29,17,0.41379310344827586,0.5172413793103448
29,18,0.41379310344827586,0.5172413793103448
29,19,0.41379310344827586,0.4827586206896552
29,20,0.41379310344827586,0.5172413793103448
29,21,0.41379310344827586,0.5172413793103448
29,22,0.5862068965517242,0.4827586206896552
29,23,0.41379310344827586,0.5172413793103448
29,24,0.41379310344827586,0.5172413793103448
29,25,0.5862068965517242,0.5172413793103448
29,26,0.41379310344827586,0.4827586206896552
29,27,0.5862068965517242,0.4827586206896552
29,28,0.41379310344827586,0.4827586206896552
29,29,0.5862068965517242,0.5172413793103448
29,30,0.41379310344827586,0.4827586206896552
30,1,0.5,0.5
30,2,0.2068965517241379,0.4482758620689655
30,3,0.2068965517241379,0.5517241379310345
30,4,0.2068965517241379,0.4482758620689655
30,5,0.2068965517241379,0.5517241379310345
30,6,0.2068965517241379,0.5517241379310345
30,7,0.2068965517241379,0.5517241379310345
30,8,0.7931034482758621,0.4482758620689655
30,9,0.2068965517241379,0.5517241379310345
30,10,0.7931034482758621,0.5517241379310345
30,11,0.2068965517241379,0.5517241379310345
30,12,0.7931034482758621,0.5517241379310345
30,13,0.7931034482758621,0.4482758620689655
30,14,0.7931034482758621,0.4482758620689655
30,15,0.7931034482758621,0.5517241379310345
30,16,0.7931034482758621,0.5517241379310345
30,17,0.7931034482758621,0.5517241379310345
30,18,0.7931034482758621,0.4482758620689655
30,19,0.7931034482758621,0.4482758620689655
30,20,0.7931034482758621,0.4482758620689655
30,21,0.7931034482758621,0.4482758620689655
30,22,0.7931034482758621,0.4482758620689655
30,23,0.7931034482758621,0.4482758620689655
30,24,0.7931034482758621,0.5517241379310345
30,25,0.7931034482758621,0.4482758620689655
30,26,0.2068965517241379,0.4482758620689655
30,27,0.2068965517241379,0.5517241379310345
30,28,0.2068965517241379,0.4482758620689655
30,29,0.2068965517241379,0.4482758620689655
30,30,0.2068965517241379,0.4482758620689655
31,1,0.5,0.5
31,2,0.2068965517241379,0.7586206896551724
31,3,0.7931034482758621,0.7586206896551724
31,4,0.7931034482758621,0.7586206896551724
31,5,0.7931034482758621,0.7586206896551724
31,6,0.7931034482758621,0.7586206896551724
31,7,0.7931034482758621,0.7586206896551724
31,8,0.2068965517241379,0.7586206896551724
31,9,0.7931034482758621,0.7586206896551724
31,10,0.7931034482758621,0.7586206896551724
31,11,0.7931034482758621,0.7586206896551724
31,12,0.7931034482758621,0.7586206896551724
31,13,0.7931034482758621,0.7586206896551724
31,14,0.7931034482758621,0.7586206896551724
31,15,0.7931034482758621,0.7586206896551724
31,16,0.7931034482758621,0.7586206896551724
31,17,0.7931034482758621,0.7586206896551724
31,18,0.7931034482758621,0.24137931034482762
31,19,0.7931034482758621,0.7586206896551724
31,20,0.7931034482758621,0.24137931034482762
31,21,0.7931034482758621,0.24137931034482762
31,22,0.7931034482758621,0.7586206896551724
31,23,0.7931034482758621,0.24137931034482762
31,24,0.7931034482758621,0.24137931034482762
31,25,0.2068965517241379,0.24137931034482762
31,26,0.2068965517241379,0.24137931034482762
31,27,0.7931034482758621,0.24137931034482762
31,28,0.7931034482758621,0.24137931034482762
31,29,0.2068965517241379,0.24137931034482762
31,30,0.2068965517241379,0.24137931034482762
