participant_id,trial_index,ground_truth,nll,top2
39,1,W,0.38687101006507874,"[('W', 0.6791786551475525), ('D', 0.3208213150501251)]"
39,2,W,0.6931471824645996,"[('W', 0.5), ('D', 0.5)]"
39,3,W,0.3132617473602295,"[('W', 0.7310584783554077), ('D', 0.26894140243530273)]"
39,4,W,0.12692804634571075,"[('W', 0.8807970285415649), ('D', 0.11920291185379028)]"
39,5,D,2.3502066135406494,"[('W', 0.9046505093574524), ('D', 0.09534946084022522)]"
39,6,W,0.9740769863128662,"[('D', 0.622459352016449), ('W', 0.3775406777858734)]"
39,7,D,2.1269280910491943,"[('W', 0.8807970285415649), ('D', 0.11920291185379028)]"
39,8,D,1.6004126071929932,"[('W', 0.7981867790222168), ('D', 0.2018132209777832)]"
39,9,W,0.6325989961624146,"[('W', 0.531209409236908), ('D', 0.4687906503677368)]"
39,10,W,0.2014133334159851,"[('W', 0.8175744414329529), ('D', 0.18242549896240234)]"
39,11,W,0.3484445810317993,"[('W', 0.7057850360870361), ('D', 0.29421499371528625)]"
39,12,W,0.28115010261535645,"[('W', 0.7549149990081787), ('D', 0.24508503079414368)]"
39,13,D,0.825939416885376,"[('W', 0.562176525592804), ('D', 0.43782350420951843)]"
39,14,D,0.8981232643127441,"[('W', 0.5926665663719177), ('D', 0.4073334038257599)]"
39,15,W,0.5231232643127441,"[('W', 0.5926665663719177), ('D', 0.4073334038257599)]"
39,16,W,0.12692804634571075,"[('W', 0.8807970285415649), ('D', 0.11920291185379028)]"
39,17,D,2.578889846801758,"[('W', 0.9241418242454529), ('D', 0.07585817575454712)]"
39,18,W,0.25192904472351074,"[('W', 0.7772998809814453), ('D', 0.22270016372203827)]"
39,19,D,0.4740769863128662,"[('D', 0.622459352016449), ('W', 0.3775406777858734)]"
39,20,W,0.25192904472351074,"[('W', 0.7772998809814453), ('D', 0.22270016372203827)]"
39,21,W,0.25192904472351074,"[('W', 0.7772998809814453), ('D', 0.22270016372203827)]"
39,22,D,0.575939416885376,"[('D', 0.562176525592804), ('W', 0.43782350420951843)]"
39,23,W,0.6931471824645996,"[('W', 0.5), ('D', 0.5)]"
39,24,D,1.0537006855010986,"[('W', 0.6513548493385315), ('D', 0.3486451208591461)]"
39,25,W,0.8981232643127441,"[('D', 0.5926665663719177), ('W', 0.4073334038257599)]"
39,26,D,0.25192904472351074,"[('D', 0.7772998809814453), ('W', 0.22270016372203827)]"
39,27,W,1.2234445810317993,"[('D', 0.7057850360870361), ('W', 0.29421499371528625)]"
39,28,D,1.2234445810317993,"[('W', 0.7057850360870361), ('D', 0.29421499371528625)]"
39,29,W,0.6931471824645996,"[('W', 0.5), ('D', 0.5)]"
39,30,D,0.42870065569877625,"[('D', 0.6513548493385315), ('W', 0.3486451208591461)]"
39,31,D,0.6931471824645996,"[('W', 0.5), ('D', 0.5)]"
39,32,D,0.825939416885376,"[('W', 0.562176525592804), ('D', 0.43782350420951843)]"
39,33,D,0.6325989961624146,"[('D', 0.531209409236908), ('W', 0.4687906503677368)]"
39,34,D,0.38687101006507874,"[('D', 0.6791786551475525), ('W', 0.3208213150501251)]"
39,35,D,1.6004126071929932,"[('W', 0.7981867790222168), ('D', 0.2018132209777832)]"
39,36,W,0.7575989961624146,"[('D', 0.531209409236908), ('W', 0.4687906503677368)]"
39,37,W,0.825939416885376,"[('D', 0.562176525592804), ('W', 0.43782350420951843)]"
39,38,W,0.825939416885376,"[('D', 0.562176525592804), ('W', 0.43782350420951843)]"
39,39,W,0.6325989961624146,"[('W', 0.531209409236908), ('D', 0.4687906503677368)]"
39,40,W,0.4740769863128662,"[('W', 0.622459352016449), ('D', 0.3775406777858734)]"
39,41,W,0.38687101006507874,"[('W', 0.6791786551475525), ('D', 0.3208213150501251)]"
39,42,D,1.8047446012496948,"[('W', 0.8354835510253906), ('D', 0.16451647877693176)]"
39,43,D,1.3132617473602295,"[('W', 0.7310584783554077), ('D', 0.26894140243530273)]"
39,44,D,0.9740769863128662,"[('W', 0.622459352016449), ('D', 0.3775406777858734)]"
39,45,D,0.575939416885376,"[('D', 0.562176525592804), ('W', 0.43782350420951843)]"
39,46,D,0.5231232643127441,"[('D', 0.5926665663719177), ('W', 0.4073334038257599)]"
39,47,W,1.2234445810317993,"[('D', 0.7057850360870361), ('W', 0.29421499371528625)]"
39,48,D,0.8981232643127441,"[('W', 0.5926665663719177), ('D', 0.4073334038257599)]"
39,49,W,0.575939416885376,"[('W', 0.562176525592804), ('D', 0.43782350420951843)]"
39,50,W,0.6325989961624146,"[('W', 0.531209409236908), ('D', 0.4687906503677368)]"
39,51,W,0.6325989961624146,"[('W', 0.531209409236908), ('D', 0.4687906503677368)]"
39,52,W,0.3484445810317993,"[('W', 0.7057850360870361), ('D', 0.29421499371528625)]"
39,53,W,0.25192904472351074,"[('W', 0.7772998809814453), ('D', 0.22270016372203827)]"
39,54,W,0.1602240949869156,"[('W', 0.851952850818634), ('D', 0.14804720878601074)]"
39,55,W,0.12692804634571075,"[('W', 0.8807970285415649), ('D', 0.11920291185379028)]"
39,56,W,0.575939416885376,"[('W', 0.562176525592804), ('D', 0.43782350420951843)]"
39,57,W,0.4740769863128662,"[('W', 0.622459352016449), ('D', 0.3775406777858734)]"
39,58,W,0.3484445810317993,"[('W', 0.7057850360870361), ('D', 0.29421499371528625)]"
39,59,D,1.4061501026153564,"[('W', 0.7549149990081787), ('D', 0.24508503079414368)]"
39,60,D,0.575939416885376,"[('D', 0.562176525592804), ('W', 0.43782350420951843)]"
39,61,D,0.25192904472351074,"[('D', 0.7772998809814453), ('W', 0.22270016372203827)]"
39,62,W,1.3132617473602295,"[('D', 0.7310584783554077), ('W', 0.26894140243530273)]"
39,63,W,0.42870065569877625,"[('W', 0.6513548493385315), ('D', 0.3486451208591461)]"
39,64,W,0.28115010261535645,"[('W', 0.7549149990081787), ('D', 0.24508503079414368)]"
39,65,D,1.3132617473602295,"[('W', 0.7310584783554077), ('D', 0.26894140243530273)]"
39,66,W,1.2234445810317993,"[('D', 0.7057850360870361), ('W', 0.29421499371528625)]"
39,67,D,0.6931471824645996,"[('W', 0.5), ('D', 0.5)]"
39,68,D,0.575939416885376,"[('D', 0.562176525592804), ('W', 0.43782350420951843)]"
39,69,D,1.0537006855010986,"[('W', 0.6513548493385315), ('D', 0.3486451208591461)]"
39,70,D,0.6325989961624146,"[('D', 0.531209409236908), ('W', 0.4687906503677368)]"
39,71,D,0.4740769863128662,"[('D', 0.622459352016449), ('W', 0.3775406777858734)]"
39,72,W,0.8981232643127441,"[('D', 0.5926665663719177), ('W', 0.4073334038257599)]"
39,73,W,0.28115010261535645,"[('W', 0.7549149990081787), ('D', 0.24508503079414368)]"
39,74,W,0.07888974994421005,"[('W', 0.9241418242454529), ('D', 0.07585817575454712)]"
39,75,W,0.6931471824645996,"[('W', 0.5), ('D', 0.5)]"
39,76,W,0.6931471824645996,"[('W', 0.5), ('D', 0.5)]"
39,77,W,0.575939416885376,"[('W', 0.562176525592804), ('D', 0.43782350420951843)]"
39,78,W,0.575939416885376,"[('W', 0.562176525592804), ('D', 0.43782350420951843)]"
39,79,W,0.28115010261535645,"[('W', 0.7549149990081787), ('D', 0.24508503079414368)]"
39,80,D,1.4061501026153564,"[('W', 0.7549149990081787), ('D', 0.24508503079414368)]"
39,81,D,0.6931471824645996,"[('W', 0.5), ('D', 0.5)]"
39,82,D,0.575939416885376,"[('D', 0.562176525592804), ('W', 0.43782350420951843)]"
39,83,D,0.7575989961624146,"[('W', 0.531209409236908), ('D', 0.4687906503677368)]"
39,84,W,0.6325989961624146,"[('W', 0.531209409236908), ('D', 0.4687906503677368)]"
39,85,W,0.22541262209415436,"[('W', 0.7981867790222168), ('D', 0.2018132209777832)]"
39,86,W,0.25192904472351074,"[('W', 0.7772998809814453), ('D', 0.22270016372203827)]"
39,87,W,0.3132617473602295,"[('W', 0.7310584783554077), ('D', 0.26894140243530273)]"
39,88,W,0.38687101006507874,"[('W', 0.6791786551475525), ('D', 0.3208213150501251)]"
39,89,W,0.3484445810317993,"[('W', 0.7057850360870361), ('D', 0.29421499371528625)]"
39,90,W,0.4740769863128662,"[('W', 0.622459352016449), ('D', 0.3775406777858734)]"
39,91,D,1.6004126071929932,"[('W', 0.7981867790222168), ('D', 0.2018132209777832)]"
39,92,W,1.2234445810317993,"[('D', 0.7057850360870361), ('W', 0.29421499371528625)]"
39,93,D,0.4740769863128662,"[('D', 0.622459352016449), ('W', 0.3775406777858734)]"
39,94,D,0.5231232643127441,"[('D', 0.5926665663719177), ('W', 0.4073334038257599)]"
39,95,D,0.3132617473602295,"[('D', 0.7310584783554077), ('W', 0.26894140243530273)]"
39,96,D,0.575939416885376,"[('D', 0.562176525592804), ('W', 0.43782350420951843)]"
39,97,W,0.8981232643127441,"[('D', 0.5926665663719177), ('W', 0.4073334038257599)]"
39,98,D,0.7575989961624146,"[('W', 0.531209409236908), ('D', 0.4687906503677368)]"
39,99,D,0.42870065569877625,"[('D', 0.6513548493385315), ('W', 0.3486451208591461)]"
39,100,W,1.0537006855010986,"[('D', 0.6513548493385315), ('W', 0.3486451208591461)]"
39,101,D,0.825939416885376,"[('W', 0.562176525592804), ('D', 0.43782350420951843)]"
39,102,W,1.5019290447235107,"[('D', 0.7772998809814453), ('W', 0.22270016372203827)]"
39,103,D,0.28115010261535645,"[('D', 0.7549149990081787), ('W', 0.24508503079414368)]"
39,104,D,0.9740769863128662,"[('W', 0.622459352016449), ('D', 0.3775406777858734)]"
39,105,D,0.38687101006507874,"[('D', 0.6791786551475525), ('W', 0.3208213150501251)]"
39,106,D,0.3132617473602295,"[('D', 0.7310584783554077), ('W', 0.26894140243530273)]"
39,107,D,0.4740769863128662,"[('D', 0.622459352016449), ('W', 0.3775406777858734)]"
39,108,W,1.4061501026153564,"[('D', 0.7549149990081787), ('W', 0.24508503079414368)]"
39,109,D,0.3132617473602295,"[('D', 0.7310584783554077), ('W', 0.26894140243530273)]"
39,110,D,0.575939416885376,"[('D', 0.562176525592804), ('W', 0.43782350420951843)]"
39,111,D,0.3132617473602295,"[('D', 0.7310584783554077), ('W', 0.26894140243530273)]"
39,112,W,1.3132617473602295,"[('D', 0.7310584783554077), ('W', 0.26894140243530273)]"
39,113,D,0.3132617473602295,"[('D', 0.7310584783554077), ('W', 0.26894140243530273)]"
39,114,W,1.3132617473602295,"[('D', 0.7310584783554077), ('W', 0.26894140243530273)]"
39,115,D,0.1602240949869156,"[('D', 0.851952850818634), ('W', 0.14804720878601074)]"
39,116,D,0.7575989961624146,"[('W', 0.531209409236908), ('D', 0.4687906503677368)]"
39,117,D,0.5231232643127441,"[('D', 0.5926665663719177), ('W', 0.4073334038257599)]"
39,118,D,0.38687101006507874,"[('D', 0.6791786551475525), ('W', 0.3208213150501251)]"
39,119,W,1.3132617473602295,"[('D', 0.7310584783554077), ('W', 0.26894140243530273)]"
39,120,D,0.4740769863128662,"[('D', 0.622459352016449), ('W', 0.3775406777858734)]"
39,121,W,1.1368709802627563,"[('D', 0.6791786551475525), ('W', 0.3208213150501251)]"
39,122,D,1.1368709802627563,"[('W', 0.6791786551475525), ('D', 0.3208213150501251)]"
39,123,D,0.5231232643127441,"[('D', 0.5926665663719177), ('W', 0.4073334038257599)]"
39,124,W,0.8981232643127441,"[('D', 0.5926665663719177), ('W', 0.4073334038257599)]"
39,125,D,0.25192904472351074,"[('D', 0.7772998809814453), ('W', 0.22270016372203827)]"
39,126,W,0.825939416885376,"[('D', 0.562176525592804), ('W', 0.43782350420951843)]"
39,127,W,1.7014133930206299,"[('D', 0.8175744414329529), ('W', 0.18242549896240234)]"
39,128,D,0.42870065569877625,"[('D', 0.6513548493385315), ('W', 0.3486451208591461)]"
39,129,W,0.42870065569877625,"[('W', 0.6513548493385315), ('D', 0.3486451208591461)]"
39,130,D,0.825939416885376,"[('W', 0.562176525592804), ('D', 0.43782350420951843)]"
39,131,W,0.42870065569877625,"[('W', 0.6513548493385315), ('D', 0.3486451208591461)]"
39,132,W,0.825939416885376,"[('D', 0.562176525592804), ('W', 0.43782350420951843)]"
39,133,W,0.4740769863128662,"[('W', 0.622459352016449), ('D', 0.3775406777858734)]"
39,134,D,1.6004126071929932,"[('W', 0.7981867790222168), ('D', 0.2018132209777832)]"
39,135,D,0.7575989961624146,"[('W', 0.531209409236908), ('D', 0.4687906503677368)]"
39,136,D,0.5231232643127441,"[('D', 0.5926665663719177), ('W', 0.4073334038257599)]"
39,137,D,0.6931471824645996,"[('W', 0.5), ('D', 0.5)]"
39,138,W,0.825939416885376,"[('D', 0.562176525592804), ('W', 0.43782350420951843)]"
39,139,D,0.38687101006507874,"[('D', 0.6791786551475525), ('W', 0.3208213150501251)]"
39,140,D,0.3484445810317993,"[('D', 0.7057850360870361), ('W', 0.29421499371528625)]"
39,141,D,0.4740769863128662,"[('D', 0.622459352016449), ('W', 0.3775406777858734)]"
39,142,D,0.3484445810317993,"[('D', 0.7057850360870361), ('W', 0.29421499371528625)]"
39,143,D,0.38687101006507874,"[('D', 0.6791786551475525), ('W', 0.3208213150501251)]"
39,144,D,0.38687101006507874,"[('D', 0.6791786551475525), ('W', 0.3208213150501251)]"
39,145,D,0.3132617473602295,"[('D', 0.7310584783554077), ('W', 0.26894140243530273)]"
39,146,D,0.28115010261535645,"[('D', 0.7549149990081787), ('W', 0.24508503079414368)]"
39,147,W,1.1368709802627563,"[('D', 0.6791786551475525), ('W', 0.3208213150501251)]"
39,148,W,0.6931471824645996,"[('W', 0.5), ('D', 0.5)]"
39,149,D,0.7575989961624146,"[('W', 0.531209409236908), ('D', 0.4687906503677368)]"
39,150,D,0.6931471824645996,"[('W', 0.5), ('D', 0.5)]"
39,151,D,0.575939416885376,"[('D', 0.562176525592804), ('W', 0.43782350420951843)]"
39,152,D,0.42870065569877625,"[('D', 0.6513548493385315), ('W', 0.3486451208591461)]"
39,153,D,0.6931471824645996,"[('W', 0.5), ('D', 0.5)]"
39,154,W,0.4740769863128662,"[('W', 0.622459352016449), ('D', 0.3775406777858734)]"
39,155,W,0.28115010261535645,"[('W', 0.7549149990081787), ('D', 0.24508503079414368)]"
39,156,W,0.22541262209415436,"[('W', 0.7981867790222168), ('D', 0.2018132209777832)]"
39,157,D,1.4061501026153564,"[('W', 0.7549149990081787), ('D', 0.24508503079414368)]"
39,158,D,1.2234445810317993,"[('W', 0.7057850360870361), ('D', 0.29421499371528625)]"
39,159,W,0.3484445810317993,"[('W', 0.7057850360870361), ('D', 0.29421499371528625)]"
39,160,W,0.825939416885376,"[('D', 0.562176525592804), ('W', 0.43782350420951843)]"
39,161,W,0.42870065569877625,"[('W', 0.6513548493385315), ('D', 0.3486451208591461)]"
39,162,D,0.6931471824645996,"[('W', 0.5), ('D', 0.5)]"
39,163,D,0.38687101006507874,"[('D', 0.6791786551475525), ('W', 0.3208213150501251)]"
39,164,D,0.42870065569877625,"[('D', 0.6513548493385315), ('W', 0.3486451208591461)]"
39,165,D,0.38687101006507874,"[('D', 0.6791786551475525), ('W', 0.3208213150501251)]"
39,166,D,0.4740769863128662,"[('D', 0.622459352016449), ('W', 0.3775406777858734)]"
39,167,D,0.28115010261535645,"[('D', 0.7549149990081787), ('W', 0.24508503079414368)]"
39,168,D,0.2014133334159851,"[('D', 0.8175744414329529), ('W', 0.18242549896240234)]"
39,169,D,0.28115010261535645,"[('D', 0.7549149990081787), ('W', 0.24508503079414368)]"
39,170,D,0.25192904472351074,"[('D', 0.7772998809814453), ('W', 0.22270016372203827)]"
39,171,D,0.25192904472351074,"[('D', 0.7772998809814453), ('W', 0.22270016372203827)]"
39,172,D,0.28115010261535645,"[('D', 0.7549149990081787), ('W', 0.24508503079414368)]"
39,173,D,0.2014133334159851,"[('D', 0.8175744414329529), ('W', 0.18242549896240234)]"
39,174,D,0.1602240949869156,"[('D', 0.851952850818634), ('W', 0.14804720878601074)]"
39,175,W,1.5019290447235107,"[('D', 0.7772998809814453), ('W', 0.22270016372203827)]"
39,176,W,0.6931471824645996,"[('W', 0.5), ('D', 0.5)]"
39,177,D,0.5231232643127441,"[('D', 0.5926665663719177), ('W', 0.4073334038257599)]"
39,178,D,1.2234445810317993,"[('W', 0.7057850360870361), ('D', 0.29421499371528625)]"
39,179,D,0.42870065569877625,"[('D', 0.6513548493385315), ('W', 0.3486451208591461)]"
39,180,D,0.10020658373832703,"[('D', 0.9046505093574524), ('W', 0.09534946084022522)]"
39,181,D,0.10020658373832703,"[('D', 0.9046505093574524), ('W', 0.09534946084022522)]"
39,182,D,0.22541262209415436,"[('D', 0.7981867790222168), ('W', 0.2018132209777832)]"
39,183,D,0.28115010261535645,"[('D', 0.7549149990081787), ('W', 0.24508503079414368)]"
39,184,D,0.10020658373832703,"[('D', 0.9046505093574524), ('W', 0.09534946084022522)]"
39,185,D,1.0537006855010986,"[('W', 0.6513548493385315), ('D', 0.3486451208591461)]"
39,186,D,0.575939416885376,"[('D', 0.562176525592804), ('W', 0.43782350420951843)]"
39,187,D,0.42870065569877625,"[('D', 0.6513548493385315), ('W', 0.3486451208591461)]"
39,188,D,0.12692804634571075,"[('D', 0.8807970285415649), ('W', 0.11920291185379028)]"
39,189,D,0.07888974994421005,"[('D', 0.9241418242454529), ('W', 0.07585817575454712)]"
39,190,D,0.12692804634571075,"[('D', 0.8807970285415649), ('W', 0.11920291185379028)]"
39,191,D,0.1602240949869156,"[('D', 0.851952850818634), ('W', 0.14804720878601074)]"
39,192,D,0.07888974994421005,"[('D', 0.9241418242454529), ('W', 0.07585817575454712)]"
39,193,D,0.25192904472351074,"[('D', 0.7772998809814453), ('W', 0.22270016372203827)]"
39,194,W,1.9102240800857544,"[('D', 0.851952850818634), ('W', 0.14804720878601074)]"
39,195,W,0.9740769863128662,"[('D', 0.622459352016449), ('W', 0.3775406777858734)]"
39,196,D,0.575939416885376,"[('D', 0.562176525592804), ('W', 0.43782350420951843)]"
39,197,W,1.7014133930206299,"[('D', 0.8175744414329529), ('W', 0.18242549896240234)]"
39,198,W,1.7014133930206299,"[('D', 0.8175744414329529), ('W', 0.18242549896240234)]"
39,199,D,0.3484445810317993,"[('D', 0.7057850360870361), ('W', 0.29421499371528625)]"
39,200,D,0.2014133334159851,"[('D', 0.8175744414329529), ('W', 0.18242549896240234)]"
39,201,D,0.22541262209415436,"[('D', 0.7981867790222168), ('W', 0.2018132209777832)]"
39,202,D,0.22541262209415436,"[('D', 0.7981867790222168), ('W', 0.2018132209777832)]"
39,203,D,0.12692804634571075,"[('D', 0.8807970285415649), ('W', 0.11920291185379028)]"
39,204,D,0.10020658373832703,"[('D', 0.9046505093574524), ('W', 0.09534946084022522)]"
39,205,D,0.42870065569877625,"[('D', 0.6513548493385315), ('W', 0.3486451208591461)]"
39,206,D,1.0537006855010986,"[('W', 0.6513548493385315), ('D', 0.3486451208591461)]"
39,207,D,0.6325989961624146,"[('D', 0.531209409236908), ('W', 0.4687906503677368)]"
39,208,D,0.28115010261535645,"[('D', 0.7549149990081787), ('W', 0.24508503079414368)]"
39,209,W,0.9740769863128662,"[('D', 0.622459352016449), ('W', 0.3775406777858734)]"
39,210,D,0.7575989961624146,"[('W', 0.531209409236908), ('D', 0.4687906503677368)]"
39,211,W,1.2234445810317993,"[('D', 0.7057850360870361), ('W', 0.29421499371528625)]"
39,212,W,0.8981232643127441,"[('D', 0.5926665663719177), ('W', 0.4073334038257599)]"
39,213,D,0.6325989961624146,"[('D', 0.531209409236908), ('W', 0.4687906503677368)]"
39,214,D,0.38687101006507874,"[('D', 0.6791786551475525), ('W', 0.3208213150501251)]"
39,215,D,0.4740769863128662,"[('D', 0.622459352016449), ('W', 0.3775406777858734)]"
39,216,D,0.3484445810317993,"[('D', 0.7057850360870361), ('W', 0.29421499371528625)]"
39,217,D,0.10020658373832703,"[('D', 0.9046505093574524), ('W', 0.09534946084022522)]"
39,218,W,2.2378222942352295,"[('D', 0.893309473991394), ('W', 0.10669059306383133)]"
39,219,W,0.825939416885376,"[('D', 0.562176525592804), ('W', 0.43782350420951843)]"
39,220,D,0.5231232643127441,"[('D', 0.5926665663719177), ('W', 0.4073334038257599)]"
39,221,D,0.6325989961624146,"[('D', 0.531209409236908), ('W', 0.4687906503677368)]"
39,222,W,0.6931471824645996,"[('W', 0.5), ('D', 0.5)]"
39,223,W,0.5231232643127441,"[('W', 0.5926665663719177), ('D', 0.4073334038257599)]"
39,224,W,0.42870065569877625,"[('W', 0.6513548493385315), ('D', 0.3486451208591461)]"
39,225,D,1.2234445810317993,"[('W', 0.7057850360870361), ('D', 0.29421499371528625)]"
39,226,D,0.7575989961624146,"[('W', 0.531209409236908), ('D', 0.4687906503677368)]"
39,227,D,0.7575989961624146,"[('W', 0.531209409236908), ('D', 0.4687906503677368)]"
39,228,W,0.8981232643127441,"[('D', 0.5926665663719177), ('W', 0.4073334038257599)]"
39,229,D,0.7575989961624146,"[('W', 0.531209409236908), ('D', 0.4687906503677368)]"
39,230,D,0.28115010261535645,"[('D', 0.7549149990081787), ('W', 0.24508503079414368)]"
39,231,D,0.3132617473602295,"[('D', 0.7310584783554077), ('W', 0.26894140243530273)]"
39,232,D,0.2014133334159851,"[('D', 0.8175744414329529), ('W', 0.18242549896240234)]"
39,233,D,0.14267508685588837,"[('D', 0.8670357465744019), ('W', 0.13296423852443695)]"
39,234,D,0.6325989961624146,"[('D', 0.531209409236908), ('W', 0.4687906503677368)]"
39,235,D,0.575939416885376,"[('D', 0.562176525592804), ('W', 0.43782350420951843)]"
39,236,D,0.5231232643127441,"[('D', 0.5926665663719177), ('W', 0.4073334038257599)]"
39,237,D,0.6325989961624146,"[('D', 0.531209409236908), ('W', 0.4687906503677368)]"
39,238,D,0.6325989961624146,"[('D', 0.531209409236908), ('W', 0.4687906503677368)]"
39,239,D,0.38687101006507874,"[('D', 0.6791786551475525), ('W', 0.3208213150501251)]"
39,240,W,0.9740769863128662,"[('D', 0.622459352016449), ('W', 0.3775406777858734)]"
39,241,D,0.575939416885376,"[('D', 0.562176525592804), ('W', 0.43782350420951843)]"
39,242,D,0.42870065569877625,"[('D', 0.6513548493385315), ('W', 0.3486451208591461)]"
39,243,D,0.1602240949869156,"[('D', 0.851952850818634), ('W', 0.14804720878601074)]"
39,244,D,0.12692804634571075,"[('D', 0.8807970285415649), ('W', 0.11920291185379028)]"
39,245,D,0.1797446459531784,"[('D', 0.8354835510253906), ('W', 0.16451647877693176)]"
39,246,D,0.12692804634571075,"[('D', 0.8807970285415649), ('W', 0.11920291185379028)]"
39,247,D,0.04858732968568802,"[('D', 0.9525741338729858), ('W', 0.047425877302885056)]"
39,248,W,0.7575989961624146,"[('D', 0.531209409236908), ('W', 0.4687906503677368)]"
39,249,D,0.9740769863128662,"[('W', 0.622459352016449), ('D', 0.3775406777858734)]"
39,250,D,0.28115010261535645,"[('D', 0.7549149990081787), ('W', 0.24508503079414368)]"
39,251,W,1.7014133930206299,"[('D', 0.8175744414329529), ('W', 0.18242549896240234)]"
39,252,W,0.7575989961624146,"[('D', 0.531209409236908), ('W', 0.4687906503677368)]"
39,253,D,0.6325989961624146,"[('D', 0.531209409236908), ('W', 0.4687906503677368)]"
39,254,W,0.8981232643127441,"[('D', 0.5926665663719177), ('W', 0.4073334038257599)]"
39,255,D,1.0537006855010986,"[('W', 0.6513548493385315), ('D', 0.3486451208591461)]"
39,256,W,0.7575989961624146,"[('D', 0.531209409236908), ('W', 0.4687906503677368)]"
39,257,W,0.4740769863128662,"[('W', 0.622459352016449), ('D', 0.3775406777858734)]"
39,258,D,0.8981232643127441,"[('W', 0.5926665663719177), ('D', 0.4073334038257599)]"
39,259,D,0.3484445810317993,"[('D', 0.7057850360870361), ('W', 0.29421499371528625)]"
39,260,D,0.3132617473602295,"[('D', 0.7310584783554077), ('W', 0.26894140243530273)]"
39,261,D,0.28115010261535645,"[('D', 0.7549149990081787), ('W', 0.24508503079414368)]"
39,262,D,0.22541262209415436,"[('D', 0.7981867790222168), ('W', 0.2018132209777832)]"
39,263,D,0.11282224208116531,"[('D', 0.893309473991394), ('W', 0.10669059306383133)]"
39,264,D,0.825939416885376,"[('W', 0.562176525592804), ('D', 0.43782350420951843)]"
39,265,W,0.825939416885376,"[('D', 0.562176525592804), ('W', 0.43782350420951843)]"
39,266,W,0.42870065569877625,"[('W', 0.6513548493385315), ('D', 0.3486451208591461)]"
39,267,D,0.8981232643127441,"[('W', 0.5926665663719177), ('D', 0.4073334038257599)]"
39,268,D,0.28115010261535645,"[('D', 0.7549149990081787), ('W', 0.24508503079414368)]"
39,269,D,0.1602240949869156,"[('D', 0.851952850818634), ('W', 0.14804720878601074)]"
39,270,D,0.14267508685588837,"[('D', 0.8670357465744019), ('W', 0.13296423852443695)]"
39,271,D,0.6325989961624146,"[('D', 0.531209409236908), ('W', 0.4687906503677368)]"
39,272,D,0.3484445810317993,"[('D', 0.7057850360870361), ('W', 0.29421499371528625)]"
39,273,D,0.3132617473602295,"[('D', 0.7310584783554077), ('W', 0.26894140243530273)]"
39,274,D,0.3484445810317993,"[('D', 0.7057850360870361), ('W', 0.29421499371528625)]"
39,275,D,0.25192904472351074,"[('D', 0.7772998809814453), ('W', 0.22270016372203827)]"
39,276,D,0.10020658373832703,"[('D', 0.9046505093574524), ('W', 0.09534946084022522)]"
39,277,D,0.28115010261535645,"[('D', 0.7549149990081787), ('W', 0.24508503079414368)]"
39,278,D,0.7575989961624146,"[('W', 0.531209409236908), ('D', 0.4687906503677368)]"
39,279,D,0.25192904472351074,"[('D', 0.7772998809814453), ('W', 0.22270016372203827)]"
39,280,D,0.2014133334159851,"[('D', 0.8175744414329529), ('W', 0.18242549896240234)]"
39,281,D,0.1602240949869156,"[('D', 0.851952850818634), ('W', 0.14804720878601074)]"
39,282,D,0.10020658373832703,"[('D', 0.9046505093574524), ('W', 0.09534946084022522)]"
39,283,D,0.03804141283035278,"[('D', 0.9626731276512146), ('W', 0.037326887249946594)]"
39,284,W,0.6325989961624146,"[('W', 0.531209409236908), ('D', 0.4687906503677368)]"
39,285,D,1.2234445810317993,"[('W', 0.7057850360870361), ('D', 0.29421499371528625)]"
39,286,D,0.28115010261535645,"[('D', 0.7549149990081787), ('W', 0.24508503079414368)]"
39,287,D,0.10020658373832703,"[('D', 0.9046505093574524), ('W', 0.09534946084022522)]"
39,288,D,0.04858732968568802,"[('D', 0.9525741338729858), ('W', 0.047425877302885056)]"
39,289,D,0.03804141283035278,"[('D', 0.9626731276512146), ('W', 0.037326887249946594)]"
39,290,D,0.3132617473602295,"[('D', 0.7310584783554077), ('W', 0.26894140243530273)]"
39,291,W,1.4061501026153564,"[('D', 0.7549149990081787), ('W', 0.24508503079414368)]"
39,292,W,0.825939416885376,"[('D', 0.562176525592804), ('W', 0.43782350420951843)]"
39,293,W,0.3132617473602295,"[('W', 0.7310584783554077), ('D', 0.26894140243530273)]"
39,294,W,0.25192904472351074,"[('W', 0.7772998809814453), ('D', 0.22270016372203827)]"
39,295,W,0.2014133334159851,"[('W', 0.8175744414329529), ('D', 0.18242549896240234)]"
39,296,W,0.11282224208116531,"[('W', 0.893309473991394), ('D', 0.10669059306383133)]"
39,297,D,2.811967611312866,"[('W', 0.9399133324623108), ('D', 0.06008664891123772)]"
39,298,D,0.7575989961624146,"[('W', 0.531209409236908), ('D', 0.4687906503677368)]"
39,299,W,0.7575989961624146,"[('D', 0.531209409236908), ('W', 0.4687906503677368)]"
39,300,D,1.3132617473602295,"[('W', 0.7310584783554077), ('D', 0.26894140243530273)]"
39,301,W,0.8981232643127441,"[('D', 0.5926665663719177), ('W', 0.4073334038257599)]"
39,302,D,0.8981232643127441,"[('W', 0.5926665663719177), ('D', 0.4073334038257599)]"
39,303,W,0.4740769863128662,"[('W', 0.622459352016449), ('D', 0.3775406777858734)]"
39,304,D,0.4740769863128662,"[('D', 0.622459352016449), ('W', 0.3775406777858734)]"
39,305,D,0.6325989961624146,"[('D', 0.531209409236908), ('W', 0.4687906503677368)]"
39,306,W,0.6931471824645996,"[('W', 0.5), ('D', 0.5)]"
39,307,D,0.8981232643127441,"[('W', 0.5926665663719177), ('D', 0.4073334038257599)]"
39,308,D,0.825939416885376,"[('W', 0.562176525592804), ('D', 0.43782350420951843)]"
39,309,W,0.9740769863128662,"[('D', 0.622459352016449), ('W', 0.3775406777858734)]"
39,310,W,0.825939416885376,"[('D', 0.562176525592804), ('W', 0.43782350420951843)]"
39,311,D,0.9740769863128662,"[('W', 0.622459352016449), ('D', 0.3775406777858734)]"
39,312,W,0.7575989961624146,"[('D', 0.531209409236908), ('W', 0.4687906503677368)]"
39,313,D,0.7575989961624146,"[('W', 0.531209409236908), ('D', 0.4687906503677368)]"
39,314,D,0.4740769863128662,"[('D', 0.622459352016449), ('W', 0.3775406777858734)]"
39,315,D,0.1602240949869156,"[('D', 0.851952850818634), ('W', 0.14804720878601074)]"
39,316,D,0.10020658373832703,"[('D', 0.9046505093574524), ('W', 0.09534946084022522)]"
39,317,D,0.06196761503815651,"[('D', 0.9399133324623108), ('W', 0.06008664891123772)]"
39,318,D,0.6931471824645996,"[('W', 0.5), ('D', 0.5)]"
39,319,D,0.22541262209415436,"[('D', 0.7981867790222168), ('W', 0.2018132209777832)]"
39,320,W,2.0176751613616943,"[('D', 0.8670357465744019), ('W', 0.13296423852443695)]"
39,321,D,0.7575989961624146,"[('W', 0.531209409236908), ('D', 0.4687906503677368)]"
39,322,D,0.3484445810317993,"[('D', 0.7057850360870361), ('W', 0.29421499371528625)]"
39,323,D,0.28115010261535645,"[('D', 0.7549149990081787), ('W', 0.24508503079414368)]"
39,324,W,0.825939416885376,"[('D', 0.562176525592804), ('W', 0.43782350420951843)]"
39,325,W,0.7575989961624146,"[('D', 0.531209409236908), ('W', 0.4687906503677368)]"
39,326,W,0.575939416885376,"[('W', 0.562176525592804), ('D', 0.43782350420951843)]"
39,327,D,0.7575989961624146,"[('W', 0.531209409236908), ('D', 0.4687906503677368)]"
39,328,D,0.28115010261535645,"[('D', 0.7549149990081787), ('W', 0.24508503079414368)]"
39,329,W,1.3132617473602295,"[('D', 0.7310584783554077), ('W', 0.26894140243530273)]"
39,330,D,0.6931471824645996,"[('W', 0.5), ('D', 0.5)]"
39,331,W,0.7575989961624146,"[('D', 0.531209409236908), ('W', 0.4687906503677368)]"
39,332,W,0.575939416885376,"[('W', 0.562176525592804), ('D', 0.43782350420951843)]"
39,333,D,0.7575989961624146,"[('W', 0.531209409236908), ('D', 0.4687906503677368)]"
39,334,D,0.5231232643127441,"[('D', 0.5926665663719177), ('W', 0.4073334038257599)]"
39,335,D,0.4740769863128662,"[('D', 0.622459352016449), ('W', 0.3775406777858734)]"
39,336,D,0.42870065569877625,"[('D', 0.6513548493385315), ('W', 0.3486451208591461)]"
39,337,W,1.7014133930206299,"[('D', 0.8175744414329529), ('W', 0.18242549896240234)]"
39,338,W,0.6931471824645996,"[('W', 0.5), ('D', 0.5)]"
39,339,W,1.0537006855010986,"[('D', 0.6513548493385315), ('W', 0.3486451208591461)]"
39,340,W,0.5231232643127441,"[('W', 0.5926665663719177), ('D', 0.4073334038257599)]"
39,341,W,0.4740769863128662,"[('W', 0.622459352016449), ('D', 0.3775406777858734)]"
39,342,D,1.0537006855010986,"[('W', 0.6513548493385315), ('D', 0.3486451208591461)]"
39,343,W,1.5019290447235107,"[('D', 0.7772998809814453), ('W', 0.22270016372203827)]"
39,344,D,0.7575989961624146,"[('W', 0.531209409236908), ('D', 0.4687906503677368)]"
39,345,D,0.8981232643127441,"[('W', 0.5926665663719177), ('D', 0.4073334038257599)]"
39,346,D,0.575939416885376,"[('D', 0.562176525592804), ('W', 0.43782350420951843)]"
39,347,W,0.6325989961624146,"[('W', 0.531209409236908), ('D', 0.4687906503677368)]"
39,348,D,0.825939416885376,"[('W', 0.562176525592804), ('D', 0.43782350420951843)]"
39,349,W,0.9740769863128662,"[('D', 0.622459352016449), ('W', 0.3775406777858734)]"
39,350,D,1.1368709802627563,"[('W', 0.6791786551475525), ('D', 0.3208213150501251)]"
39,351,D,0.825939416885376,"[('W', 0.562176525592804), ('D', 0.43782350420951843)]"
39,352,D,0.6325989961624146,"[('D', 0.531209409236908), ('W', 0.4687906503677368)]"
39,353,D,0.4740769863128662,"[('D', 0.622459352016449), ('W', 0.3775406777858734)]"
39,354,D,0.6931471824645996,"[('W', 0.5), ('D', 0.5)]"
39,355,D,0.5231232643127441,"[('D', 0.5926665663719177), ('W', 0.4073334038257599)]"
39,356,D,0.42870065569877625,"[('D', 0.6513548493385315), ('W', 0.3486451208591461)]"
39,357,D,0.3484445810317993,"[('D', 0.7057850360870361), ('W', 0.29421499371528625)]"
39,358,W,0.575939416885376,"[('W', 0.562176525592804), ('D', 0.43782350420951843)]"
39,359,D,0.9740769863128662,"[('W', 0.622459352016449), ('D', 0.3775406777858734)]"
39,360,W,0.7575989961624146,"[('D', 0.531209409236908), ('W', 0.4687906503677368)]"
39,361,D,0.6931471824645996,"[('W', 0.5), ('D', 0.5)]"
39,362,D,0.825939416885376,"[('W', 0.562176525592804), ('D', 0.43782350420951843)]"
39,363,D,0.4740769863128662,"[('D', 0.622459352016449), ('W', 0.3775406777858734)]"
39,364,D,0.4740769863128662,"[('D', 0.622459352016449), ('W', 0.3775406777858734)]"
39,365,W,1.5019290447235107,"[('D', 0.7772998809814453), ('W', 0.22270016372203827)]"
39,366,D,0.5231232643127441,"[('D', 0.5926665663719177), ('W', 0.4073334038257599)]"
39,367,W,0.5231232643127441,"[('W', 0.5926665663719177), ('D', 0.4073334038257599)]"
39,368,D,0.8981232643127441,"[('W', 0.5926665663719177), ('D', 0.4073334038257599)]"
39,369,W,0.8981232643127441,"[('D', 0.5926665663719177), ('W', 0.4073334038257599)]"
39,370,D,0.6931471824645996,"[('W', 0.5), ('D', 0.5)]"
39,371,W,0.6931471824645996,"[('W', 0.5), ('D', 0.5)]"
39,372,W,0.9740769863128662,"[('D', 0.622459352016449), ('W', 0.3775406777858734)]"
39,373,D,0.575939416885376,"[('D', 0.562176525592804), ('W', 0.43782350420951843)]"
39,374,D,0.4740769863128662,"[('D', 0.622459352016449), ('W', 0.3775406777858734)]"
39,375,D,0.38687101006507874,"[('D', 0.6791786551475525), ('W', 0.3208213150501251)]"
39,376,W,1.4061501026153564,"[('D', 0.7549149990081787), ('W', 0.24508503079414368)]"
39,377,W,0.575939416885376,"[('W', 0.562176525592804), ('D', 0.43782350420951843)]"
39,378,D,0.8981232643127441,"[('W', 0.5926665663719177), ('D', 0.4073334038257599)]"
39,379,D,0.42870065569877625,"[('D', 0.6513548493385315), ('W', 0.3486451208591461)]"
39,380,W,1.2234445810317993,"[('D', 0.7057850360870361), ('W', 0.29421499371528625)]"
39,381,W,0.825939416885376,"[('D', 0.562176525592804), ('W', 0.43782350420951843)]"
39,382,D,0.825939416885376,"[('W', 0.562176525592804), ('D', 0.43782350420951843)]"
39,383,W,0.7575989961624146,"[('D', 0.531209409236908), ('W', 0.4687906503677368)]"
39,384,D,0.5231232643127441,"[('D', 0.5926665663719177), ('W', 0.4073334038257599)]"
39,385,D,0.6931471824645996,"[('W', 0.5), ('D', 0.5)]"
39,386,D,0.4740769863128662,"[('D', 0.622459352016449), ('W', 0.3775406777858734)]"
39,387,W,0.825939416885376,"[('D', 0.562176525592804), ('W', 0.43782350420951843)]"
39,388,W,0.5231232643127441,"[('W', 0.5926665663719177), ('D', 0.4073334038257599)]"
39,389,D,0.42870065569877625,"[('D', 0.6513548493385315), ('W', 0.3486451208591461)]"
39,390,D,0.8981232643127441,"[('W', 0.5926665663719177), ('D', 0.4073334038257599)]"
39,391,D,0.825939416885376,"[('W', 0.562176525592804), ('D', 0.43782350420951843)]"
39,392,D,0.4740769863128662,"[('D', 0.622459352016449), ('W', 0.3775406777858734)]"
39,393,D,0.3132617473602295,"[('D', 0.7310584783554077), ('W', 0.26894140243530273)]"
39,394,D,0.6931471824645996,"[('W', 0.5), ('D', 0.5)]"
39,395,D,0.6325989961624146,"[('D', 0.531209409236908), ('W', 0.4687906503677368)]"
39,396,D,0.4740769863128662,"[('D', 0.622459352016449), ('W', 0.3775406777858734)]"
39,397,D,0.3132617473602295,"[('D', 0.7310584783554077), ('W', 0.26894140243530273)]"
39,398,D,0.25192904472351074,"[('D', 0.7772998809814453), ('W', 0.22270016372203827)]"
39,399,W,1.9102240800857544,"[('D', 0.851952850818634), ('W', 0.14804720878601074)]"
39,400,D,0.5231232643127441,"[('D', 0.5926665663719177), ('W', 0.4073334038257599)]"
39,401,D,0.42870065569877625,"[('D', 0.6513548493385315), ('W', 0.3486451208591461)]"
39,402,D,0.3132617473602295,"[('D', 0.7310584783554077), ('W', 0.26894140243530273)]"
39,403,W,1.3132617473602295,"[('D', 0.7310584783554077), ('W', 0.26894140243530273)]"
39,404,W,0.6325989961624146,"[('W', 0.531209409236908), ('D', 0.4687906503677368)]"
39,405,W,0.4740769863128662,"[('W', 0.622459352016449), ('D', 0.3775406777858734)]"
39,406,D,0.5231232643127441,"[('D', 0.5926665663719177), ('W', 0.4073334038257599)]"
39,407,D,0.42870065569877625,"[('D', 0.6513548493385315), ('W', 0.3486451208591461)]"
39,408,D,0.38687101006507874,"[('D', 0.6791786551475525), ('W', 0.3208213150501251)]"
39,409,D,0.3132617473602295,"[('D', 0.7310584783554077), ('W', 0.26894140243530273)]"
39,410,D,0.25192904472351074,"[('D', 0.7772998809814453), ('W', 0.22270016372203827)]"
39,411,W,1.7014133930206299,"[('D', 0.8175744414329529), ('W', 0.18242549896240234)]"
39,412,D,0.6325989961624146,"[('D', 0.531209409236908), ('W', 0.4687906503677368)]"
39,413,W,1.2234445810317993,"[('D', 0.7057850360870361), ('W', 0.29421499371528625)]"
39,414,W,0.7575989961624146,"[('D', 0.531209409236908), ('W', 0.4687906503677368)]"
39,415,D,0.7575989961624146,"[('W', 0.531209409236908), ('D', 0.4687906503677368)]"
39,416,D,0.4740769863128662,"[('D', 0.622459352016449), ('W', 0.3775406777858734)]"
39,417,D,0.28115010261535645,"[('D', 0.7549149990081787), ('W', 0.24508503079414368)]"
39,418,W,0.825939416885376,"[('D', 0.562176525592804), ('W', 0.43782350420951843)]"
39,419,D,0.8981232643127441,"[('W', 0.5926665663719177), ('D', 0.4073334038257599)]"
39,420,D,0.42870065569877625,"[('D', 0.6513548493385315), ('W', 0.3486451208591461)]"
39,421,D,0.28115010261535645,"[('D', 0.7549149990081787), ('W', 0.24508503079414368)]"
39,422,W,1.5019290447235107,"[('D', 0.7772998809814453), ('W', 0.22270016372203827)]"
39,423,W,0.6325989961624146,"[('W', 0.531209409236908), ('D', 0.4687906503677368)]"
39,424,W,0.42870065569877625,"[('W', 0.6513548493385315), ('D', 0.3486451208591461)]"
39,425,D,1.0537006855010986,"[('W', 0.6513548493385315), ('D', 0.3486451208591461)]"
39,426,D,0.8981232643127441,"[('W', 0.5926665663719177), ('D', 0.4073334038257599)]"
39,427,D,0.4740769863128662,"[('D', 0.622459352016449), ('W', 0.3775406777858734)]"
39,428,D,0.38687101006507874,"[('D', 0.6791786551475525), ('W', 0.3208213150501251)]"
39,429,W,1.2234445810317993,"[('D', 0.7057850360870361), ('W', 0.29421499371528625)]"
39,430,W,0.5231232643127441,"[('W', 0.5926665663719177), ('D', 0.4073334038257599)]"
39,431,W,0.2014133334159851,"[('W', 0.8175744414329529), ('D', 0.18242549896240234)]"
39,432,W,0.6325989961624146,"[('W', 0.531209409236908), ('D', 0.4687906503677368)]"
39,433,D,0.6325989961624146,"[('D', 0.531209409236908), ('W', 0.4687906503677368)]"
39,434,W,0.7575989961624146,"[('D', 0.531209409236908), ('W', 0.4687906503677368)]"
39,435,D,0.4740769863128662,"[('D', 0.622459352016449), ('W', 0.3775406777858734)]"
39,436,D,0.8981232643127441,"[('W', 0.5926665663719177), ('D', 0.4073334038257599)]"
39,437,D,0.5231232643127441,"[('D', 0.5926665663719177), ('W', 0.4073334038257599)]"
39,438,W,1.1368709802627563,"[('D', 0.6791786551475525), ('W', 0.3208213150501251)]"
39,439,W,0.4740769863128662,"[('W', 0.622459352016449), ('D', 0.3775406777858734)]"
39,440,W,0.38687101006507874,"[('W', 0.6791786551475525), ('D', 0.3208213150501251)]"
39,441,W,0.3484445810317993,"[('W', 0.7057850360870361), ('D', 0.29421499371528625)]"
39,442,W,0.3484445810317993,"[('W', 0.7057850360870361), ('D', 0.29421499371528625)]"
39,443,W,0.7575989961624146,"[('D', 0.531209409236908), ('W', 0.4687906503677368)]"
39,444,D,0.6325989961624146,"[('D', 0.531209409236908), ('W', 0.4687906503677368)]"
39,445,W,0.6325989961624146,"[('W', 0.531209409236908), ('D', 0.4687906503677368)]"
39,446,W,1.1368709802627563,"[('D', 0.6791786551475525), ('W', 0.3208213150501251)]"
39,447,D,0.825939416885376,"[('W', 0.562176525592804), ('D', 0.43782350420951843)]"
39,448,W,0.8981232643127441,"[('D', 0.5926665663719177), ('W', 0.4073334038257599)]"
39,449,D,0.5231232643127441,"[('D', 0.5926665663719177), ('W', 0.4073334038257599)]"
39,450,D,0.6931471824645996,"[('W', 0.5), ('D', 0.5)]"
39,451,D,0.4740769863128662,"[('D', 0.622459352016449), ('W', 0.3775406777858734)]"
39,452,D,0.575939416885376,"[('D', 0.562176525592804), ('W', 0.43782350420951843)]"
39,453,D,0.7575989961624146,"[('W', 0.531209409236908), ('D', 0.4687906503677368)]"
39,454,D,0.575939416885376,"[('D', 0.562176525592804), ('W', 0.43782350420951843)]"
39,455,D,0.3484445810317993,"[('D', 0.7057850360870361), ('W', 0.29421499371528625)]"
39,456,W,1.5019290447235107,"[('D', 0.7772998809814453), ('W', 0.22270016372203827)]"
39,457,W,0.6325989961624146,"[('W', 0.531209409236908), ('D', 0.4687906503677368)]"
39,458,W,0.38687101006507874,"[('W', 0.6791786551475525), ('D', 0.3208213150501251)]"
39,459,D,0.38687101006507874,"[('D', 0.6791786551475525), ('W', 0.3208213150501251)]"
39,460,W,0.8981232643127441,"[('D', 0.5926665663719177), ('W', 0.4073334038257599)]"
39,461,W,0.575939416885376,"[('W', 0.562176525592804), ('D', 0.43782350420951843)]"
39,462,D,1.1368709802627563,"[('W', 0.6791786551475525), ('D', 0.3208213150501251)]"
39,463,D,0.6325989961624146,"[('D', 0.531209409236908), ('W', 0.4687906503677368)]"
39,464,D,0.38687101006507874,"[('D', 0.6791786551475525), ('W', 0.3208213150501251)]"
39,465,W,1.1368709802627563,"[('D', 0.6791786551475525), ('W', 0.3208213150501251)]"
39,466,W,0.38687101006507874,"[('W', 0.6791786551475525), ('D', 0.3208213150501251)]"
39,467,D,0.6931471824645996,"[('W', 0.5), ('D', 0.5)]"
39,468,D,0.42870065569877625,"[('D', 0.6513548493385315), ('W', 0.3486451208591461)]"
39,469,D,0.38687101006507874,"[('D', 0.6791786551475525), ('W', 0.3208213150501251)]"
39,470,W,1.1368709802627563,"[('D', 0.6791786551475525), ('W', 0.3208213150501251)]"
39,471,D,0.6931471824645996,"[('W', 0.5), ('D', 0.5)]"
39,472,D,0.38687101006507874,"[('D', 0.6791786551475525), ('W', 0.3208213150501251)]"
39,473,W,0.6325989961624146,"[('W', 0.531209409236908), ('D', 0.4687906503677368)]"
39,474,D,0.575939416885376,"[('D', 0.562176525592804), ('W', 0.43782350420951843)]"
39,475,W,1.2234445810317993,"[('D', 0.7057850360870361), ('W', 0.29421499371528625)]"
39,476,W,0.575939416885376,"[('W', 0.562176525592804), ('D', 0.43782350420951843)]"
39,477,W,0.3132617473602295,"[('W', 0.7310584783554077), ('D', 0.26894140243530273)]"
39,478,W,0.22541262209415436,"[('W', 0.7981867790222168), ('D', 0.2018132209777832)]"
39,479,W,0.11282224208116531,"[('W', 0.893309473991394), ('D', 0.10669059306383133)]"
39,480,W,0.5231232643127441,"[('W', 0.5926665663719177), ('D', 0.4073334038257599)]"
39,481,W,0.25192904472351074,"[('W', 0.7772998809814453), ('D', 0.22270016372203827)]"
39,482,W,0.1602240949869156,"[('W', 0.851952850818634), ('D', 0.14804720878601074)]"
39,483,D,2.0176751613616943,"[('W', 0.8670357465744019), ('D', 0.13296423852443695)]"
39,484,W,0.7575989961624146,"[('D', 0.531209409236908), ('W', 0.4687906503677368)]"
39,485,W,0.11282224208116531,"[('W', 0.893309473991394), ('D', 0.10669059306383133)]"
39,486,D,0.5231232643127441,"[('D', 0.5926665663719177), ('W', 0.4073334038257599)]"
39,487,W,0.6325989961624146,"[('W', 0.531209409236908), ('D', 0.4687906503677368)]"
39,488,D,0.6931471824645996,"[('W', 0.5), ('D', 0.5)]"
39,489,D,0.5231232643127441,"[('D', 0.5926665663719177), ('W', 0.4073334038257599)]"
39,490,D,0.42870065569877625,"[('D', 0.6513548493385315), ('W', 0.3486451208591461)]"
39,491,D,0.3484445810317993,"[('D', 0.7057850360870361), ('W', 0.29421499371528625)]"
39,492,W,1.1368709802627563,"[('D', 0.6791786551475525), ('W', 0.3208213150501251)]"
39,493,D,1.0537006855010986,"[('W', 0.6513548493385315), ('D', 0.3486451208591461)]"
39,494,W,1.3132617473602295,"[('D', 0.7310584783554077), ('W', 0.26894140243530273)]"
39,495,D,0.42870065569877625,"[('D', 0.6513548493385315), ('W', 0.3486451208591461)]"
39,496,D,0.3484445810317993,"[('D', 0.7057850360870361), ('W', 0.29421499371528625)]"
39,497,W,1.3132617473602295,"[('D', 0.7310584783554077), ('W', 0.26894140243530273)]"
39,498,D,0.3132617473602295,"[('D', 0.7310584783554077), ('W', 0.26894140243530273)]"
39,499,W,1.1368709802627563,"[('D', 0.6791786551475525), ('W', 0.3208213150501251)]"
39,500,W,1.0537006855010986,"[('D', 0.6513548493385315), ('W', 0.3486451208591461)]"
39,501,D,0.6931471824645996,"[('W', 0.5), ('D', 0.5)]"
39,502,D,0.5231232643127441,"[('D', 0.5926665663719177), ('W', 0.4073334038257599)]"
39,503,D,0.5231232643127441,"[('D', 0.5926665663719177), ('W', 0.4073334038257599)]"
39,504,D,0.4740769863128662,"[('D', 0.622459352016449), ('W', 0.3775406777858734)]"
39,505,W,0.825939416885376,"[('D', 0.562176525592804), ('W', 0.43782350420951843)]"
39,506,W,0.575939416885376,"[('W', 0.562176525592804), ('D', 0.43782350420951843)]"
39,507,D,0.4740769863128662,"[('D', 0.622459352016449), ('W', 0.3775406777858734)]"
39,508,D,0.38687101006507874,"[('D', 0.6791786551475525), ('W', 0.3208213150501251)]"
39,509,D,0.38687101006507874,"[('D', 0.6791786551475525), ('W', 0.3208213150501251)]"
39,510,D,0.38687101006507874,"[('D', 0.6791786551475525), ('W', 0.3208213150501251)]"
39,511,W,0.8981232643127441,"[('D', 0.5926665663719177), ('W', 0.4073334038257599)]"
39,512,W,0.3484445810317993,"[('W', 0.7057850360870361), ('D', 0.29421499371528625)]"
39,513,W,0.825939416885376,"[('D', 0.562176525592804), ('W', 0.43782350420951843)]"
39,514,D,0.8981232643127441,"[('W', 0.5926665663719177), ('D', 0.4073334038257599)]"
39,515,D,0.6931471824645996,"[('W', 0.5), ('D', 0.5)]"
39,516,W,1.0537006855010986,"[('D', 0.6513548493385315), ('W', 0.3486451208591461)]"
39,517,D,0.825939416885376,"[('W', 0.562176525592804), ('D', 0.43782350420951843)]"
39,518,D,0.575939416885376,"[('D', 0.562176525592804), ('W', 0.43782350420951843)]"
39,519,D,0.6325989961624146,"[('D', 0.531209409236908), ('W', 0.4687906503677368)]"
39,520,D,0.4740769863128662,"[('D', 0.622459352016449), ('W', 0.3775406777858734)]"
39,521,D,0.1797446459531784,"[('D', 0.8354835510253906), ('W', 0.16451647877693176)]"
39,522,W,1.1368709802627563,"[('D', 0.6791786551475525), ('W', 0.3208213150501251)]"
39,523,D,0.42870065569877625,"[('D', 0.6513548493385315), ('W', 0.3486451208591461)]"
39,524,W,0.9740769863128662,"[('D', 0.622459352016449), ('W', 0.3775406777858734)]"
39,525,W,1.8047446012496948,"[('D', 0.8354835510253906), ('W', 0.16451647877693176)]"
39,526,W,0.8981232643127441,"[('D', 0.5926665663719177), ('W', 0.4073334038257599)]"
39,527,D,0.7575989961624146,"[('W', 0.531209409236908), ('D', 0.4687906503677368)]"
39,528,W,0.575939416885376,"[('W', 0.562176525592804), ('D', 0.43782350420951843)]"
39,529,D,0.6931471824645996,"[('W', 0.5), ('D', 0.5)]"
39,530,W,0.4740769863128662,"[('W', 0.622459352016449), ('D', 0.3775406777858734)]"
39,531,W,0.3132617473602295,"[('W', 0.7310584783554077), ('D', 0.26894140243530273)]"
39,532,W,2.0176751613616943,"[('D', 0.8670357465744019), ('W', 0.13296423852443695)]"
39,533,D,1.0537006855010986,"[('W', 0.6513548493385315), ('D', 0.3486451208591461)]"
39,534,W,0.8981232643127441,"[('D', 0.5926665663719177), ('W', 0.4073334038257599)]"
39,535,D,0.5231232643127441,"[('D', 0.5926665663719177), ('W', 0.4073334038257599)]"
39,536,W,0.575939416885376,"[('W', 0.562176525592804), ('D', 0.43782350420951843)]"
39,537,D,0.3484445810317993,"[('D', 0.7057850360870361), ('W', 0.29421499371528625)]"
39,538,W,0.575939416885376,"[('W', 0.562176525592804), ('D', 0.43782350420951843)]"
39,539,D,1.1368709802627563,"[('W', 0.6791786551475525), ('D', 0.3208213150501251)]"
39,540,D,0.3484445810317993,"[('D', 0.7057850360870361), ('W', 0.29421499371528625)]"
39,541,W,0.6325989961624146,"[('W', 0.531209409236908), ('D', 0.4687906503677368)]"
39,542,D,0.2014133334159851,"[('D', 0.8175744414329529), ('W', 0.18242549896240234)]"
39,543,D,0.6931471824645996,"[('W', 0.5), ('D', 0.5)]"
39,544,D,0.8981232643127441,"[('W', 0.5926665663719177), ('D', 0.4073334038257599)]"
39,545,D,0.825939416885376,"[('W', 0.562176525592804), ('D', 0.43782350420951843)]"
39,546,D,0.575939416885376,"[('D', 0.562176525592804), ('W', 0.43782350420951843)]"
39,547,D,0.6325989961624146,"[('D', 0.531209409236908), ('W', 0.4687906503677368)]"
39,548,W,0.825939416885376,"[('D', 0.562176525592804), ('W', 0.43782350420951843)]"
39,549,W,1.5019290447235107,"[('D', 0.7772998809814453), ('W', 0.22270016372203827)]"
39,550,W,0.9740769863128662,"[('D', 0.622459352016449), ('W', 0.3775406777858734)]"
39,551,W,0.575939416885376,"[('W', 0.562176525592804), ('D', 0.43782350420951843)]"
39,552,D,0.575939416885376,"[('D', 0.562176525592804), ('W', 0.43782350420951843)]"
39,553,D,0.38687101006507874,"[('D', 0.6791786551475525), ('W', 0.3208213150501251)]"
39,554,W,0.6931471824645996,"[('W', 0.5), ('D', 0.5)]"
39,555,W,1.5019290447235107,"[('D', 0.7772998809814453), ('W', 0.22270016372203827)]"
39,556,W,0.825939416885376,"[('D', 0.562176525592804), ('W', 0.43782350420951843)]"
39,557,W,0.575939416885376,"[('W', 0.562176525592804), ('D', 0.43782350420951843)]"
39,558,W,0.3484445810317993,"[('W', 0.7057850360870361), ('D', 0.29421499371528625)]"
39,559,W,0.22541262209415436,"[('W', 0.7981867790222168), ('D', 0.2018132209777832)]"
39,560,W,0.14267508685588837,"[('W', 0.8670357465744019), ('D', 0.13296423852443695)]"
