participant_id,game,trial_index,ground_truth,nll,is_free,top2
31,1,1,H,0.251953125,False,"[('H', 0.77734375), ('I', 0.22265625)]"
31,1,2,I,1.9140625,False,"[('H', 0.8515625), ('I', 0.1474609375)]"
31,1,3,I,2.34375,False,"[('H', 0.90625), ('I', 0.09619140625)]"
31,1,4,H,0.251953125,False,"[('H', 0.77734375), ('I', 0.22265625)]"
31,1,5,I,1.5,True,"[('H', 0.77734375), ('I', 0.22265625)]"
31,1,6,H,0.16015625,True,"[('H', 0.8515625), ('I', 0.1474609375)]"
31,1,7,I,1.3125,True,"[('H', 0.73046875), ('I', 0.26953125)]"
31,1,8,H,0.251953125,True,"[('H', 0.77734375), ('I', 0.22265625)]"
31,1,9,I,0.97265625,True,"[('H', 0.62109375), ('I', 0.37890625)]"
31,1,10,I,0.38671875,True,"[('I', 0.6796875), ('H', 0.3203125)]"
31,2,1,H,0.4296875,False,"[('H', 0.65234375), ('I', 0.34765625)]"
31,2,2,H,0.7578125,False,"[('I', 0.53125), ('H', 0.46875)]"
31,2,3,H,0.82421875,False,"[('I', 0.5625), ('H', 0.439453125)]"
31,2,4,H,0.5234375,False,"[('H', 0.59375), ('I', 0.40625)]"
31,2,5,H,0.16015625,True,"[('H', 0.8515625), ('I', 0.1474609375)]"
31,3,1,H,0.16015625,False,"[('H', 0.8515625), ('I', 0.1474609375)]"
31,3,2,H,0.10009765625,False,"[('H', 0.90625), ('I', 0.09619140625)]"
31,3,3,H,0.10009765625,False,"[('H', 0.90625), ('I', 0.09619140625)]"
31,3,4,H,0.048583984375,False,"[('H', 0.953125), ('I', 0.047607421875)]"
31,3,5,I,0.38671875,True,"[('I', 0.6796875), ('H', 0.3203125)]"
31,4,1,I,0.2255859375,False,"[('I', 0.796875), ('H', 0.201171875)]"
31,4,2,I,0.4296875,False,"[('I', 0.65234375), ('H', 0.34765625)]"
31,4,3,I,0.1796875,False,"[('I', 0.8359375), ('H', 0.1640625)]"
31,4,4,H,2.015625,False,"[('I', 0.8671875), ('H', 0.1328125)]"
31,4,5,I,0.10009765625,True,"[('I', 0.90625), ('H', 0.09619140625)]"
31,5,1,I,0.0791015625,False,"[('I', 0.92578125), ('H', 0.07568359375)]"
31,5,2,H,0.16015625,False,"[('H', 0.8515625), ('I', 0.1474609375)]"
31,5,3,H,0.10009765625,False,"[('H', 0.90625), ('I', 0.09619140625)]"
31,5,4,H,0.0380859375,False,"[('H', 0.9609375), ('I', 0.03759765625)]"
31,5,5,H,0.06201171875,True,"[('H', 0.94140625), ('I', 0.06005859375)]"
31,5,6,H,0.048583984375,True,"[('H', 0.953125), ('I', 0.047607421875)]"
31,5,7,H,0.0181884765625,True,"[('H', 0.98046875), ('I', 0.0177001953125)]"
31,5,8,I,0.02978515625,True,"[('I', 0.96875), ('H', 0.029296875)]"
31,5,9,H,0.02978515625,True,"[('H', 0.96875), ('I', 0.029296875)]"
31,5,10,H,0.10009765625,True,"[('H', 0.90625), ('I', 0.09619140625)]"
31,6,1,H,0.38671875,False,"[('H', 0.6796875), ('I', 0.3203125)]"
31,6,2,H,0.2255859375,False,"[('H', 0.796875), ('I', 0.201171875)]"
31,6,3,I,0.7578125,False,"[('H', 0.53125), ('I', 0.46875)]"
31,6,4,H,0.0791015625,False,"[('H', 0.92578125), ('I', 0.07568359375)]"
31,6,5,H,0.16015625,True,"[('H', 0.8515625), ('I', 0.1474609375)]"
31,7,1,H,0.0181884765625,False,"[('H', 0.98046875), ('I', 0.0177001953125)]"
31,7,2,H,3.28125,False,"[('I', 0.9609375), ('H', 0.03759765625)]"
31,7,3,I,0.126953125,False,"[('I', 0.87890625), ('H', 0.11962890625)]"
31,7,4,I,0.16015625,False,"[('I', 0.8515625), ('H', 0.1474609375)]"
31,7,5,H,0.8984375,True,"[('I', 0.59375), ('H', 0.40625)]"
31,8,1,I,0.126953125,False,"[('I', 0.87890625), ('H', 0.11962890625)]"
31,8,2,I,0.126953125,False,"[('I', 0.87890625), ('H', 0.11962890625)]"
31,8,3,I,0.0380859375,False,"[('I', 0.9609375), ('H', 0.03759765625)]"
31,8,4,I,0.4296875,False,"[('I', 0.65234375), ('H', 0.34765625)]"
31,8,5,I,0.1796875,True,"[('I', 0.8359375), ('H', 0.1640625)]"
31,9,1,I,0.126953125,False,"[('I', 0.87890625), ('H', 0.11962890625)]"
31,9,2,I,0.10009765625,False,"[('I', 0.90625), ('H', 0.09619140625)]"
31,9,3,I,0.34765625,False,"[('I', 0.70703125), ('H', 0.29296875)]"
31,9,4,I,0.0380859375,False,"[('I', 0.9609375), ('H', 0.03759765625)]"
31,9,5,I,0.0380859375,True,"[('I', 0.9609375), ('H', 0.03759765625)]"
31,10,1,I,0.0380859375,False,"[('I', 0.9609375), ('H', 0.03759765625)]"
31,10,2,I,0.06201171875,False,"[('I', 0.94140625), ('H', 0.06005859375)]"
31,10,3,I,0.474609375,False,"[('I', 0.62109375), ('H', 0.37890625)]"
31,10,4,I,0.0380859375,False,"[('I', 0.9609375), ('H', 0.03759765625)]"
31,10,5,I,0.01416015625,True,"[('I', 0.984375), ('H', 0.0142822265625)]"
31,10,6,H,1.703125,True,"[('I', 0.81640625), ('H', 0.181640625)]"
31,10,7,I,0.4296875,True,"[('I', 0.65234375), ('H', 0.34765625)]"
31,10,8,I,0.16015625,True,"[('I', 0.8515625), ('H', 0.1474609375)]"
31,10,9,I,0.5234375,True,"[('I', 0.59375), ('H', 0.40625)]"
31,10,10,I,0.16015625,True,"[('I', 0.8515625), ('H', 0.1474609375)]"
31,11,1,I,0.0380859375,False,"[('I', 0.9609375), ('H', 0.03759765625)]"
31,11,2,H,0.16015625,False,"[('H', 0.8515625), ('I', 0.1474609375)]"
31,11,3,H,0.8984375,False,"[('I', 0.59375), ('H', 0.40625)]"
31,11,4,H,0.3125,False,"[('H', 0.73046875), ('I', 0.26953125)]"
31,11,5,H,0.251953125,True,"[('H', 0.77734375), ('I', 0.22265625)]"
31,12,1,H,0.0791015625,False,"[('H', 0.92578125), ('I', 0.07568359375)]"
31,12,2,H,0.0181884765625,False,"[('H', 0.98046875), ('I', 0.0177001953125)]"
31,12,3,H,0.16015625,False,"[('H', 0.8515625), ('I', 0.1474609375)]"
31,12,4,H,0.0380859375,False,"[('H', 0.9609375), ('I', 0.03759765625)]"
31,12,5,H,0.048583984375,True,"[('H', 0.953125), ('I', 0.047607421875)]"
31,12,6,H,0.02978515625,True,"[('H', 0.96875), ('I', 0.029296875)]"
31,12,7,H,0.00860595703125,True,"[('H', 0.9921875), ('I', 0.0086669921875)]"
31,12,8,H,0.0067138671875,True,"[('H', 0.9921875), ('I', 0.006744384765625)]"
31,12,9,H,0.0791015625,True,"[('H', 0.92578125), ('I', 0.07568359375)]"
31,12,10,H,0.00860595703125,True,"[('H', 0.9921875), ('I', 0.0086669921875)]"
31,13,1,H,0.0181884765625,False,"[('H', 0.98046875), ('I', 0.0177001953125)]"
31,13,2,H,0.00408935546875,False,"[('H', 0.99609375), ('I', 0.00408935546875)]"
31,13,3,H,0.0024871826171875,False,"[('H', 0.99609375), ('I', 0.002471923828125)]"
31,13,4,H,0.00150299072265625,False,"[('H', 1.0), ('I', 0.00150299072265625)]"
31,13,5,I,0.28125,True,"[('I', 0.75390625), ('H', 0.2451171875)]"
31,14,1,I,0.10009765625,False,"[('I', 0.90625), ('H', 0.09619140625)]"
31,14,2,I,0.16015625,False,"[('I', 0.8515625), ('H', 0.1474609375)]"
31,14,3,H,0.0233154296875,False,"[('H', 0.9765625), ('I', 0.023193359375)]"
31,14,4,H,0.0233154296875,False,"[('H', 0.9765625), ('I', 0.023193359375)]"
31,14,5,I,0.048583984375,True,"[('I', 0.953125), ('H', 0.047607421875)]"
31,15,1,H,0.251953125,False,"[('H', 0.77734375), ('I', 0.22265625)]"
31,15,2,H,0.0791015625,False,"[('H', 0.92578125), ('I', 0.07568359375)]"
31,15,3,H,0.02978515625,False,"[('H', 0.96875), ('I', 0.029296875)]"
31,15,4,H,0.01416015625,False,"[('H', 0.984375), ('I', 0.0142822265625)]"
31,15,5,H,0.00860595703125,True,"[('H', 0.9921875), ('I', 0.0086669921875)]"
31,15,6,H,0.0067138671875,True,"[('H', 0.9921875), ('I', 0.006744384765625)]"
31,15,7,H,0.10009765625,True,"[('H', 0.90625), ('I', 0.09619140625)]"
31,15,8,I,0.201171875,True,"[('I', 0.81640625), ('H', 0.181640625)]"
31,15,9,I,0.06201171875,True,"[('I', 0.94140625), ('H', 0.06005859375)]"
31,15,10,I,0.0233154296875,True,"[('I', 0.9765625), ('H', 0.023193359375)]"
31,16,1,I,0.01416015625,False,"[('I', 0.984375), ('H', 0.0142822265625)]"
31,16,2,I,0.01104736328125,False,"[('I', 0.98828125), ('H', 0.0111083984375)]"
31,16,3,I,0.0052490234375,False,"[('I', 0.99609375), ('H', 0.0052490234375)]"
31,16,4,H,0.474609375,False,"[('H', 0.62109375), ('I', 0.37890625)]"
31,16,5,I,2.125,True,"[('H', 0.87890625), ('I', 0.11962890625)]"
31,17,1,H,0.0380859375,False,"[('H', 0.9609375), ('I', 0.03759765625)]"
31,17,2,H,0.0233154296875,False,"[('H', 0.9765625), ('I', 0.023193359375)]"
31,17,3,H,0.0067138671875,False,"[('H', 0.9921875), ('I', 0.006744384765625)]"
31,17,4,H,0.00408935546875,False,"[('H', 0.99609375), ('I', 0.00408935546875)]"
31,17,5,I,0.01416015625,True,"[('I', 0.984375), ('H', 0.0142822265625)]"
31,18,1,H,0.0233154296875,False,"[('H', 0.9765625), ('I', 0.023193359375)]"
31,18,2,H,0.02978515625,False,"[('H', 0.96875), ('I', 0.029296875)]"
31,18,3,H,0.00860595703125,False,"[('H', 0.9921875), ('I', 0.0086669921875)]"
31,18,4,H,0.0031890869140625,False,"[('H', 0.99609375), ('I', 0.0031890869140625)]"
31,18,5,H,0.0031890869140625,True,"[('H', 0.99609375), ('I', 0.0031890869140625)]"
31,18,6,H,0.00193023681640625,True,"[('H', 1.0), ('I', 0.00193023681640625)]"
31,18,7,I,0.126953125,True,"[('I', 0.87890625), ('H', 0.11962890625)]"
31,18,8,I,0.0181884765625,True,"[('I', 0.98046875), ('H', 0.0177001953125)]"
31,18,9,I,0.01104736328125,True,"[('I', 0.98828125), ('H', 0.0111083984375)]"
31,18,10,I,0.00408935546875,True,"[('I', 0.99609375), ('H', 0.00408935546875)]"
31,19,1,I,0.002471923828125,False,"[('I', 0.99609375), ('H', 0.002471923828125)]"
31,19,2,I,0.002471923828125,False,"[('I', 0.99609375), ('H', 0.002471923828125)]"
31,19,3,I,0.2255859375,False,"[('I', 0.796875), ('H', 0.201171875)]"
31,19,4,I,0.06201171875,False,"[('I', 0.94140625), ('H', 0.06005859375)]"
31,19,5,H,0.69140625,True,"[('I', 0.5), ('H', 0.5)]"
31,19,6,I,1.0546875,True,"[('H', 0.65234375), ('I', 0.34765625)]"
31,19,7,I,0.251953125,True,"[('I', 0.77734375), ('H', 0.22265625)]"
31,19,8,I,0.06201171875,True,"[('I', 0.94140625), ('H', 0.06005859375)]"
31,19,9,I,0.0791015625,True,"[('I', 0.92578125), ('H', 0.07568359375)]"
31,19,10,I,0.10009765625,True,"[('I', 0.90625), ('H', 0.09619140625)]"
31,20,1,I,0.28125,False,"[('I', 0.75390625), ('H', 0.2451171875)]"
31,20,2,H,1.8046875,False,"[('I', 0.8359375), ('H', 0.1640625)]"
31,20,3,I,0.11279296875,False,"[('I', 0.89453125), ('H', 0.10693359375)]"
31,20,4,H,1.8046875,False,"[('I', 0.8359375), ('H', 0.1640625)]"
31,20,5,I,0.06201171875,True,"[('I', 0.94140625), ('H', 0.06005859375)]"
31,20,6,I,0.11279296875,True,"[('I', 0.89453125), ('H', 0.10693359375)]"
31,20,7,H,0.11279296875,True,"[('H', 0.89453125), ('I', 0.10693359375)]"
31,20,8,H,0.10009765625,True,"[('H', 0.90625), ('I', 0.09619140625)]"
31,20,9,I,2.34375,True,"[('H', 0.90625), ('I', 0.09619140625)]"
31,20,10,H,0.0233154296875,True,"[('H', 0.9765625), ('I', 0.023193359375)]"
31,21,1,H,0.02978515625,False,"[('H', 0.96875), ('I', 0.029296875)]"
31,21,2,H,0.0233154296875,False,"[('H', 0.9765625), ('I', 0.023193359375)]"
31,21,3,H,0.0052490234375,False,"[('H', 0.99609375), ('I', 0.0052490234375)]"
31,21,4,H,0.82421875,False,"[('I', 0.5625), ('H', 0.439453125)]"
31,21,5,H,2.234375,True,"[('I', 0.89453125), ('H', 0.10693359375)]"
31,21,6,I,0.2255859375,True,"[('I', 0.796875), ('H', 0.201171875)]"
31,21,7,H,1.5,True,"[('I', 0.77734375), ('H', 0.22265625)]"
31,21,8,I,0.16015625,True,"[('I', 0.8515625), ('H', 0.1474609375)]"
31,21,9,I,0.1796875,True,"[('I', 0.8359375), ('H', 0.1640625)]"
31,21,10,H,0.201171875,True,"[('H', 0.81640625), ('I', 0.181640625)]"
31,22,1,H,0.4296875,False,"[('H', 0.65234375), ('I', 0.34765625)]"
31,22,2,H,0.10009765625,False,"[('H', 0.90625), ('I', 0.09619140625)]"
31,22,3,H,0.0791015625,False,"[('H', 0.92578125), ('I', 0.07568359375)]"
31,22,4,H,0.0791015625,False,"[('H', 0.92578125), ('I', 0.07568359375)]"
31,22,5,I,3.53125,True,"[('H', 0.96875), ('I', 0.029296875)]"
31,22,6,H,0.048583984375,True,"[('H', 0.953125), ('I', 0.047607421875)]"
31,22,7,H,0.06201171875,True,"[('H', 0.94140625), ('I', 0.06005859375)]"
31,22,8,H,0.0791015625,True,"[('H', 0.92578125), ('I', 0.07568359375)]"
31,22,9,H,0.0380859375,True,"[('H', 0.9609375), ('I', 0.03759765625)]"
31,22,10,H,0.0233154296875,True,"[('H', 0.9765625), ('I', 0.023193359375)]"
31,23,1,H,0.10009765625,False,"[('H', 0.90625), ('I', 0.09619140625)]"
31,23,2,H,0.16015625,False,"[('H', 0.8515625), ('I', 0.1474609375)]"
31,23,3,I,0.10009765625,False,"[('I', 0.90625), ('H', 0.09619140625)]"
31,23,4,I,0.02978515625,False,"[('I', 0.96875), ('H', 0.029296875)]"
31,23,5,H,0.28125,True,"[('H', 0.75390625), ('I', 0.2451171875)]"
31,23,6,H,0.3125,True,"[('H', 0.73046875), ('I', 0.26953125)]"
31,23,7,H,0.251953125,True,"[('H', 0.77734375), ('I', 0.22265625)]"
31,23,8,H,0.201171875,True,"[('H', 0.81640625), ('I', 0.181640625)]"
31,23,9,H,0.16015625,True,"[('H', 0.8515625), ('I', 0.1474609375)]"
31,23,10,H,0.474609375,True,"[('H', 0.62109375), ('I', 0.37890625)]"
31,24,1,H,0.57421875,False,"[('H', 0.5625), ('I', 0.439453125)]"
31,24,2,H,0.10009765625,False,"[('H', 0.90625), ('I', 0.09619140625)]"
31,24,3,H,0.048583984375,False,"[('H', 0.953125), ('I', 0.047607421875)]"
31,24,4,H,0.048583984375,False,"[('H', 0.953125), ('I', 0.047607421875)]"
31,24,5,H,0.0380859375,True,"[('H', 0.9609375), ('I', 0.03759765625)]"
31,24,6,H,0.01416015625,True,"[('H', 0.984375), ('I', 0.0142822265625)]"
31,24,7,H,0.01104736328125,True,"[('H', 0.98828125), ('I', 0.0111083984375)]"
31,24,8,H,0.3125,True,"[('H', 0.73046875), ('I', 0.26953125)]"
31,24,9,H,0.82421875,True,"[('I', 0.5625), ('H', 0.439453125)]"
31,24,10,I,1.0546875,True,"[('H', 0.65234375), ('I', 0.34765625)]"
31,25,1,H,0.28125,False,"[('H', 0.75390625), ('I', 0.2451171875)]"
31,25,2,H,0.126953125,False,"[('H', 0.87890625), ('I', 0.11962890625)]"
31,25,3,H,0.10009765625,False,"[('H', 0.90625), ('I', 0.09619140625)]"
31,25,4,H,3.046875,False,"[('I', 0.953125), ('H', 0.047607421875)]"
31,25,5,I,0.06201171875,True,"[('I', 0.94140625), ('H', 0.06005859375)]"
31,26,1,I,0.0233154296875,False,"[('I', 0.9765625), ('H', 0.023193359375)]"
31,26,2,I,0.0233154296875,False,"[('I', 0.9765625), ('H', 0.023193359375)]"
31,26,3,I,0.0233154296875,False,"[('I', 0.9765625), ('H', 0.023193359375)]"
31,26,4,I,0.0067138671875,False,"[('I', 0.9921875), ('H', 0.006744384765625)]"
31,26,5,H,0.0233154296875,True,"[('H', 0.9765625), ('I', 0.023193359375)]"
31,27,1,I,0.38671875,False,"[('I', 0.6796875), ('H', 0.3203125)]"
31,27,2,I,0.251953125,False,"[('I', 0.77734375), ('H', 0.22265625)]"
31,27,3,H,0.126953125,False,"[('H', 0.87890625), ('I', 0.11962890625)]"
31,27,4,H,0.34765625,False,"[('H', 0.70703125), ('I', 0.29296875)]"
31,27,5,I,0.10009765625,True,"[('I', 0.90625), ('H', 0.09619140625)]"
31,28,1,H,0.11279296875,False,"[('H', 0.89453125), ('I', 0.10693359375)]"
31,28,2,I,0.0791015625,False,"[('I', 0.92578125), ('H', 0.07568359375)]"
31,28,3,I,0.10009765625,False,"[('I', 0.90625), ('H', 0.09619140625)]"
31,28,4,I,0.201171875,False,"[('I', 0.81640625), ('H', 0.181640625)]"
31,28,5,I,0.0791015625,True,"[('I', 0.92578125), ('H', 0.07568359375)]"
31,29,1,I,0.126953125,False,"[('I', 0.87890625), ('H', 0.11962890625)]"
31,29,2,I,0.048583984375,False,"[('I', 0.953125), ('H', 0.047607421875)]"
31,29,3,I,0.0233154296875,False,"[('I', 0.9765625), ('H', 0.023193359375)]"
31,29,4,H,0.048583984375,False,"[('H', 0.953125), ('I', 0.047607421875)]"
31,29,5,H,0.02978515625,True,"[('H', 0.96875), ('I', 0.029296875)]"
31,30,1,H,0.0233154296875,False,"[('H', 0.9765625), ('I', 0.023193359375)]"
31,30,2,H,0.00860595703125,False,"[('H', 0.9921875), ('I', 0.0086669921875)]"
31,30,3,H,0.00860595703125,False,"[('H', 0.9921875), ('I', 0.0086669921875)]"
31,30,4,H,0.00860595703125,False,"[('H', 0.9921875), ('I', 0.0086669921875)]"
31,30,5,H,1.5,True,"[('I', 0.77734375), ('H', 0.22265625)]"
31,31,1,H,1.3125,False,"[('I', 0.73046875), ('H', 0.26953125)]"
31,31,2,H,0.97265625,False,"[('I', 0.62109375), ('H', 0.37890625)]"
31,31,3,I,0.57421875,False,"[('I', 0.5625), ('H', 0.439453125)]"
31,31,4,I,0.10009765625,False,"[('I', 0.90625), ('H', 0.09619140625)]"
31,31,5,I,0.5234375,True,"[('I', 0.59375), ('H', 0.40625)]"
31,31,6,I,0.126953125,True,"[('I', 0.87890625), ('H', 0.11962890625)]"
31,31,7,H,0.0181884765625,True,"[('H', 0.98046875), ('I', 0.0177001953125)]"
31,31,8,I,3.046875,True,"[('H', 0.953125), ('I', 0.047607421875)]"
31,31,9,H,0.16015625,True,"[('H', 0.8515625), ('I', 0.1474609375)]"
31,31,10,H,0.01416015625,True,"[('H', 0.984375), ('I', 0.0142822265625)]"
31,32,1,H,0.00408935546875,False,"[('H', 0.99609375), ('I', 0.00408935546875)]"
31,32,2,H,0.0031890869140625,False,"[('H', 0.99609375), ('I', 0.0031890869140625)]"
31,32,3,H,0.01416015625,False,"[('H', 0.984375), ('I', 0.0142822265625)]"
31,32,4,H,0.126953125,False,"[('H', 0.87890625), ('I', 0.11962890625)]"
31,32,5,H,0.0380859375,True,"[('H', 0.9609375), ('I', 0.03759765625)]"
31,33,1,H,0.0233154296875,False,"[('H', 0.9765625), ('I', 0.023193359375)]"
31,33,2,H,0.01416015625,False,"[('H', 0.984375), ('I', 0.0142822265625)]"
31,33,3,H,0.0233154296875,False,"[('H', 0.9765625), ('I', 0.023193359375)]"
31,33,4,H,0.00860595703125,False,"[('H', 0.9921875), ('I', 0.0086669921875)]"
31,33,5,I,0.06201171875,True,"[('I', 0.94140625), ('H', 0.06005859375)]"
31,33,6,H,0.0380859375,True,"[('H', 0.9609375), ('I', 0.03759765625)]"
31,33,7,H,1.5,True,"[('I', 0.77734375), ('H', 0.22265625)]"
31,33,8,I,0.28125,True,"[('I', 0.75390625), ('H', 0.2451171875)]"
31,33,9,I,0.0791015625,True,"[('I', 0.92578125), ('H', 0.07568359375)]"
31,33,10,I,0.02978515625,True,"[('I', 0.96875), ('H', 0.029296875)]"
31,34,1,I,0.02978515625,False,"[('I', 0.96875), ('H', 0.029296875)]"
31,34,2,I,0.00860595703125,False,"[('I', 0.9921875), ('H', 0.0086669921875)]"
31,34,3,I,0.251953125,False,"[('I', 0.77734375), ('H', 0.22265625)]"
31,34,4,I,0.0791015625,False,"[('I', 0.92578125), ('H', 0.07568359375)]"
31,34,5,I,0.02978515625,True,"[('I', 0.96875), ('H', 0.029296875)]"
31,34,6,I,0.048583984375,True,"[('I', 0.953125), ('H', 0.047607421875)]"
31,34,7,I,0.0380859375,True,"[('I', 0.9609375), ('H', 0.03759765625)]"
31,34,8,I,0.00860595703125,True,"[('I', 0.9921875), ('H', 0.0086669921875)]"
31,34,9,H,0.16015625,True,"[('H', 0.8515625), ('I', 0.1474609375)]"
31,34,10,H,0.0181884765625,True,"[('H', 0.98046875), ('I', 0.0177001953125)]"
31,35,1,H,2.125,False,"[('I', 0.87890625), ('H', 0.11962890625)]"
31,35,2,I,0.4296875,False,"[('I', 0.65234375), ('H', 0.34765625)]"
31,35,3,I,0.126953125,False,"[('I', 0.87890625), ('H', 0.11962890625)]"
31,35,4,H,2.578125,False,"[('I', 0.92578125), ('H', 0.07568359375)]"
31,35,5,I,0.16015625,True,"[('I', 0.8515625), ('H', 0.1474609375)]"
31,36,1,I,0.10009765625,False,"[('I', 0.90625), ('H', 0.09619140625)]"
31,36,2,I,0.0380859375,False,"[('I', 0.9609375), ('H', 0.03759765625)]"
31,36,3,H,0.201171875,False,"[('H', 0.81640625), ('I', 0.181640625)]"
31,36,4,H,0.048583984375,False,"[('H', 0.953125), ('I', 0.047607421875)]"
31,36,5,H,0.0233154296875,True,"[('H', 0.9765625), ('I', 0.023193359375)]"
31,36,6,H,0.0181884765625,True,"[('H', 0.98046875), ('I', 0.0177001953125)]"
31,36,7,H,0.01416015625,True,"[('H', 0.984375), ('I', 0.0142822265625)]"
31,36,8,H,0.0052490234375,True,"[('H', 0.99609375), ('I', 0.0052490234375)]"
31,36,9,I,0.06201171875,True,"[('I', 0.94140625), ('H', 0.06005859375)]"
31,36,10,H,0.01104736328125,True,"[('H', 0.98828125), ('I', 0.0111083984375)]"
31,37,1,H,0.0380859375,False,"[('H', 0.9609375), ('I', 0.03759765625)]"
31,37,2,H,0.0233154296875,False,"[('H', 0.9765625), ('I', 0.023193359375)]"
31,37,3,I,0.02978515625,False,"[('I', 0.96875), ('H', 0.029296875)]"
31,37,4,I,0.57421875,False,"[('I', 0.5625), ('H', 0.439453125)]"
31,37,5,H,1.703125,True,"[('I', 0.81640625), ('H', 0.181640625)]"
31,37,6,I,0.06201171875,True,"[('I', 0.94140625), ('H', 0.06005859375)]"
31,37,7,I,0.02978515625,True,"[('I', 0.96875), ('H', 0.029296875)]"
31,37,8,I,0.02978515625,True,"[('I', 0.96875), ('H', 0.029296875)]"
31,37,9,I,0.01104736328125,True,"[('I', 0.98828125), ('H', 0.0111083984375)]"
31,37,10,I,0.16015625,True,"[('I', 0.8515625), ('H', 0.1474609375)]"
31,38,1,I,0.201171875,False,"[('I', 0.81640625), ('H', 0.181640625)]"
31,38,2,I,0.10009765625,False,"[('I', 0.90625), ('H', 0.09619140625)]"
31,38,3,I,0.0380859375,False,"[('I', 0.9609375), ('H', 0.03759765625)]"
31,38,4,H,3.53125,False,"[('I', 0.96875), ('H', 0.029296875)]"
31,38,5,I,0.0791015625,True,"[('I', 0.92578125), ('H', 0.07568359375)]"
31,39,1,I,0.201171875,False,"[('I', 0.81640625), ('H', 0.181640625)]"
31,39,2,I,0.251953125,False,"[('I', 0.77734375), ('H', 0.22265625)]"
31,39,3,I,0.06201171875,False,"[('I', 0.94140625), ('H', 0.06005859375)]"
31,39,4,I,0.048583984375,False,"[('I', 0.953125), ('H', 0.047607421875)]"
31,39,5,I,0.0791015625,True,"[('I', 0.92578125), ('H', 0.07568359375)]"
31,39,6,I,0.048583984375,True,"[('I', 0.953125), ('H', 0.047607421875)]"
31,39,7,I,0.0380859375,True,"[('I', 0.9609375), ('H', 0.03759765625)]"
31,39,8,I,1.140625,True,"[('H', 0.6796875), ('I', 0.3203125)]"
31,39,9,H,0.10009765625,True,"[('H', 0.90625), ('I', 0.09619140625)]"
31,39,10,H,0.048583984375,True,"[('H', 0.953125), ('I', 0.047607421875)]"
31,40,1,H,0.0380859375,False,"[('H', 0.9609375), ('I', 0.03759765625)]"
31,40,2,I,3.046875,False,"[('H', 0.953125), ('I', 0.047607421875)]"
31,40,3,I,1.8046875,False,"[('H', 0.8359375), ('I', 0.1640625)]"
31,40,4,I,0.5234375,False,"[('I', 0.59375), ('H', 0.40625)]"
31,40,5,I,0.06201171875,True,"[('I', 0.94140625), ('H', 0.06005859375)]"
31,41,1,I,0.16015625,False,"[('I', 0.8515625), ('H', 0.1474609375)]"
31,41,2,I,0.0380859375,False,"[('I', 0.9609375), ('H', 0.03759765625)]"
31,41,3,I,0.06201171875,False,"[('I', 0.94140625), ('H', 0.06005859375)]"
31,41,4,I,0.0791015625,False,"[('I', 0.92578125), ('H', 0.07568359375)]"
31,41,5,H,2.125,True,"[('I', 0.87890625), ('H', 0.11962890625)]"
31,41,6,H,1.703125,True,"[('I', 0.81640625), ('H', 0.181640625)]"
31,41,7,H,0.126953125,True,"[('H', 0.87890625), ('I', 0.11962890625)]"
31,41,8,I,1.9140625,True,"[('H', 0.8515625), ('I', 0.1474609375)]"
31,41,9,I,0.7578125,True,"[('H', 0.53125), ('I', 0.46875)]"
31,41,10,H,0.6328125,True,"[('H', 0.53125), ('I', 0.46875)]"
31,42,1,H,0.3125,False,"[('H', 0.73046875), ('I', 0.26953125)]"
31,42,2,I,1.2265625,False,"[('H', 0.70703125), ('I', 0.29296875)]"
31,42,3,H,0.38671875,False,"[('H', 0.6796875), ('I', 0.3203125)]"
31,42,4,H,0.2255859375,False,"[('H', 0.796875), ('I', 0.201171875)]"
31,42,5,I,0.28125,True,"[('I', 0.75390625), ('H', 0.2451171875)]"
31,43,1,I,0.4296875,False,"[('I', 0.65234375), ('H', 0.34765625)]"
31,43,2,H,0.97265625,False,"[('I', 0.62109375), ('H', 0.37890625)]"
31,43,3,H,0.5234375,False,"[('H', 0.59375), ('I', 0.40625)]"
31,43,4,H,0.16015625,False,"[('H', 0.8515625), ('I', 0.1474609375)]"
31,43,5,H,0.28125,True,"[('H', 0.75390625), ('I', 0.2451171875)]"
31,43,6,H,0.34765625,True,"[('H', 0.70703125), ('I', 0.29296875)]"
31,43,7,H,1.140625,True,"[('I', 0.6796875), ('H', 0.3203125)]"
31,43,8,I,0.38671875,True,"[('I', 0.6796875), ('H', 0.3203125)]"
31,43,9,I,0.10009765625,True,"[('I', 0.90625), ('H', 0.09619140625)]"
31,43,10,I,0.34765625,True,"[('I', 0.70703125), ('H', 0.29296875)]"
31,44,1,H,1.6015625,False,"[('I', 0.796875), ('H', 0.201171875)]"
31,44,2,I,0.06201171875,False,"[('I', 0.94140625), ('H', 0.06005859375)]"
31,44,3,I,0.34765625,False,"[('I', 0.70703125), ('H', 0.29296875)]"
31,44,4,I,0.201171875,False,"[('I', 0.81640625), ('H', 0.181640625)]"
31,44,5,I,0.16015625,True,"[('I', 0.8515625), ('H', 0.1474609375)]"
31,44,6,I,0.38671875,True,"[('I', 0.6796875), ('H', 0.3203125)]"
31,44,7,I,0.201171875,True,"[('I', 0.81640625), ('H', 0.181640625)]"
31,44,8,I,0.06201171875,True,"[('I', 0.94140625), ('H', 0.06005859375)]"
31,44,9,H,0.06201171875,True,"[('H', 0.94140625), ('I', 0.06005859375)]"
31,44,10,H,0.126953125,True,"[('H', 0.87890625), ('I', 0.11962890625)]"
31,45,1,I,0.28125,False,"[('I', 0.75390625), ('H', 0.2451171875)]"
31,45,2,I,0.4296875,False,"[('I', 0.65234375), ('H', 0.34765625)]"
31,45,3,H,0.97265625,False,"[('I', 0.62109375), ('H', 0.37890625)]"
31,45,4,I,0.82421875,False,"[('H', 0.5625), ('I', 0.439453125)]"
31,45,5,I,0.4296875,True,"[('I', 0.65234375), ('H', 0.34765625)]"
31,45,6,H,1.8046875,True,"[('I', 0.8359375), ('H', 0.1640625)]"
31,45,7,I,0.1796875,True,"[('I', 0.8359375), ('H', 0.1640625)]"
31,45,8,I,0.10009765625,True,"[('I', 0.90625), ('H', 0.09619140625)]"
31,45,9,H,0.126953125,True,"[('H', 0.87890625), ('I', 0.11962890625)]"
31,45,10,I,1.40625,True,"[('H', 0.75390625), ('I', 0.2451171875)]"
31,46,1,H,0.126953125,False,"[('H', 0.87890625), ('I', 0.11962890625)]"
31,46,2,H,0.16015625,False,"[('H', 0.8515625), ('I', 0.1474609375)]"
31,46,3,H,0.16015625,False,"[('H', 0.8515625), ('I', 0.1474609375)]"
31,46,4,H,0.0380859375,False,"[('H', 0.9609375), ('I', 0.03759765625)]"
31,46,5,I,0.3125,True,"[('I', 0.73046875), ('H', 0.26953125)]"
31,46,6,H,0.8984375,True,"[('I', 0.59375), ('H', 0.40625)]"
31,46,7,H,1.0546875,True,"[('I', 0.65234375), ('H', 0.34765625)]"
31,46,8,I,0.474609375,True,"[('I', 0.62109375), ('H', 0.37890625)]"
31,46,9,I,1.0546875,True,"[('H', 0.65234375), ('I', 0.34765625)]"
31,46,10,H,0.5234375,True,"[('H', 0.59375), ('I', 0.40625)]"
31,47,1,I,0.474609375,False,"[('I', 0.62109375), ('H', 0.37890625)]"
31,47,2,H,0.57421875,False,"[('H', 0.5625), ('I', 0.439453125)]"
31,47,3,H,1.0546875,False,"[('I', 0.65234375), ('H', 0.34765625)]"
31,47,4,I,0.38671875,False,"[('I', 0.6796875), ('H', 0.3203125)]"
31,47,5,I,0.7578125,True,"[('H', 0.53125), ('I', 0.46875)]"
31,48,1,I,0.4296875,False,"[('I', 0.65234375), ('H', 0.34765625)]"
31,48,2,H,0.28125,False,"[('H', 0.75390625), ('I', 0.2451171875)]"
31,48,3,H,0.4296875,False,"[('H', 0.65234375), ('I', 0.34765625)]"
31,48,4,H,0.251953125,False,"[('H', 0.77734375), ('I', 0.22265625)]"
31,48,5,I,1.9140625,True,"[('H', 0.8515625), ('I', 0.1474609375)]"
31,49,1,I,1.3125,False,"[('H', 0.73046875), ('I', 0.26953125)]"
31,49,2,H,0.3125,False,"[('H', 0.73046875), ('I', 0.26953125)]"
31,49,3,I,0.1796875,False,"[('I', 0.8359375), ('H', 0.1640625)]"
31,49,4,I,0.201171875,False,"[('I', 0.81640625), ('H', 0.181640625)]"
31,49,5,H,1.8046875,True,"[('I', 0.8359375), ('H', 0.1640625)]"
31,50,1,I,0.2255859375,False,"[('I', 0.796875), ('H', 0.201171875)]"
31,50,2,I,0.1796875,False,"[('I', 0.8359375), ('H', 0.1640625)]"
31,50,3,I,0.16015625,False,"[('I', 0.8515625), ('H', 0.1474609375)]"
31,50,4,H,0.8984375,False,"[('I', 0.59375), ('H', 0.40625)]"
31,50,5,I,0.69140625,True,"[('I', 0.5), ('H', 0.5)]"
31,50,6,I,0.251953125,True,"[('I', 0.77734375), ('H', 0.22265625)]"
31,50,7,I,0.2255859375,True,"[('I', 0.796875), ('H', 0.201171875)]"
31,50,8,I,0.126953125,True,"[('I', 0.87890625), ('H', 0.11962890625)]"
31,50,9,I,0.474609375,True,"[('I', 0.62109375), ('H', 0.37890625)]"
31,50,10,I,0.3125,True,"[('I', 0.73046875), ('H', 0.26953125)]"
31,51,1,I,0.16015625,False,"[('I', 0.8515625), ('H', 0.1474609375)]"
31,51,2,I,1.5,False,"[('H', 0.77734375), ('I', 0.22265625)]"
31,51,3,I,0.28125,False,"[('I', 0.75390625), ('H', 0.2451171875)]"
31,51,4,I,0.4296875,False,"[('I', 0.65234375), ('H', 0.34765625)]"
31,51,5,I,0.3125,True,"[('I', 0.73046875), ('H', 0.26953125)]"
31,52,1,H,2.34375,False,"[('I', 0.90625), ('H', 0.09619140625)]"
31,52,2,H,0.57421875,False,"[('H', 0.5625), ('I', 0.439453125)]"
31,52,3,H,0.4296875,False,"[('H', 0.65234375), ('I', 0.34765625)]"
31,52,4,I,0.8984375,False,"[('H', 0.59375), ('I', 0.40625)]"
31,52,5,H,0.201171875,True,"[('H', 0.81640625), ('I', 0.181640625)]"
31,52,6,H,0.251953125,True,"[('H', 0.77734375), ('I', 0.22265625)]"
31,52,7,H,0.0791015625,True,"[('H', 0.92578125), ('I', 0.07568359375)]"
31,52,8,H,0.126953125,True,"[('H', 0.87890625), ('I', 0.11962890625)]"
31,52,9,H,0.474609375,True,"[('H', 0.62109375), ('I', 0.37890625)]"
31,52,10,H,0.7578125,True,"[('I', 0.53125), ('H', 0.46875)]"
31,53,1,I,0.57421875,False,"[('I', 0.5625), ('H', 0.439453125)]"
31,53,2,I,0.474609375,False,"[('I', 0.62109375), ('H', 0.37890625)]"
31,53,3,I,0.16015625,False,"[('I', 0.8515625), ('H', 0.1474609375)]"
31,53,4,H,1.3125,False,"[('I', 0.73046875), ('H', 0.26953125)]"
31,53,5,H,1.2265625,True,"[('I', 0.70703125), ('H', 0.29296875)]"
31,53,6,I,0.4296875,True,"[('I', 0.65234375), ('H', 0.34765625)]"
31,53,7,H,0.97265625,True,"[('I', 0.62109375), ('H', 0.37890625)]"
31,53,8,H,0.57421875,True,"[('H', 0.5625), ('I', 0.439453125)]"
31,53,9,I,0.57421875,True,"[('I', 0.5625), ('H', 0.439453125)]"
31,53,10,I,0.2255859375,True,"[('I', 0.796875), ('H', 0.201171875)]"
31,54,1,H,1.140625,False,"[('I', 0.6796875), ('H', 0.3203125)]"
31,54,2,I,0.4296875,False,"[('I', 0.65234375), ('H', 0.34765625)]"
31,54,3,H,0.28125,False,"[('H', 0.75390625), ('I', 0.2451171875)]"
31,54,4,I,0.6328125,False,"[('I', 0.53125), ('H', 0.46875)]"
31,54,5,H,0.16015625,True,"[('H', 0.8515625), ('I', 0.1474609375)]"
31,54,6,H,0.57421875,True,"[('H', 0.5625), ('I', 0.439453125)]"
31,54,7,H,0.6328125,True,"[('H', 0.53125), ('I', 0.46875)]"
31,54,8,H,0.3125,True,"[('H', 0.73046875), ('I', 0.26953125)]"
31,54,9,H,0.054931640625,True,"[('H', 0.9453125), ('I', 0.052978515625)]"
31,54,10,H,0.8984375,True,"[('I', 0.59375), ('H', 0.40625)]"
31,55,1,H,0.3125,False,"[('H', 0.73046875), ('I', 0.26953125)]"
31,55,2,H,0.201171875,False,"[('H', 0.81640625), ('I', 0.181640625)]"
31,55,3,I,1.140625,False,"[('H', 0.6796875), ('I', 0.3203125)]"
31,55,4,H,0.38671875,False,"[('H', 0.6796875), ('I', 0.3203125)]"
31,55,5,I,2.34375,True,"[('H', 0.90625), ('I', 0.09619140625)]"
31,56,1,I,0.1796875,False,"[('I', 0.8359375), ('H', 0.1640625)]"
31,56,2,I,0.2255859375,False,"[('I', 0.796875), ('H', 0.201171875)]"
31,56,3,I,0.201171875,False,"[('I', 0.81640625), ('H', 0.181640625)]"
31,56,4,I,0.1796875,False,"[('I', 0.8359375), ('H', 0.1640625)]"
31,56,5,H,1.2265625,True,"[('I', 0.70703125), ('H', 0.29296875)]"
31,57,1,I,0.1796875,False,"[('I', 0.8359375), ('H', 0.1640625)]"
31,57,2,I,0.06982421875,False,"[('I', 0.93359375), ('H', 0.06787109375)]"
31,57,3,H,0.142578125,False,"[('H', 0.8671875), ('I', 0.1328125)]"
31,57,4,H,0.04296875,False,"[('H', 0.95703125), ('I', 0.0419921875)]"
31,57,5,I,0.048583984375,True,"[('I', 0.953125), ('H', 0.047607421875)]"
31,58,1,I,0.16015625,False,"[('I', 0.8515625), ('H', 0.1474609375)]"
31,58,2,I,0.474609375,False,"[('I', 0.62109375), ('H', 0.37890625)]"
31,58,3,H,0.97265625,False,"[('I', 0.62109375), ('H', 0.37890625)]"
31,58,4,I,0.10009765625,False,"[('I', 0.90625), ('H', 0.09619140625)]"
31,58,5,I,0.11279296875,True,"[('I', 0.89453125), ('H', 0.10693359375)]"
31,59,1,I,0.0206298828125,False,"[('I', 0.98046875), ('H', 0.0203857421875)]"
31,59,2,H,0.054931640625,False,"[('H', 0.9453125), ('I', 0.052978515625)]"
31,59,3,H,0.04296875,False,"[('H', 0.95703125), ('I', 0.0419921875)]"
31,59,4,H,0.02978515625,False,"[('H', 0.96875), ('I', 0.029296875)]"
31,59,5,I,0.201171875,True,"[('I', 0.81640625), ('H', 0.181640625)]"
31,60,1,H,0.3125,False,"[('H', 0.73046875), ('I', 0.26953125)]"
31,60,2,H,0.57421875,False,"[('H', 0.5625), ('I', 0.439453125)]"
31,60,3,I,0.251953125,False,"[('I', 0.77734375), ('H', 0.22265625)]"
31,60,4,H,0.4296875,False,"[('H', 0.65234375), ('I', 0.34765625)]"
31,60,5,I,0.4296875,True,"[('I', 0.65234375), ('H', 0.34765625)]"
31,61,1,I,0.16015625,False,"[('I', 0.8515625), ('H', 0.1474609375)]"
31,61,2,I,0.1796875,False,"[('I', 0.8359375), ('H', 0.1640625)]"
31,61,3,I,0.2255859375,False,"[('I', 0.796875), ('H', 0.201171875)]"
31,61,4,I,0.28125,False,"[('I', 0.75390625), ('H', 0.2451171875)]"
31,61,5,I,0.16015625,True,"[('I', 0.8515625), ('H', 0.1474609375)]"
31,62,1,I,0.06201171875,False,"[('I', 0.94140625), ('H', 0.06005859375)]"
31,62,2,H,1.0546875,False,"[('I', 0.65234375), ('H', 0.34765625)]"
31,62,3,I,0.6328125,False,"[('I', 0.53125), ('H', 0.46875)]"
31,62,4,I,1.3125,False,"[('H', 0.73046875), ('I', 0.26953125)]"
31,62,5,I,1.3125,True,"[('H', 0.73046875), ('I', 0.26953125)]"
31,63,1,I,0.7578125,False,"[('H', 0.53125), ('I', 0.46875)]"
31,63,2,H,0.97265625,False,"[('I', 0.62109375), ('H', 0.37890625)]"
31,63,3,H,1.8046875,False,"[('I', 0.8359375), ('H', 0.1640625)]"
31,63,4,I,0.4296875,False,"[('I', 0.65234375), ('H', 0.34765625)]"
31,63,5,I,0.5234375,True,"[('I', 0.59375), ('H', 0.40625)]"
31,63,6,I,0.7578125,True,"[('H', 0.53125), ('I', 0.46875)]"
31,63,7,I,0.5234375,True,"[('I', 0.59375), ('H', 0.40625)]"
31,63,8,H,0.578125,True,"[('H', 0.5625), ('I', 0.4375)]"
31,63,9,I,0.3125,True,"[('I', 0.73046875), ('H', 0.26953125)]"
31,63,10,I,0.251953125,True,"[('I', 0.77734375), ('H', 0.22265625)]"
31,64,1,H,0.7578125,False,"[('I', 0.53125), ('H', 0.46875)]"
31,64,2,H,0.474609375,False,"[('H', 0.62109375), ('I', 0.37890625)]"
31,64,3,H,0.38671875,False,"[('H', 0.6796875), ('I', 0.3203125)]"
31,64,4,H,0.251953125,False,"[('H', 0.77734375), ('I', 0.22265625)]"
31,64,5,H,0.5234375,True,"[('H', 0.59375), ('I', 0.40625)]"
31,64,6,H,0.474609375,True,"[('H', 0.62109375), ('I', 0.37890625)]"
31,64,7,H,0.126953125,True,"[('H', 0.87890625), ('I', 0.11962890625)]"
31,64,8,H,0.1796875,True,"[('H', 0.8359375), ('I', 0.1640625)]"
31,64,9,H,0.2255859375,True,"[('H', 0.796875), ('I', 0.201171875)]"
31,64,10,H,0.251953125,True,"[('H', 0.77734375), ('I', 0.22265625)]"
31,65,1,H,0.201171875,False,"[('H', 0.81640625), ('I', 0.181640625)]"
31,65,2,H,0.5234375,False,"[('H', 0.59375), ('I', 0.40625)]"
31,65,3,H,0.16015625,False,"[('H', 0.8515625), ('I', 0.1474609375)]"
31,65,4,I,0.251953125,False,"[('I', 0.77734375), ('H', 0.22265625)]"
31,65,5,I,0.1796875,True,"[('I', 0.8359375), ('H', 0.1640625)]"
31,66,1,I,0.054931640625,False,"[('I', 0.9453125), ('H', 0.052978515625)]"
31,66,2,I,0.06201171875,False,"[('I', 0.94140625), ('H', 0.06005859375)]"
31,66,3,I,0.03369140625,False,"[('I', 0.96875), ('H', 0.033203125)]"
31,66,4,I,0.04296875,False,"[('I', 0.95703125), ('H', 0.0419921875)]"
31,66,5,I,0.04296875,True,"[('I', 0.95703125), ('H', 0.0419921875)]"
31,66,6,I,1.0546875,True,"[('H', 0.65234375), ('I', 0.34765625)]"
31,66,7,I,0.0380859375,True,"[('I', 0.9609375), ('H', 0.03759765625)]"
31,66,8,I,0.0703125,True,"[('I', 0.93359375), ('H', 0.06787109375)]"
31,66,9,I,0.03369140625,True,"[('I', 0.96875), ('H', 0.033203125)]"
31,66,10,I,0.0263671875,True,"[('I', 0.97265625), ('H', 0.02587890625)]"
31,67,1,I,0.0380859375,False,"[('I', 0.9609375), ('H', 0.03759765625)]"
31,67,2,I,0.0125732421875,False,"[('I', 0.98828125), ('H', 0.0125732421875)]"
31,67,3,I,0.01611328125,False,"[('I', 0.984375), ('H', 0.015625)]"
31,67,4,H,0.314453125,False,"[('H', 0.73046875), ('I', 0.26953125)]"
31,67,5,H,0.1796875,True,"[('H', 0.8359375), ('I', 0.1640625)]"
31,68,1,I,0.03369140625,False,"[('I', 0.96875), ('H', 0.033203125)]"
31,68,2,I,0.38671875,False,"[('I', 0.6796875), ('H', 0.3203125)]"
31,68,3,H,0.349609375,False,"[('H', 0.703125), ('I', 0.29296875)]"
31,68,4,I,0.2255859375,False,"[('I', 0.796875), ('H', 0.201171875)]"
31,68,5,I,0.201171875,True,"[('I', 0.81640625), ('H', 0.181640625)]"
31,68,6,I,0.0791015625,True,"[('I', 0.92578125), ('H', 0.07568359375)]"
31,68,7,I,0.28125,True,"[('I', 0.75390625), ('H', 0.2451171875)]"
31,68,8,I,0.16015625,True,"[('I', 0.8515625), ('H', 0.1474609375)]"
31,68,9,I,0.03369140625,True,"[('I', 0.96875), ('H', 0.033203125)]"
31,68,10,I,0.0380859375,True,"[('I', 0.9609375), ('H', 0.03759765625)]"
31,69,1,I,0.0233154296875,False,"[('I', 0.9765625), ('H', 0.023193359375)]"
31,69,2,I,0.048828125,False,"[('I', 0.953125), ('H', 0.047607421875)]"
31,69,3,I,0.01611328125,False,"[('I', 0.984375), ('H', 0.015625)]"
31,69,4,I,0.0181884765625,False,"[('I', 0.98046875), ('H', 0.0177001953125)]"
31,69,5,I,0.01263427734375,True,"[('I', 0.98828125), ('H', 0.0125732421875)]"
31,69,6,I,0.1005859375,True,"[('I', 0.90625), ('H', 0.09619140625)]"
31,69,7,I,0.048828125,True,"[('I', 0.953125), ('H', 0.047607421875)]"
31,69,8,I,0.0703125,True,"[('I', 0.93359375), ('H', 0.06787109375)]"
31,69,9,I,0.062255859375,True,"[('I', 0.94140625), ('H', 0.06005859375)]"
31,69,10,I,0.1796875,True,"[('I', 0.8359375), ('H', 0.1640625)]"
31,70,1,I,0.05517578125,False,"[('I', 0.9453125), ('H', 0.052978515625)]"
31,70,2,I,0.126953125,False,"[('I', 0.87890625), ('H', 0.11962890625)]"
31,70,3,I,0.05517578125,False,"[('I', 0.9453125), ('H', 0.052978515625)]"
31,70,4,I,0.0162353515625,False,"[('I', 0.984375), ('H', 0.015625)]"
31,70,5,I,0.01434326171875,True,"[('I', 0.984375), ('H', 0.0142822265625)]"
31,71,1,I,0.0142822265625,False,"[('I', 0.984375), ('H', 0.0142822265625)]"
31,71,2,I,0.020751953125,False,"[('I', 0.98046875), ('H', 0.0203857421875)]"
31,71,3,I,1.0546875,False,"[('H', 0.65234375), ('I', 0.34765625)]"
31,71,4,H,0.0703125,False,"[('H', 0.93359375), ('I', 0.06787109375)]"
31,71,5,H,0.16015625,True,"[('H', 0.8515625), ('I', 0.1474609375)]"
31,72,1,H,0.1005859375,False,"[('H', 0.90625), ('I', 0.09619140625)]"
31,72,2,H,0.11328125,False,"[('H', 0.89453125), ('I', 0.10693359375)]"
31,72,3,H,0.126953125,False,"[('H', 0.87890625), ('I', 0.11962890625)]"
31,72,4,H,0.0380859375,False,"[('H', 0.9609375), ('I', 0.03759765625)]"
31,72,5,I,0.048828125,True,"[('I', 0.953125), ('H', 0.047607421875)]"
31,72,6,I,0.033935546875,True,"[('I', 0.96484375), ('H', 0.033203125)]"
31,72,7,H,3.890625,True,"[('I', 0.98046875), ('H', 0.0203857421875)]"
31,72,8,I,0.0703125,True,"[('I', 0.93359375), ('H', 0.06787109375)]"
31,72,9,I,0.048828125,True,"[('I', 0.953125), ('H', 0.047607421875)]"
31,72,10,I,0.048828125,True,"[('I', 0.953125), ('H', 0.047607421875)]"
31,73,1,I,0.0234375,False,"[('I', 0.9765625), ('H', 0.0228271484375)]"
31,73,2,I,3.65625,False,"[('H', 0.97265625), ('I', 0.02587890625)]"
31,73,3,I,0.1005859375,False,"[('I', 0.90625), ('H', 0.09619140625)]"
31,73,4,I,0.251953125,False,"[('I', 0.77734375), ('H', 0.22265625)]"
31,73,5,H,0.474609375,True,"[('H', 0.62109375), ('I', 0.37890625)]"
31,73,6,H,0.2021484375,True,"[('H', 0.81640625), ('I', 0.181640625)]"
31,73,7,H,0.1005859375,True,"[('H', 0.90625), ('I', 0.09619140625)]"
31,73,8,H,0.1005859375,True,"[('H', 0.90625), ('I', 0.09619140625)]"
31,73,9,H,0.0791015625,True,"[('H', 0.92578125), ('I', 0.07568359375)]"
31,73,10,H,0.062255859375,True,"[('H', 0.94140625), ('I', 0.06005859375)]"
31,74,1,H,0.0791015625,False,"[('H', 0.92578125), ('I', 0.07568359375)]"
31,74,2,H,0.054931640625,False,"[('H', 0.9453125), ('I', 0.052978515625)]"
31,74,3,H,0.03369140625,False,"[('H', 0.96875), ('I', 0.033203125)]"
31,74,4,H,0.0380859375,False,"[('H', 0.9609375), ('I', 0.03759765625)]"
31,74,5,H,0.05517578125,True,"[('H', 0.9453125), ('I', 0.052978515625)]"
31,75,1,I,2.578125,False,"[('H', 0.92578125), ('I', 0.07568359375)]"
31,75,2,I,0.126953125,False,"[('I', 0.87890625), ('H', 0.11962890625)]"
31,75,3,H,1.140625,False,"[('I', 0.6796875), ('H', 0.3203125)]"
31,75,4,I,0.1005859375,False,"[('I', 0.90625), ('H', 0.09619140625)]"
31,75,5,I,0.28125,True,"[('I', 0.75390625), ('H', 0.2451171875)]"
31,76,1,I,0.126953125,False,"[('I', 0.87890625), ('H', 0.11962890625)]"
31,76,2,I,0.08935546875,False,"[('I', 0.9140625), ('H', 0.08447265625)]"
31,76,3,I,0.126953125,False,"[('I', 0.87890625), ('H', 0.11962890625)]"
31,76,4,I,0.2255859375,False,"[('I', 0.796875), ('H', 0.201171875)]"
31,76,5,I,0.0703125,True,"[('I', 0.93359375), ('H', 0.06787109375)]"
31,77,1,H,2.125,False,"[('I', 0.87890625), ('H', 0.11962890625)]"
31,77,2,H,1.9140625,False,"[('I', 0.8515625), ('H', 0.1474609375)]"
31,77,3,H,0.7578125,False,"[('I', 0.53125), ('H', 0.46875)]"
31,77,4,H,0.4296875,False,"[('H', 0.65234375), ('I', 0.34765625)]"
31,77,5,H,0.16015625,True,"[('H', 0.8515625), ('I', 0.1474609375)]"
31,77,6,H,1.5,True,"[('I', 0.77734375), ('H', 0.22265625)]"
31,77,7,I,0.4296875,True,"[('I', 0.65234375), ('H', 0.34765625)]"
31,77,8,I,1.0546875,True,"[('H', 0.65234375), ('I', 0.34765625)]"
31,77,9,I,0.349609375,True,"[('I', 0.703125), ('H', 0.29296875)]"
31,77,10,I,0.08935546875,True,"[('I', 0.9140625), ('H', 0.08447265625)]"
31,78,1,I,0.0791015625,False,"[('I', 0.92578125), ('H', 0.07568359375)]"
31,78,2,I,1.0546875,False,"[('H', 0.65234375), ('I', 0.34765625)]"
31,78,3,H,0.38671875,False,"[('H', 0.6796875), ('I', 0.3203125)]"
31,78,4,I,1.703125,False,"[('H', 0.81640625), ('I', 0.181640625)]"
31,78,5,H,0.578125,True,"[('H', 0.5625), ('I', 0.4375)]"
31,78,6,H,0.4296875,True,"[('H', 0.65234375), ('I', 0.34765625)]"
31,78,7,H,0.2255859375,True,"[('H', 0.796875), ('I', 0.201171875)]"
31,78,8,H,0.2021484375,True,"[('H', 0.81640625), ('I', 0.181640625)]"
31,78,9,I,1.6015625,True,"[('H', 0.796875), ('I', 0.201171875)]"
31,78,10,I,1.5,True,"[('H', 0.77734375), ('I', 0.22265625)]"
31,79,1,H,0.251953125,False,"[('H', 0.77734375), ('I', 0.22265625)]"
31,79,2,H,0.474609375,False,"[('H', 0.62109375), ('I', 0.37890625)]"
31,79,3,H,0.2255859375,False,"[('H', 0.796875), ('I', 0.201171875)]"
31,79,4,H,0.251953125,False,"[('H', 0.77734375), ('I', 0.22265625)]"
31,79,5,H,0.251953125,True,"[('H', 0.77734375), ('I', 0.22265625)]"
31,80,1,H,0.2021484375,False,"[('H', 0.81640625), ('I', 0.181640625)]"
31,80,2,I,0.349609375,False,"[('I', 0.703125), ('H', 0.29296875)]"
31,80,3,I,0.349609375,False,"[('I', 0.703125), ('H', 0.29296875)]"
31,80,4,I,0.28125,False,"[('I', 0.75390625), ('H', 0.2451171875)]"
31,80,5,I,0.4296875,True,"[('I', 0.65234375), ('H', 0.34765625)]"
31,81,1,I,0.2021484375,False,"[('I', 0.81640625), ('H', 0.181640625)]"
31,81,2,I,0.349609375,False,"[('I', 0.703125), ('H', 0.29296875)]"
31,81,3,I,0.08935546875,False,"[('I', 0.9140625), ('H', 0.08447265625)]"
31,81,4,I,0.1435546875,False,"[('I', 0.8671875), ('H', 0.1328125)]"
31,81,5,I,0.126953125,True,"[('I', 0.87890625), ('H', 0.11962890625)]"
31,82,1,I,0.126953125,False,"[('I', 0.87890625), ('H', 0.11962890625)]"
31,82,2,I,0.08935546875,False,"[('I', 0.9140625), ('H', 0.08447265625)]"
31,82,3,I,0.038330078125,False,"[('I', 0.9609375), ('H', 0.03759765625)]"
31,82,4,I,0.033935546875,False,"[('I', 0.96484375), ('H', 0.033203125)]"
31,82,5,I,0.055419921875,True,"[('I', 0.9453125), ('H', 0.052978515625)]"
31,83,1,H,0.349609375,False,"[('H', 0.703125), ('I', 0.29296875)]"
31,83,2,H,0.1005859375,False,"[('H', 0.90625), ('I', 0.09619140625)]"
31,83,3,H,0.049072265625,False,"[('H', 0.953125), ('I', 0.047607421875)]"
31,83,4,H,0.04345703125,False,"[('H', 0.95703125), ('I', 0.0419921875)]"
31,83,5,H,0.055419921875,True,"[('H', 0.9453125), ('I', 0.052978515625)]"
31,84,1,H,0.0703125,False,"[('H', 0.93359375), ('I', 0.06689453125)]"
31,84,2,H,0.578125,False,"[('H', 0.5625), ('I', 0.4375)]"
31,84,3,I,0.07958984375,False,"[('I', 0.921875), ('H', 0.07568359375)]"
31,84,4,H,1.2265625,False,"[('I', 0.703125), ('H', 0.29296875)]"
31,84,5,H,0.5234375,True,"[('H', 0.59375), ('I', 0.40625)]"
31,84,6,I,1.0546875,True,"[('H', 0.65234375), ('I', 0.34765625)]"
31,84,7,I,1.0546875,True,"[('H', 0.65234375), ('I', 0.34765625)]"
31,84,8,H,0.38671875,True,"[('H', 0.6796875), ('I', 0.3203125)]"
31,84,9,I,0.6328125,True,"[('I', 0.53125), ('H', 0.46875)]"
31,84,10,I,0.8984375,True,"[('H', 0.59375), ('I', 0.40625)]"
31,85,1,I,0.6328125,False,"[('I', 0.53125), ('H', 0.46875)]"
31,85,2,I,0.4296875,False,"[('I', 0.65234375), ('H', 0.34765625)]"
31,85,3,I,0.38671875,False,"[('I', 0.6796875), ('H', 0.3203125)]"
31,85,4,I,0.1005859375,False,"[('I', 0.90625), ('H', 0.09619140625)]"
31,85,5,I,0.1005859375,True,"[('I', 0.90625), ('H', 0.09619140625)]"
31,85,6,I,0.07958984375,True,"[('I', 0.921875), ('H', 0.07568359375)]"
31,85,7,H,1.6015625,True,"[('I', 0.796875), ('H', 0.201171875)]"
31,85,8,H,0.8984375,True,"[('I', 0.59375), ('H', 0.40625)]"
31,85,9,H,0.6328125,True,"[('H', 0.53125), ('I', 0.46875)]"
31,85,10,I,0.9765625,True,"[('H', 0.62109375), ('I', 0.376953125)]"
31,86,1,H,0.6953125,False,"[('I', 0.498046875), ('H', 0.498046875)]"
31,86,2,I,0.314453125,False,"[('I', 0.73046875), ('H', 0.26953125)]"
31,86,3,I,0.1005859375,False,"[('I', 0.90625), ('H', 0.09619140625)]"
31,86,4,H,2.46875,False,"[('I', 0.9140625), ('H', 0.08447265625)]"
31,86,5,H,1.0546875,True,"[('I', 0.65234375), ('H', 0.34765625)]"
31,87,1,I,0.7578125,False,"[('H', 0.53125), ('I', 0.46875)]"
31,87,2,I,0.4296875,False,"[('I', 0.65234375), ('H', 0.34765625)]"
31,87,3,I,0.314453125,False,"[('I', 0.73046875), ('H', 0.26953125)]"
31,87,4,I,0.126953125,False,"[('I', 0.87890625), ('H', 0.11962890625)]"
31,87,5,H,1.140625,True,"[('I', 0.6796875), ('H', 0.3203125)]"
31,87,6,I,0.828125,True,"[('H', 0.5625), ('I', 0.4375)]"
31,87,7,H,1.0546875,True,"[('I', 0.65234375), ('H', 0.34765625)]"
31,87,8,H,0.7578125,True,"[('I', 0.53125), ('H', 0.46875)]"
31,87,9,H,0.4296875,True,"[('H', 0.65234375), ('I', 0.34765625)]"
31,87,10,H,0.251953125,True,"[('H', 0.77734375), ('I', 0.22265625)]"
31,88,1,H,0.6328125,False,"[('H', 0.53125), ('I', 0.46875)]"
31,88,2,H,0.314453125,False,"[('H', 0.73046875), ('I', 0.26953125)]"
31,88,3,I,2.125,False,"[('H', 0.87890625), ('I', 0.11962890625)]"
31,88,4,H,0.4296875,False,"[('H', 0.65234375), ('I', 0.34765625)]"
31,88,5,I,1.140625,True,"[('H', 0.6796875), ('I', 0.3203125)]"
31,89,1,H,0.349609375,False,"[('H', 0.703125), ('I', 0.29296875)]"
31,89,2,H,0.5234375,False,"[('H', 0.59375), ('I', 0.40625)]"
31,89,3,I,0.8984375,False,"[('H', 0.59375), ('I', 0.40625)]"
31,89,4,I,1.2265625,False,"[('H', 0.703125), ('I', 0.29296875)]"
31,89,5,H,0.578125,True,"[('H', 0.5625), ('I', 0.4375)]"
31,89,6,I,0.578125,True,"[('I', 0.5625), ('H', 0.4375)]"
31,89,7,I,0.9765625,True,"[('H', 0.62109375), ('I', 0.376953125)]"
31,89,8,H,0.8984375,True,"[('I', 0.59375), ('H', 0.40625)]"
31,89,9,I,0.474609375,True,"[('I', 0.62109375), ('H', 0.376953125)]"
31,89,10,H,0.8984375,True,"[('I', 0.59375), ('H', 0.40625)]"
31,90,1,H,0.8984375,False,"[('I', 0.59375), ('H', 0.40625)]"
31,90,2,H,0.8984375,False,"[('I', 0.59375), ('H', 0.40625)]"
31,90,3,H,0.7578125,False,"[('I', 0.53125), ('H', 0.46875)]"
31,90,4,H,0.314453125,False,"[('H', 0.73046875), ('I', 0.26953125)]"
31,90,5,H,0.2255859375,True,"[('H', 0.796875), ('I', 0.201171875)]"
31,91,1,H,0.1796875,False,"[('H', 0.8359375), ('I', 0.1640625)]"
31,91,2,H,0.1005859375,False,"[('H', 0.90625), ('I', 0.09619140625)]"
31,91,3,H,0.11328125,False,"[('H', 0.89453125), ('I', 0.10693359375)]"
31,91,4,H,0.1279296875,False,"[('H', 0.87890625), ('I', 0.11962890625)]"
31,91,5,H,0.5234375,True,"[('H', 0.59375), ('I', 0.40625)]"
31,91,6,H,0.251953125,True,"[('H', 0.77734375), ('I', 0.22265625)]"
31,91,7,H,0.314453125,True,"[('H', 0.73046875), ('I', 0.26953125)]"
31,91,8,H,0.142578125,True,"[('H', 0.8671875), ('I', 0.1328125)]"
31,91,9,H,0.2255859375,True,"[('H', 0.796875), ('I', 0.201171875)]"
31,91,10,I,1.6015625,True,"[('H', 0.796875), ('I', 0.201171875)]"
31,92,1,I,1.0546875,False,"[('H', 0.65234375), ('I', 0.34765625)]"
31,92,2,I,0.5234375,False,"[('I', 0.59375), ('H', 0.40625)]"
31,92,3,I,0.4296875,False,"[('I', 0.65234375), ('H', 0.34765625)]"
31,92,4,I,0.314453125,False,"[('I', 0.73046875), ('H', 0.26953125)]"
31,92,5,H,1.0546875,True,"[('I', 0.65234375), ('H', 0.34765625)]"
31,93,1,H,0.578125,False,"[('H', 0.5625), ('I', 0.4375)]"
31,93,2,H,0.349609375,False,"[('H', 0.703125), ('I', 0.29296875)]"
31,93,3,H,0.1806640625,False,"[('H', 0.8359375), ('I', 0.1640625)]"
31,93,4,H,0.2021484375,False,"[('H', 0.81640625), ('I', 0.181640625)]"
31,93,5,H,0.1806640625,True,"[('H', 0.8359375), ('I', 0.1640625)]"
31,94,1,I,0.828125,False,"[('H', 0.5625), ('I', 0.4375)]"
31,94,2,I,0.314453125,False,"[('I', 0.73046875), ('H', 0.26953125)]"
31,94,3,H,1.40625,False,"[('I', 0.75390625), ('H', 0.2451171875)]"
31,94,4,H,0.38671875,False,"[('H', 0.6796875), ('I', 0.3203125)]"
31,94,5,H,0.349609375,True,"[('H', 0.703125), ('I', 0.29296875)]"
31,94,6,H,0.2021484375,True,"[('H', 0.81640625), ('I', 0.181640625)]"
31,94,7,I,1.0546875,True,"[('H', 0.65234375), ('I', 0.34765625)]"
31,94,8,H,0.8984375,True,"[('I', 0.59375), ('H', 0.40625)]"
31,94,9,I,1.40625,True,"[('H', 0.75390625), ('I', 0.2451171875)]"
31,94,10,I,0.7578125,True,"[('H', 0.53125), ('I', 0.46875)]"
31,95,1,I,0.474609375,False,"[('I', 0.62109375), ('H', 0.376953125)]"
31,95,2,I,0.28125,False,"[('I', 0.75390625), ('H', 0.2451171875)]"
31,95,3,I,0.578125,False,"[('I', 0.5625), ('H', 0.4375)]"
31,95,4,I,0.5234375,False,"[('I', 0.59375), ('H', 0.40625)]"
31,95,5,I,0.2255859375,True,"[('I', 0.796875), ('H', 0.201171875)]"
31,95,6,I,0.1611328125,True,"[('I', 0.8515625), ('H', 0.1474609375)]"
31,95,7,I,0.126953125,True,"[('I', 0.87890625), ('H', 0.11962890625)]"
31,95,8,I,0.11328125,True,"[('I', 0.89453125), ('H', 0.10693359375)]"
31,95,9,I,0.1005859375,True,"[('I', 0.90625), ('H', 0.09619140625)]"
31,95,10,H,1.6015625,True,"[('I', 0.796875), ('H', 0.201171875)]"
31,96,1,H,0.7578125,False,"[('I', 0.53125), ('H', 0.46875)]"
31,96,2,H,0.349609375,False,"[('H', 0.703125), ('I', 0.29296875)]"
31,96,3,H,0.314453125,False,"[('H', 0.73046875), ('I', 0.26953125)]"
31,96,4,H,0.251953125,False,"[('H', 0.77734375), ('I', 0.22265625)]"
31,96,5,H,0.2021484375,True,"[('H', 0.81640625), ('I', 0.181640625)]"
31,96,6,I,1.0546875,True,"[('H', 0.65234375), ('I', 0.34765625)]"
31,96,7,I,0.7578125,True,"[('H', 0.53125), ('I', 0.46875)]"
31,96,8,H,0.97265625,True,"[('I', 0.62109375), ('H', 0.37890625)]"
31,96,9,H,0.828125,True,"[('I', 0.5625), ('H', 0.4375)]"
31,96,10,H,0.251953125,True,"[('H', 0.77734375), ('I', 0.22265625)]"
31,97,1,I,1.40625,False,"[('H', 0.75390625), ('I', 0.2451171875)]"
31,97,2,I,0.6328125,False,"[('I', 0.53125), ('H', 0.46875)]"
31,97,3,I,0.251953125,False,"[('I', 0.77734375), ('H', 0.22265625)]"
31,97,4,I,0.1806640625,False,"[('I', 0.8359375), ('H', 0.1640625)]"
31,97,5,I,0.1435546875,True,"[('I', 0.8671875), ('H', 0.1328125)]"
31,98,1,I,0.1005859375,False,"[('I', 0.90625), ('H', 0.09619140625)]"
31,98,2,I,0.38671875,False,"[('I', 0.6796875), ('H', 0.3203125)]"
31,98,3,I,0.7578125,False,"[('H', 0.53125), ('I', 0.46875)]"
31,98,4,I,0.1796875,False,"[('I', 0.8359375), ('H', 0.1640625)]"
31,98,5,I,0.4296875,True,"[('I', 0.65234375), ('H', 0.34765625)]"
31,98,6,I,0.142578125,True,"[('I', 0.8671875), ('H', 0.1328125)]"
31,98,7,H,2.125,True,"[('I', 0.87890625), ('H', 0.11962890625)]"
31,98,8,H,0.8984375,True,"[('I', 0.59375), ('H', 0.40625)]"
31,98,9,H,0.474609375,True,"[('H', 0.62109375), ('I', 0.376953125)]"
31,98,10,I,1.140625,True,"[('H', 0.6796875), ('I', 0.3203125)]"
31,99,1,I,0.828125,False,"[('H', 0.5625), ('I', 0.4375)]"
31,99,2,I,0.349609375,False,"[('I', 0.703125), ('H', 0.29296875)]"
31,99,3,I,0.251953125,False,"[('I', 0.77734375), ('H', 0.22265625)]"
31,99,4,I,0.2021484375,False,"[('I', 0.81640625), ('H', 0.181640625)]"
31,99,5,I,0.126953125,True,"[('I', 0.87890625), ('H', 0.11962890625)]"
31,100,1,I,0.11328125,False,"[('I', 0.89453125), ('H', 0.10693359375)]"
31,100,2,I,0.349609375,False,"[('I', 0.703125), ('H', 0.29296875)]"
31,100,3,H,1.40625,False,"[('I', 0.75390625), ('H', 0.2451171875)]"
31,100,4,H,0.38671875,False,"[('H', 0.6796875), ('I', 0.3203125)]"
31,100,5,H,0.314453125,True,"[('H', 0.73046875), ('I', 0.26953125)]"
31,101,1,H,0.2021484375,False,"[('H', 0.81640625), ('I', 0.181640625)]"
31,101,2,H,0.126953125,False,"[('H', 0.87890625), ('I', 0.11962890625)]"
31,101,3,H,0.16015625,False,"[('H', 0.8515625), ('I', 0.1474609375)]"
31,101,4,H,0.28125,False,"[('H', 0.75390625), ('I', 0.2451171875)]"
31,101,5,H,0.578125,True,"[('H', 0.5625), ('I', 0.4375)]"
31,102,1,H,0.16015625,False,"[('H', 0.8515625), ('I', 0.1474609375)]"
31,102,2,H,0.1005859375,False,"[('H', 0.90625), ('I', 0.09619140625)]"
31,102,3,H,0.0791015625,False,"[('H', 0.92578125), ('I', 0.07568359375)]"
31,102,4,H,0.0703125,False,"[('H', 0.93359375), ('I', 0.06787109375)]"
31,102,5,H,0.062255859375,True,"[('H', 0.94140625), ('I', 0.06005859375)]"
31,103,1,H,0.314453125,False,"[('H', 0.73046875), ('I', 0.26953125)]"
31,103,2,H,0.1796875,False,"[('H', 0.8359375), ('I', 0.1640625)]"
31,103,3,H,0.0791015625,False,"[('H', 0.92578125), ('I', 0.07568359375)]"
31,103,4,H,0.054931640625,False,"[('H', 0.9453125), ('I', 0.052978515625)]"
31,103,5,H,0.043212890625,True,"[('H', 0.95703125), ('I', 0.0419921875)]"
31,103,6,H,0.043212890625,True,"[('H', 0.95703125), ('I', 0.0419921875)]"
31,103,7,H,0.038330078125,True,"[('H', 0.9609375), ('I', 0.03759765625)]"
31,103,8,H,0.142578125,True,"[('H', 0.8671875), ('I', 0.1328125)]"
31,103,9,H,0.38671875,True,"[('H', 0.6796875), ('I', 0.3203125)]"
31,103,10,H,0.142578125,True,"[('H', 0.8671875), ('I', 0.1328125)]"
31,104,1,H,0.0791015625,False,"[('H', 0.92578125), ('I', 0.07568359375)]"
31,104,2,H,0.048828125,False,"[('H', 0.953125), ('I', 0.047607421875)]"
31,104,3,H,0.048828125,False,"[('H', 0.953125), ('I', 0.047607421875)]"
31,104,4,H,0.03369140625,False,"[('H', 0.96875), ('I', 0.033203125)]"
31,104,5,H,0.054931640625,True,"[('H', 0.9453125), ('I', 0.052978515625)]"
31,104,6,H,0.28125,True,"[('H', 0.75390625), ('I', 0.2451171875)]"
31,104,7,H,0.0888671875,True,"[('H', 0.9140625), ('I', 0.08447265625)]"
31,104,8,H,0.0703125,True,"[('H', 0.93359375), ('I', 0.06787109375)]"
31,104,9,H,0.048828125,True,"[('H', 0.953125), ('I', 0.047607421875)]"
31,104,10,H,0.0380859375,True,"[('H', 0.9609375), ('I', 0.03759765625)]"
31,105,1,H,0.03369140625,False,"[('H', 0.96875), ('I', 0.033203125)]"
31,105,2,H,0.0888671875,False,"[('H', 0.9140625), ('I', 0.08447265625)]"
31,105,3,H,0.054931640625,False,"[('H', 0.9453125), ('I', 0.052978515625)]"
31,105,4,I,3.046875,False,"[('H', 0.953125), ('I', 0.047607421875)]"
31,105,5,I,0.97265625,True,"[('H', 0.62109375), ('I', 0.37890625)]"
31,105,6,I,0.578125,True,"[('I', 0.5625), ('H', 0.4375)]"
31,105,7,H,1.0546875,True,"[('I', 0.65234375), ('H', 0.34765625)]"
31,105,8,I,1.8046875,True,"[('H', 0.8359375), ('I', 0.1640625)]"
31,105,9,I,0.578125,True,"[('I', 0.5625), ('H', 0.4375)]"
31,105,10,H,1.3125,True,"[('I', 0.73046875), ('H', 0.26953125)]"
31,106,1,H,0.5234375,False,"[('H', 0.59375), ('I', 0.40625)]"
31,106,2,H,0.28125,False,"[('H', 0.75390625), ('I', 0.2451171875)]"
31,106,3,H,0.2255859375,False,"[('H', 0.796875), ('I', 0.201171875)]"
31,106,4,H,0.1796875,False,"[('H', 0.8359375), ('I', 0.1640625)]"
31,106,5,H,0.4296875,True,"[('H', 0.65234375), ('I', 0.34765625)]"
31,106,6,I,2.015625,True,"[('H', 0.8671875), ('I', 0.1328125)]"
31,106,7,H,0.5234375,True,"[('H', 0.59375), ('I', 0.40625)]"
31,106,8,H,0.349609375,True,"[('H', 0.703125), ('I', 0.29296875)]"
31,106,9,I,1.5,True,"[('H', 0.77734375), ('I', 0.22265625)]"
31,106,10,H,0.5234375,True,"[('H', 0.59375), ('I', 0.40625)]"
31,107,1,H,0.4296875,False,"[('H', 0.65234375), ('I', 0.34765625)]"
31,107,2,I,1.2265625,False,"[('H', 0.703125), ('I', 0.29296875)]"
31,107,3,I,0.7578125,False,"[('H', 0.53125), ('I', 0.46875)]"
31,107,4,I,0.5234375,False,"[('I', 0.59375), ('H', 0.40625)]"
31,107,5,I,0.4296875,True,"[('I', 0.65234375), ('H', 0.34765625)]"
31,107,6,I,0.34765625,True,"[('I', 0.70703125), ('H', 0.29296875)]"
31,107,7,I,0.3125,True,"[('I', 0.73046875), ('H', 0.26953125)]"
31,107,8,H,0.57421875,True,"[('H', 0.5625), ('I', 0.439453125)]"
31,107,9,H,0.38671875,True,"[('H', 0.6796875), ('I', 0.3203125)]"
31,107,10,I,1.40625,True,"[('H', 0.75390625), ('I', 0.2451171875)]"
31,108,1,I,0.5234375,False,"[('I', 0.59375), ('H', 0.40625)]"
31,108,2,I,0.4296875,False,"[('I', 0.65234375), ('H', 0.34765625)]"
31,108,3,I,0.34765625,False,"[('I', 0.70703125), ('H', 0.29296875)]"
31,108,4,I,0.474609375,False,"[('I', 0.62109375), ('H', 0.37890625)]"
31,108,5,H,1.5,True,"[('I', 0.77734375), ('H', 0.22265625)]"
31,109,1,H,0.7578125,False,"[('I', 0.53125), ('H', 0.46875)]"
31,109,2,I,1.140625,False,"[('H', 0.6796875), ('I', 0.3203125)]"
31,109,3,I,0.474609375,False,"[('I', 0.62109375), ('H', 0.37890625)]"
31,109,4,I,0.314453125,False,"[('I', 0.73046875), ('H', 0.26953125)]"
31,109,5,I,0.28125,True,"[('I', 0.75390625), ('H', 0.2451171875)]"
31,110,1,I,0.2255859375,False,"[('I', 0.796875), ('H', 0.201171875)]"
31,110,2,I,0.201171875,False,"[('I', 0.81640625), ('H', 0.181640625)]"
31,110,3,H,1.3125,False,"[('I', 0.73046875), ('H', 0.26953125)]"
31,110,4,H,0.578125,False,"[('H', 0.5625), ('I', 0.4375)]"
31,110,5,H,0.349609375,True,"[('H', 0.703125), ('I', 0.29296875)]"
31,110,6,H,0.28125,True,"[('H', 0.75390625), ('I', 0.2451171875)]"
31,110,7,I,1.40625,True,"[('H', 0.75390625), ('I', 0.2451171875)]"
31,110,8,I,0.5234375,True,"[('I', 0.59375), ('H', 0.40625)]"
31,110,9,I,0.578125,True,"[('I', 0.5625), ('H', 0.4375)]"
31,110,10,I,0.251953125,True,"[('I', 0.77734375), ('H', 0.22265625)]"
31,111,1,H,1.40625,False,"[('I', 0.75390625), ('H', 0.2451171875)]"
31,111,2,H,0.7578125,False,"[('I', 0.53125), ('H', 0.46875)]"
31,111,3,I,0.7578125,False,"[('H', 0.53125), ('I', 0.46875)]"
31,111,4,I,0.349609375,False,"[('I', 0.703125), ('H', 0.29296875)]"
31,111,5,H,0.6953125,True,"[('I', 0.498046875), ('H', 0.498046875)]"
31,111,6,I,0.6328125,True,"[('I', 0.53125), ('H', 0.46875)]"
31,111,7,I,0.28125,True,"[('I', 0.75390625), ('H', 0.2451171875)]"
31,111,8,I,0.2255859375,True,"[('I', 0.796875), ('H', 0.201171875)]"
31,111,9,I,0.16015625,True,"[('I', 0.8515625), ('H', 0.1474609375)]"
31,111,10,I,0.1796875,True,"[('I', 0.8359375), ('H', 0.1640625)]"
31,112,1,I,0.126953125,False,"[('I', 0.87890625), ('H', 0.11962890625)]"
31,112,2,I,0.314453125,False,"[('I', 0.73046875), ('H', 0.26953125)]"
31,112,3,I,0.142578125,False,"[('I', 0.8671875), ('H', 0.1328125)]"
31,112,4,I,0.201171875,False,"[('I', 0.81640625), ('H', 0.181640625)]"
31,112,5,I,0.126953125,True,"[('I', 0.87890625), ('H', 0.11962890625)]"
31,112,6,I,0.16015625,True,"[('I', 0.8515625), ('H', 0.1474609375)]"
31,112,7,I,0.11279296875,True,"[('I', 0.89453125), ('H', 0.10693359375)]"
31,112,8,I,0.201171875,True,"[('I', 0.81640625), ('H', 0.181640625)]"
31,112,9,H,1.703125,True,"[('I', 0.81640625), ('H', 0.181640625)]"
31,112,10,I,0.6328125,True,"[('I', 0.53125), ('H', 0.46875)]"
31,113,1,I,0.28125,False,"[('I', 0.75390625), ('H', 0.2451171875)]"
31,113,2,H,1.6015625,False,"[('I', 0.796875), ('H', 0.201171875)]"
31,113,3,I,0.474609375,False,"[('I', 0.62109375), ('H', 0.37890625)]"
31,113,4,I,0.314453125,False,"[('I', 0.73046875), ('H', 0.26953125)]"
31,113,5,H,1.40625,True,"[('I', 0.75390625), ('H', 0.2451171875)]"
31,113,6,I,0.578125,True,"[('I', 0.5625), ('H', 0.4375)]"
31,113,7,I,0.28125,True,"[('I', 0.75390625), ('H', 0.2451171875)]"
31,113,8,I,0.201171875,True,"[('I', 0.81640625), ('H', 0.181640625)]"
31,113,9,I,0.16015625,True,"[('I', 0.8515625), ('H', 0.1474609375)]"
31,113,10,I,0.1796875,True,"[('I', 0.8359375), ('H', 0.1640625)]"
31,114,1,I,0.16015625,False,"[('I', 0.8515625), ('H', 0.1474609375)]"
31,114,2,H,1.3125,False,"[('I', 0.73046875), ('H', 0.26953125)]"
31,114,3,I,0.828125,False,"[('H', 0.5625), ('I', 0.4375)]"
31,114,4,H,0.828125,False,"[('I', 0.5625), ('H', 0.4375)]"
31,114,5,H,0.578125,True,"[('H', 0.5625), ('I', 0.4375)]"
31,115,1,H,0.5234375,False,"[('H', 0.59375), ('I', 0.40625)]"
31,115,2,H,0.5234375,False,"[('H', 0.59375), ('I', 0.40625)]"
31,115,3,H,0.38671875,False,"[('H', 0.6796875), ('I', 0.3203125)]"
31,115,4,H,0.38671875,False,"[('H', 0.6796875), ('I', 0.3203125)]"
31,115,5,I,0.97265625,True,"[('H', 0.62109375), ('I', 0.37890625)]"
31,115,6,H,0.6328125,True,"[('H', 0.53125), ('I', 0.46875)]"
31,115,7,H,0.6328125,True,"[('H', 0.53125), ('I', 0.46875)]"
31,115,8,H,0.349609375,True,"[('H', 0.703125), ('I', 0.29296875)]"
31,115,9,H,0.314453125,True,"[('H', 0.73046875), ('I', 0.26953125)]"
31,115,10,I,1.3125,True,"[('H', 0.73046875), ('I', 0.26953125)]"
31,116,1,I,0.97265625,False,"[('H', 0.62109375), ('I', 0.37890625)]"
31,116,2,I,0.6953125,False,"[('I', 0.498046875), ('H', 0.498046875)]"
31,116,3,I,0.97265625,False,"[('H', 0.62109375), ('I', 0.37890625)]"
31,116,4,I,0.474609375,False,"[('I', 0.62109375), ('H', 0.37890625)]"
31,116,5,I,0.38671875,True,"[('I', 0.6796875), ('H', 0.3203125)]"
31,116,6,I,0.38671875,True,"[('I', 0.6796875), ('H', 0.3203125)]"
31,116,7,I,0.349609375,True,"[('I', 0.703125), ('H', 0.29296875)]"
31,116,8,H,1.3125,True,"[('I', 0.73046875), ('H', 0.26953125)]"
31,116,9,H,0.97265625,True,"[('I', 0.62109375), ('H', 0.37890625)]"
31,116,10,H,0.57421875,True,"[('H', 0.5625), ('I', 0.439453125)]"
31,117,1,H,0.6953125,False,"[('I', 0.498046875), ('H', 0.498046875)]"
31,117,2,H,0.578125,False,"[('H', 0.5625), ('I', 0.4375)]"
31,117,3,H,0.578125,False,"[('H', 0.5625), ('I', 0.4375)]"
31,117,4,H,0.474609375,False,"[('H', 0.62109375), ('I', 0.37890625)]"
31,117,5,I,1.3125,True,"[('H', 0.73046875), ('I', 0.26953125)]"
31,118,1,I,0.578125,False,"[('I', 0.5625), ('H', 0.4375)]"
31,118,2,I,0.578125,False,"[('I', 0.5625), ('H', 0.4375)]"
31,118,3,I,0.6328125,False,"[('I', 0.53125), ('H', 0.46875)]"
31,118,4,I,0.5234375,False,"[('I', 0.59375), ('H', 0.40625)]"
31,118,5,I,0.474609375,True,"[('I', 0.62109375), ('H', 0.37890625)]"
31,118,6,I,0.474609375,True,"[('I', 0.62109375), ('H', 0.37890625)]"
31,118,7,H,1.140625,True,"[('I', 0.6796875), ('H', 0.3203125)]"
31,118,8,I,0.7578125,True,"[('H', 0.53125), ('I', 0.46875)]"
31,118,9,H,1.0546875,True,"[('I', 0.65234375), ('H', 0.34765625)]"
31,118,10,I,0.6328125,True,"[('I', 0.53125), ('H', 0.46875)]"
31,119,1,I,0.474609375,False,"[('I', 0.62109375), ('H', 0.37890625)]"
31,119,2,I,0.4296875,False,"[('I', 0.65234375), ('H', 0.34765625)]"
31,119,3,I,0.4296875,False,"[('I', 0.65234375), ('H', 0.34765625)]"
31,119,4,I,0.578125,False,"[('I', 0.5625), ('H', 0.4375)]"
31,119,5,I,0.314453125,True,"[('I', 0.73046875), ('H', 0.26953125)]"
31,120,1,I,0.251953125,False,"[('I', 0.77734375), ('H', 0.22265625)]"
31,120,2,I,0.251953125,False,"[('I', 0.77734375), ('H', 0.22265625)]"
31,120,3,I,0.28125,False,"[('I', 0.75390625), ('H', 0.2451171875)]"
31,120,4,I,0.251953125,False,"[('I', 0.77734375), ('H', 0.22265625)]"
31,120,5,I,0.28125,True,"[('I', 0.75390625), ('H', 0.2451171875)]"
31,120,6,H,1.5,True,"[('I', 0.77734375), ('H', 0.22265625)]"
31,120,7,H,0.6953125,True,"[('I', 0.498046875), ('H', 0.498046875)]"
31,120,8,H,0.6328125,True,"[('H', 0.53125), ('I', 0.46875)]"
31,120,9,H,0.5234375,True,"[('H', 0.59375), ('I', 0.40625)]"
31,120,10,H,0.5234375,True,"[('H', 0.59375), ('I', 0.40625)]"
31,121,1,I,0.97265625,False,"[('H', 0.62109375), ('I', 0.37890625)]"
31,121,2,H,0.6328125,False,"[('H', 0.53125), ('I', 0.46875)]"
31,121,3,I,1.140625,False,"[('H', 0.6796875), ('I', 0.3203125)]"
31,121,4,I,0.6953125,False,"[('I', 0.498046875), ('H', 0.498046875)]"
31,121,5,H,0.8984375,True,"[('I', 0.59375), ('H', 0.40625)]"
31,121,6,I,0.6328125,True,"[('I', 0.53125), ('H', 0.46875)]"
31,121,7,I,0.578125,True,"[('I', 0.5625), ('H', 0.4375)]"
31,121,8,H,0.6953125,True,"[('I', 0.498046875), ('H', 0.498046875)]"
31,121,9,H,0.6328125,True,"[('H', 0.53125), ('I', 0.46875)]"
31,121,10,H,0.5234375,True,"[('H', 0.59375), ('I', 0.40625)]"
31,122,1,H,0.4296875,False,"[('H', 0.65234375), ('I', 0.34765625)]"
31,122,2,I,1.3125,False,"[('H', 0.73046875), ('I', 0.26953125)]"
31,122,3,H,0.7578125,False,"[('I', 0.53125), ('H', 0.46875)]"
31,122,4,H,0.578125,False,"[('H', 0.5625), ('I', 0.4375)]"
31,122,5,H,0.349609375,True,"[('H', 0.703125), ('I', 0.29296875)]"
31,123,1,H,0.28125,False,"[('H', 0.75390625), ('I', 0.2451171875)]"
31,123,2,H,0.314453125,False,"[('H', 0.73046875), ('I', 0.26953125)]"
31,123,3,H,0.2255859375,False,"[('H', 0.796875), ('I', 0.201171875)]"
31,123,4,H,0.2255859375,False,"[('H', 0.796875), ('I', 0.201171875)]"
31,123,5,H,0.251953125,True,"[('H', 0.77734375), ('I', 0.22265625)]"
31,124,1,I,1.5,False,"[('H', 0.77734375), ('I', 0.22265625)]"
31,124,2,H,0.5234375,False,"[('H', 0.59375), ('I', 0.40625)]"
31,124,3,H,0.314453125,False,"[('H', 0.73046875), ('I', 0.26953125)]"
31,124,4,I,1.5,False,"[('H', 0.77734375), ('I', 0.22265625)]"
31,124,5,H,0.4296875,True,"[('H', 0.65234375), ('I', 0.34765625)]"
31,125,1,H,0.2255859375,False,"[('H', 0.796875), ('I', 0.201171875)]"
31,125,2,H,0.2255859375,False,"[('H', 0.796875), ('I', 0.201171875)]"
31,125,3,H,0.16015625,False,"[('H', 0.8515625), ('I', 0.1474609375)]"
31,125,4,H,0.1796875,False,"[('H', 0.8359375), ('I', 0.1640625)]"
31,125,5,H,0.1796875,True,"[('H', 0.8359375), ('I', 0.1640625)]"
31,125,6,H,0.16015625,True,"[('H', 0.8515625), ('I', 0.1474609375)]"
31,125,7,H,0.314453125,True,"[('H', 0.73046875), ('I', 0.26953125)]"
31,125,8,H,0.142578125,True,"[('H', 0.8671875), ('I', 0.1328125)]"
31,125,9,H,0.16015625,True,"[('H', 0.8515625), ('I', 0.1474609375)]"
31,125,10,H,0.16015625,True,"[('H', 0.8515625), ('I', 0.1474609375)]"
31,126,1,H,0.142578125,False,"[('H', 0.8671875), ('I', 0.1328125)]"
31,126,2,H,0.11328125,False,"[('H', 0.89453125), ('I', 0.10693359375)]"
31,126,3,H,0.16015625,False,"[('H', 0.8515625), ('I', 0.1474609375)]"
31,126,4,H,0.1005859375,False,"[('H', 0.90625), ('I', 0.09619140625)]"
31,126,5,H,0.08935546875,True,"[('H', 0.9140625), ('I', 0.08447265625)]"
31,127,1,H,0.126953125,False,"[('H', 0.87890625), ('I', 0.11962890625)]"
31,127,2,H,0.1005859375,False,"[('H', 0.90625), ('I', 0.09619140625)]"
31,127,3,H,0.1005859375,False,"[('H', 0.90625), ('I', 0.09619140625)]"
31,127,4,H,0.1796875,False,"[('H', 0.8359375), ('I', 0.1640625)]"
31,127,5,H,0.28125,True,"[('H', 0.75390625), ('I', 0.2451171875)]"
31,128,1,H,0.11328125,False,"[('H', 0.89453125), ('I', 0.10693359375)]"
31,128,2,I,2.34375,False,"[('H', 0.90625), ('I', 0.09619140625)]"
31,128,3,I,1.0546875,False,"[('H', 0.65234375), ('I', 0.34765625)]"
31,128,4,I,0.828125,False,"[('H', 0.5625), ('I', 0.4375)]"
31,128,5,I,0.7578125,True,"[('H', 0.53125), ('I', 0.46875)]"
31,129,1,I,0.97265625,False,"[('H', 0.62109375), ('I', 0.37890625)]"
31,129,2,I,0.5234375,False,"[('I', 0.59375), ('H', 0.40625)]"
31,129,3,H,0.97265625,False,"[('I', 0.62109375), ('H', 0.37890625)]"
31,129,4,H,0.6328125,False,"[('H', 0.53125), ('I', 0.46875)]"
31,129,5,I,1.0546875,True,"[('H', 0.65234375), ('I', 0.34765625)]"
31,130,1,I,0.7578125,False,"[('H', 0.53125), ('I', 0.46875)]"
31,130,2,I,0.6953125,False,"[('I', 0.498046875), ('H', 0.498046875)]"
31,130,3,I,0.474609375,False,"[('I', 0.62109375), ('H', 0.37890625)]"
31,130,4,I,0.38671875,False,"[('I', 0.6796875), ('H', 0.3203125)]"
31,130,5,I,0.28125,True,"[('I', 0.75390625), ('H', 0.2451171875)]"
31,130,6,I,0.28125,True,"[('I', 0.75390625), ('H', 0.2451171875)]"
31,130,7,I,0.28125,True,"[('I', 0.75390625), ('H', 0.2451171875)]"
31,130,8,H,0.7578125,True,"[('I', 0.53125), ('H', 0.46875)]"
31,130,9,H,0.4296875,True,"[('H', 0.65234375), ('I', 0.34765625)]"
31,130,10,H,0.251953125,True,"[('H', 0.77734375), ('I', 0.22265625)]"
31,131,1,H,0.251953125,False,"[('H', 0.77734375), ('I', 0.22265625)]"
31,131,2,I,1.6015625,False,"[('H', 0.796875), ('I', 0.201171875)]"
31,131,3,H,0.5234375,False,"[('H', 0.59375), ('I', 0.40625)]"
31,131,4,I,1.140625,False,"[('H', 0.6796875), ('I', 0.3203125)]"
31,131,5,I,0.7578125,True,"[('H', 0.53125), ('I', 0.46875)]"
31,131,6,I,0.474609375,True,"[('I', 0.62109375), ('H', 0.376953125)]"
31,131,7,I,0.578125,True,"[('I', 0.5625), ('H', 0.4375)]"
31,131,8,I,0.4296875,True,"[('I', 0.65234375), ('H', 0.34765625)]"
31,131,9,H,1.2265625,True,"[('I', 0.703125), ('H', 0.29296875)]"
31,131,10,I,1.140625,True,"[('H', 0.6796875), ('I', 0.3203125)]"
31,132,1,I,0.578125,False,"[('I', 0.5625), ('H', 0.4375)]"
31,132,2,H,0.8984375,False,"[('I', 0.59375), ('H', 0.40625)]"
31,132,3,H,0.7578125,False,"[('I', 0.53125), ('H', 0.46875)]"
31,132,4,I,0.9765625,False,"[('H', 0.62109375), ('I', 0.376953125)]"
31,132,5,I,0.4296875,True,"[('I', 0.65234375), ('H', 0.34765625)]"
31,133,1,I,0.388671875,False,"[('I', 0.6796875), ('H', 0.3203125)]"
31,133,2,I,0.314453125,False,"[('I', 0.73046875), ('H', 0.26953125)]"
31,133,3,I,0.314453125,False,"[('I', 0.73046875), ('H', 0.26953125)]"
31,133,4,I,0.388671875,False,"[('I', 0.6796875), ('H', 0.3203125)]"
31,133,5,I,0.349609375,True,"[('I', 0.703125), ('H', 0.29296875)]"
31,134,1,H,1.2265625,False,"[('I', 0.703125), ('H', 0.29296875)]"
31,134,2,I,0.6953125,False,"[('I', 0.498046875), ('H', 0.498046875)]"
31,134,3,H,0.9765625,False,"[('I', 0.62109375), ('H', 0.376953125)]"
31,134,4,H,0.5234375,False,"[('H', 0.59375), ('I', 0.40625)]"
31,134,5,H,0.349609375,True,"[('H', 0.703125), ('I', 0.29296875)]"
31,134,6,H,0.283203125,True,"[('H', 0.75390625), ('I', 0.2451171875)]"
31,134,7,H,0.2265625,True,"[('H', 0.796875), ('I', 0.201171875)]"
31,134,8,H,0.181640625,True,"[('H', 0.83203125), ('I', 0.1640625)]"
31,134,9,H,0.181640625,True,"[('H', 0.83203125), ('I', 0.1640625)]"
31,134,10,I,1.6015625,True,"[('H', 0.796875), ('I', 0.201171875)]"
31,135,1,I,1.0546875,False,"[('H', 0.65234375), ('I', 0.34765625)]"
31,135,2,H,0.6953125,False,"[('I', 0.498046875), ('H', 0.498046875)]"
31,135,3,H,0.6953125,False,"[('I', 0.498046875), ('H', 0.498046875)]"
31,135,4,H,0.431640625,False,"[('H', 0.6484375), ('I', 0.34765625)]"
31,135,5,H,0.4765625,True,"[('H', 0.62109375), ('I', 0.376953125)]"
31,135,6,H,0.388671875,True,"[('H', 0.6796875), ('I', 0.3203125)]"
31,135,7,I,1.3125,True,"[('H', 0.73046875), ('I', 0.26953125)]"
31,135,8,H,0.4765625,True,"[('H', 0.62109375), ('I', 0.376953125)]"
31,135,9,I,1.0546875,True,"[('H', 0.6484375), ('I', 0.34765625)]"
31,135,10,I,1.40625,True,"[('H', 0.75390625), ('I', 0.2451171875)]"
31,136,1,I,1.3125,False,"[('H', 0.73046875), ('I', 0.26953125)]"
31,136,2,I,0.76171875,False,"[('H', 0.52734375), ('I', 0.466796875)]"
31,136,3,I,0.76171875,False,"[('H', 0.52734375), ('I', 0.466796875)]"
31,136,4,I,0.4765625,False,"[('I', 0.62109375), ('H', 0.376953125)]"
31,136,5,I,0.283203125,True,"[('I', 0.75390625), ('H', 0.2451171875)]"
31,137,1,H,1.2265625,False,"[('I', 0.703125), ('H', 0.29296875)]"
31,137,2,H,1.0546875,False,"[('I', 0.6484375), ('H', 0.34765625)]"
31,137,3,H,0.76171875,False,"[('I', 0.52734375), ('H', 0.466796875)]"
31,137,4,H,0.52734375,False,"[('H', 0.58984375), ('I', 0.40625)]"
31,137,5,H,0.390625,True,"[('H', 0.67578125), ('I', 0.3203125)]"
31,137,6,H,0.52734375,True,"[('H', 0.58984375), ('I', 0.40625)]"
31,137,7,H,0.390625,True,"[('H', 0.67578125), ('I', 0.3203125)]"
31,137,8,H,0.31640625,True,"[('H', 0.73046875), ('I', 0.267578125)]"
31,137,9,H,0.255859375,True,"[('H', 0.7734375), ('I', 0.2216796875)]"
31,137,10,H,0.353515625,True,"[('H', 0.703125), ('I', 0.29296875)]"
31,138,1,H,0.205078125,False,"[('H', 0.81640625), ('I', 0.181640625)]"
31,138,2,H,0.31640625,False,"[('H', 0.73046875), ('I', 0.26953125)]"
31,138,3,I,1.5078125,False,"[('H', 0.77734375), ('I', 0.2216796875)]"
31,138,4,I,0.9765625,False,"[('H', 0.62109375), ('I', 0.376953125)]"
31,138,5,I,1.0546875,True,"[('H', 0.6484375), ('I', 0.34765625)]"
31,138,6,H,0.478515625,True,"[('H', 0.62109375), ('I', 0.376953125)]"
31,138,7,I,0.76171875,True,"[('H', 0.52734375), ('I', 0.466796875)]"
31,138,8,I,0.83203125,True,"[('H', 0.55859375), ('I', 0.435546875)]"
31,138,9,I,0.69921875,True,"[('I', 0.49609375), ('H', 0.49609375)]"
31,138,10,H,0.90234375,True,"[('I', 0.58984375), ('H', 0.40625)]"
31,139,1,H,0.58203125,False,"[('H', 0.55859375), ('I', 0.435546875)]"
31,139,2,I,0.9765625,False,"[('H', 0.62109375), ('I', 0.376953125)]"
31,139,3,H,0.28515625,False,"[('H', 0.75), ('I', 0.2451171875)]"
31,139,4,H,0.52734375,False,"[('H', 0.58984375), ('I', 0.40625)]"
31,139,5,H,0.578125,True,"[('H', 0.5625), ('I', 0.4375)]"
31,140,1,H,0.431640625,False,"[('H', 0.6484375), ('I', 0.34765625)]"
31,140,2,H,0.283203125,False,"[('H', 0.75390625), ('I', 0.2451171875)]"
31,140,3,H,0.2275390625,False,"[('H', 0.796875), ('I', 0.201171875)]"
31,140,4,H,0.283203125,False,"[('H', 0.75390625), ('I', 0.2451171875)]"
31,140,5,H,0.255859375,True,"[('H', 0.7734375), ('I', 0.2216796875)]"
31,140,6,H,0.205078125,True,"[('H', 0.81640625), ('I', 0.181640625)]"
31,140,7,H,0.2041015625,True,"[('H', 0.81640625), ('I', 0.181640625)]"
31,140,8,H,0.146484375,True,"[('H', 0.86328125), ('I', 0.1328125)]"
31,140,9,I,2.234375,True,"[('H', 0.890625), ('I', 0.10693359375)]"
31,140,10,I,2.015625,True,"[('H', 0.86328125), ('I', 0.1328125)]"
31,141,1,I,1.40625,False,"[('H', 0.75), ('I', 0.2451171875)]"
31,141,2,I,0.83203125,False,"[('H', 0.55859375), ('I', 0.435546875)]"
31,141,3,I,0.9765625,False,"[('H', 0.62109375), ('I', 0.376953125)]"
31,141,4,I,0.9765625,False,"[('H', 0.62109375), ('I', 0.376953125)]"
31,141,5,I,0.83203125,True,"[('H', 0.55859375), ('I', 0.435546875)]"
31,142,1,I,0.53125,False,"[('I', 0.5859375), ('H', 0.404296875)]"
31,142,2,I,0.431640625,False,"[('I', 0.6484375), ('H', 0.34765625)]"
31,142,3,I,0.31640625,False,"[('I', 0.73046875), ('H', 0.267578125)]"
31,142,4,H,1.140625,False,"[('I', 0.67578125), ('H', 0.3203125)]"
31,142,5,H,1.0625,True,"[('I', 0.6484375), ('H', 0.345703125)]"
31,143,1,I,0.69921875,False,"[('I', 0.49609375), ('H', 0.49609375)]"
31,143,2,I,0.63671875,False,"[('I', 0.52734375), ('H', 0.466796875)]"
31,143,3,I,0.53125,False,"[('I', 0.5859375), ('H', 0.404296875)]"
31,143,4,H,1.5078125,False,"[('I', 0.7734375), ('H', 0.2216796875)]"
31,143,5,I,0.640625,True,"[('I', 0.52734375), ('H', 0.46484375)]"
31,143,6,H,0.76171875,True,"[('I', 0.52734375), ('H', 0.466796875)]"
31,143,7,H,0.69921875,True,"[('I', 0.49609375), ('H', 0.49609375)]"
31,143,8,H,0.53125,True,"[('H', 0.5859375), ('I', 0.404296875)]"
31,143,9,I,1.0625,True,"[('H', 0.6484375), ('I', 0.345703125)]"
31,143,10,H,0.640625,True,"[('H', 0.52734375), ('I', 0.46484375)]"
31,144,1,H,0.39453125,False,"[('H', 0.67578125), ('I', 0.3203125)]"
31,144,2,H,0.58203125,False,"[('H', 0.55859375), ('I', 0.435546875)]"
31,144,3,I,1.5078125,False,"[('H', 0.7734375), ('I', 0.2216796875)]"
31,144,4,I,1.140625,False,"[('H', 0.67578125), ('I', 0.3203125)]"
31,144,5,I,1.2265625,True,"[('H', 0.703125), ('I', 0.29296875)]"
31,145,1,I,0.90234375,False,"[('H', 0.58984375), ('I', 0.40625)]"
31,145,2,H,0.76171875,False,"[('I', 0.52734375), ('H', 0.466796875)]"
31,145,3,H,0.63671875,False,"[('H', 0.52734375), ('I', 0.466796875)]"
31,145,4,I,0.76171875,False,"[('H', 0.52734375), ('I', 0.466796875)]"
31,145,5,H,0.90234375,True,"[('I', 0.58984375), ('H', 0.40625)]"
31,146,1,H,0.484375,False,"[('H', 0.6171875), ('I', 0.373046875)]"
31,146,2,H,0.234375,False,"[('H', 0.79296875), ('I', 0.2001953125)]"
31,146,3,H,0.26171875,False,"[('H', 0.76953125), ('I', 0.2216796875)]"
31,146,4,H,0.322265625,False,"[('H', 0.72265625), ('I', 0.267578125)]"
31,146,5,H,0.26171875,True,"[('H', 0.76953125), ('I', 0.2197265625)]"
31,147,1,I,2.03125,False,"[('H', 0.859375), ('I', 0.130859375)]"
31,147,2,I,1.609375,False,"[('H', 0.7890625), ('I', 0.2001953125)]"
31,147,3,I,1.7109375,False,"[('H', 0.80859375), ('I', 0.1806640625)]"
31,147,4,H,0.12109375,False,"[('H', 0.88671875), ('I', 0.10546875)]"
31,147,5,H,0.26171875,True,"[('H', 0.76953125), ('I', 0.2197265625)]"
31,148,1,I,1.7109375,False,"[('H', 0.8125), ('I', 0.1806640625)]"
31,148,2,H,0.2099609375,False,"[('H', 0.8125), ('I', 0.1806640625)]"
31,148,3,H,0.32421875,False,"[('H', 0.72265625), ('I', 0.267578125)]"
31,148,4,I,1.609375,False,"[('H', 0.79296875), ('I', 0.2001953125)]"
31,148,5,I,1.9140625,True,"[('H', 0.84375), ('I', 0.1474609375)]"
31,149,1,I,1.5078125,False,"[('H', 0.76953125), ('I', 0.2216796875)]"
31,149,2,I,1.3203125,False,"[('H', 0.72265625), ('I', 0.267578125)]"
31,149,3,H,0.98046875,False,"[('I', 0.6171875), ('H', 0.375)]"
31,149,4,H,0.4375,False,"[('H', 0.64453125), ('I', 0.345703125)]"
31,149,5,H,0.26171875,True,"[('H', 0.76953125), ('I', 0.2216796875)]"
31,149,6,H,0.322265625,True,"[('H', 0.72265625), ('I', 0.267578125)]"
31,149,7,H,0.287109375,True,"[('H', 0.75), ('I', 0.2431640625)]"
31,149,8,H,0.1669921875,True,"[('H', 0.84765625), ('I', 0.1474609375)]"
31,149,9,I,2.578125,True,"[('H', 0.91796875), ('I', 0.07568359375)]"
31,149,10,H,0.2353515625,True,"[('H', 0.7890625), ('I', 0.2001953125)]"
31,150,1,H,0.1669921875,False,"[('H', 0.84765625), ('I', 0.1474609375)]"
31,150,2,I,2.140625,False,"[('H', 0.87109375), ('I', 0.11767578125)]"
31,150,3,I,2.140625,False,"[('H', 0.875), ('I', 0.11767578125)]"
31,150,4,H,0.294921875,False,"[('H', 0.74609375), ('I', 0.2412109375)]"
31,150,5,H,0.236328125,True,"[('H', 0.7890625), ('I', 0.2001953125)]"
31,150,6,H,0.1904296875,True,"[('H', 0.828125), ('I', 0.1630859375)]"
31,150,7,H,0.1376953125,True,"[('H', 0.87109375), ('I', 0.11767578125)]"
31,150,8,H,0.19140625,True,"[('H', 0.82421875), ('I', 0.162109375)]"
31,150,9,I,2.59375,True,"[('H', 0.9140625), ('I', 0.07470703125)]"
31,150,10,I,2.03125,True,"[('H', 0.85546875), ('I', 0.130859375)]"
31,151,1,I,2.375,False,"[('H', 0.88671875), ('I', 0.0927734375)]"
31,151,2,H,0.197265625,False,"[('H', 0.8203125), ('I', 0.162109375)]"
31,151,3,H,0.21875,False,"[('H', 0.8046875), ('I', 0.1796875)]"
31,151,4,I,2.03125,False,"[('H', 0.85546875), ('I', 0.130859375)]"
31,151,5,I,1.421875,True,"[('H', 0.74609375), ('I', 0.2412109375)]"
31,151,6,H,0.2158203125,True,"[('H', 0.8046875), ('I', 0.1796875)]"
31,151,7,H,0.2001953125,True,"[('H', 0.8203125), ('I', 0.1611328125)]"
31,151,8,I,1.625,True,"[('H', 0.77734375), ('I', 0.197265625)]"
31,151,9,I,1.1640625,True,"[('H', 0.66015625), ('I', 0.3125)]"
31,151,10,I,0.84765625,True,"[('H', 0.55078125), ('I', 0.427734375)]"
31,152,1,I,0.85546875,False,"[('H', 0.546875), ('I', 0.42578125)]"
31,152,2,H,0.78125,False,"[('I', 0.51953125), ('H', 0.45703125)]"
31,152,3,H,0.72265625,False,"[('I', 0.486328125), ('H', 0.486328125)]"
31,152,4,H,0.220703125,False,"[('H', 0.80078125), ('I', 0.1796875)]"
31,152,5,I,1.4375,True,"[('H', 0.734375), ('I', 0.2373046875)]"
31,152,6,I,1.7265625,True,"[('H', 0.796875), ('I', 0.177734375)]"
31,152,7,I,1.3359375,True,"[('H', 0.71484375), ('I', 0.263671875)]"
31,152,8,H,0.37109375,True,"[('H', 0.69140625), ('I', 0.2890625)]"
31,152,9,H,0.2001953125,True,"[('H', 0.8203125), ('I', 0.1611328125)]"
