game,trial,type,choice,mapped_choice,reward,horizon,choice_numeric,prompt_hash
1,1,forced,2.0,H,66.0,1,,
1,2,forced,2.0,H,80.0,1,,
1,3,forced,1.0,A,29.0,1,,
1,4,forced,2.0,H,75.0,1,,
1,5,free,,H,81.0,1,2.0,90f34d02138241af931e09f151f0680459d0a06c839ff0464cc0bc82eea60dfa
2,1,forced,2.0,H,69.0,6,,
2,2,forced,2.0,H,50.0,6,,
2,3,forced,1.0,A,51.0,6,,
2,4,forced,2.0,H,64.0,6,,
2,5,free,,A,42.0,6,1.0,483de4404fc20532f7cb62d451beb26251ef0b529f18fdd7c13115a3038a14a7
2,6,free,,H,54.0,6,2.0,0a8bc2a1ce7509d6084b7247403de6d1c2bc822d2eb94d8df366c4d12b7c8735
2,7,free,,H,64.0,6,2.0,fd74f6f26e3a0093fb7b8a3551927041533919514c3d8caffbe0601f1b5e39e3
2,8,free,,H,64.0,6,2.0,9d1789250c95af7dc0799e7f166d05b11a32bfeeca1d3c7639b5c47740d2a1b5
2,9,free,,H,57.0,6,2.0,1dcb774e2e15a24a32d6cc98eba3d8c89536dcbf951be22c39c226a2c112cdd4
2,10,free,,H,65.0,6,2.0,54cd3b7f57167be1c7ca59c8974d41cd7f0a8428cddf4940585c4da6aa13be7f
3,1,forced,2.0,H,31.0,6,,
3,2,forced,1.0,A,43.0,6,,
3,3,forced,2.0,H,26.0,6,,
3,4,forced,1.0,A,36.0,6,,
3,5,free,,A,26.0,6,1.0,4a3a04c67b59906856556fd628557ae90bf99c8330e21c3d66299fc5955769e0
3,6,free,,A,41.0,6,1.0,fa2d697590644b34a420c2b4d90f7f4bf31f11d05bc00f75f475c06e65af7135
3,7,free,,A,44.0,6,1.0,f40031f2002efb2ebb5f08e7038bdcf717c975340f58536816735d1b1b40cbf8
3,8,free,,A,44.0,6,1.0,9ae8f6abccc7ba1d28592f611b530bed9cd88faa1b8c0c6c8f62ca42105f51c5
3,9,free,,H,24.0,6,2.0,364292ad7630b7489844db52d10e4310cda9d1a85a46f04a5cf2e8597e9ff981
3,10,free,,H,39.0,6,2.0,07d85f31e41d20d7fb0425772eeb2ab44a58c52439bc7a9dffd906d4f33f686b
4,1,forced,1.0,A,65.0,6,,
4,2,forced,2.0,H,77.0,6,,
4,3,forced,2.0,H,52.0,6,,
4,4,forced,1.0,A,73.0,6,,
4,5,free,,H,50.0,6,2.0,8e9a4c74ddd1f4325a42b7f41fb66aeb7615872f0670e8d698900cc920f5fb6f
4,6,free,,H,76.0,6,2.0,6df247fe2b08d52cefa8d5b0d2fedbc4907b24fbcbfc3ccd22118f845e1a195c
4,7,free,,H,55.0,6,2.0,e90737cf72e16ca314301b9cae75360182f50e899cbaa63e0b091d5b79b0e5fc
4,8,free,,H,71.0,6,2.0,88204f8388138d38c03755871baa9c15266e6e0273f6a41e8cf9f20b8f08c997
4,9,free,,A,71.0,6,1.0,272b60cfb94d3d6a953b7721776231c8b380bf65dab15cd2380b79f07995636d
4,10,free,,H,55.0,6,2.0,db5953875fc533a813589ea00013df038e554bfb5247eadcf42cc3b7af6ced21
5,1,forced,2.0,H,70.0,6,,
5,2,forced,1.0,A,19.0,6,,
5,3,forced,2.0,H,43.0,6,,
5,4,forced,1.0,A,41.0,6,,
5,5,free,,H,53.0,6,2.0,e88a570cc458000a475c63e36dd5270034dbf7193f93d3e001d3c6d60cb94f1d
5,6,free,,H,55.0,6,2.0,ad1c523317d252e4d8a7e50539701bd9a616b942167f6c6e6a6b87510e6a4a69
5,7,free,,H,61.0,6,2.0,2efc4e62eb0114854139f910ba47ba77aa84ce30eebcd6643d3dbfcc63872f2f
5,8,free,,H,68.0,6,2.0,de34f848b530bfe0cdd4169e86843f5d3dfdb03ca306e3f87f8d7508b670510b
5,9,free,,H,62.0,6,2.0,cfb269ccff7c05fdc4f157d875c9b35fc14e93f3eb9c829f5b45e27531809132
5,10,free,,H,66.0,6,2.0,6afb201fe30834e4d5bb27041f6144982f2979ec61e6ab693cc838e592396931
6,1,forced,1.0,A,63.0,6,,
6,2,forced,2.0,H,44.0,6,,
6,3,forced,1.0,A,49.0,6,,
6,4,forced,1.0,A,47.0,6,,
6,5,free,,H,52.0,6,2.0,9eaf5e4dd035b7189d375c375a039c066930222e600ca3851fd09d905f023306
6,6,free,,A,52.0,6,1.0,012d09d8b51cbdc3ea630e62a5410b36bf6520e06143a7e32520dcc602dd1420
6,7,free,,A,55.0,6,1.0,2e11ac6369e71ce261bd71c7aad1c2d3cd5be6159531e5912be882129a9bb75a
6,8,free,,A,59.0,6,1.0,7b3a344306daa85e7450e8e0d568ab318d1fbf50f28070f8cd859bed13b7c841
6,9,free,,H,34.0,6,2.0,5b544a51c618476c79bbb26bbd2606c5907dc15868e7c31eeeb532ceeafce408
6,10,free,,A,56.0,6,1.0,2248fcbdb9f415626f351609968f47f9fe6247d410e8d6635a5039547285991d
7,1,forced,1.0,A,61.0,1,,
7,2,forced,2.0,H,44.0,1,,
7,3,forced,2.0,H,41.0,1,,
7,4,forced,2.0,H,47.0,1,,
7,5,free,,A,43.0,1,1.0,ca2b76796b95f84e19fa8897416ffd33b11963373a4a6652264c78deee15588b
8,1,forced,1.0,A,51.0,1,,
8,2,forced,2.0,H,76.0,1,,
8,3,forced,1.0,A,54.0,1,,
8,4,forced,2.0,H,84.0,1,,
8,5,free,,H,77.0,1,2.0,fbea4ae886912b0e7f3ce8e4407d104f1920e80ab2f1a7db8e40c6992609837e
9,1,forced,1.0,A,54.0,6,,
9,2,forced,2.0,H,14.0,6,,
9,3,forced,2.0,H,15.0,6,,
9,4,forced,1.0,A,46.0,6,,
9,5,free,,A,41.0,6,1.0,1c8637233583afddee17bf298b43a03f184cc7b991d4458773b9510d0f01cbfe
9,6,free,,A,44.0,6,1.0,d1c6bd6d5e8a629981c0f8028a91c95cd2965f6bba661b3495e42c77df77fa4d
9,7,free,,A,45.0,6,1.0,de600a90ed32ff984405cd74d2382e8538f4bc79ee73f9932be296e8c9707e39
9,8,free,,A,46.0,6,1.0,c6ec123958e51c2e663cf34692bf71aee720a535f0162879b719270f723f99ab
9,9,free,,A,34.0,6,1.0,f2714cdb74e65aa4ee9fc56c964dcfa3a4ae93dffeed54c5dc985d036aae790d
9,10,free,,A,25.0,6,1.0,b8cf2554d709c840e3dc74d2deac295f675bc74a36447dff27887be59a85ce3c
10,1,forced,1.0,A,9.0,6,,
10,2,forced,1.0,A,17.0,6,,
10,3,forced,2.0,H,40.0,6,,
10,4,forced,2.0,H,42.0,6,,
10,5,free,,H,34.0,6,2.0,affe164e03442bd96a6f89511159aee18751d9d3188d82afedd30ad608471616
10,6,free,,H,33.0,6,2.0,94f7b84550fa702b3f35b6be204c40671de4b39505a51f92fa1ae88ef28a7e1b
10,7,free,,H,34.0,6,2.0,a96a70a535569ff81ef82e19545325dfabeab35efa55a239c6df5df87d4018e1
10,8,free,,H,43.0,6,2.0,f5b7995e7681f065a72fada124d54883e6ad1148e0e410e54ecd8ab82fa34e5c
10,9,free,,H,45.0,6,2.0,cc569b9a44648f228da66bdeeba18bfc82b650c2de4490fe2ada5e80ced51c4c
10,10,free,,H,49.0,6,2.0,35840accf09ed72523887ffe03223d4c4d44aa3edeec43a2e47400fc1250c776
11,1,forced,2.0,H,61.0,6,,
11,2,forced,1.0,A,52.0,6,,
11,3,forced,1.0,A,48.0,6,,
11,4,forced,2.0,H,67.0,6,,
11,5,free,,H,42.0,6,2.0,78d60c0dc32e69b47a38ca4a1b950389784a0ecf292fcef7eb14c2e89e300570
11,6,free,,H,56.0,6,2.0,14b417eec88aa5aae3e58b74afa9dee46b6a0962f2f0d08710533c9a99ee4b47
11,7,free,,A,35.0,6,1.0,07dd35290107ff14980ae91d32125a2af4a1aa36218a7aec3db57fa68904af10
11,8,free,,H,66.0,6,2.0,cdb7e02d9fab6cfe9fa78a0fe34cc07d4375efd61427174f96fcc42fbb2f852d
11,9,free,,H,51.0,6,2.0,5df7b78585aab7d5b9ed8621b71874d71fb0c3495470025a6f97e601e96a9030
11,10,free,,A,55.0,6,1.0,6e6a37a78669f192c7649821bb851dbfe70ee3bd604a9ec1ea65234d30d53324
12,1,forced,2.0,H,32.0,6,,
12,2,forced,2.0,H,26.0,6,,
12,3,forced,2.0,H,33.0,6,,
12,4,forced,1.0,A,10.0,6,,
12,5,free,,H,51.0,6,2.0,aabdd2c0918bd135953c2ed87663877ca7f58872d81e5e5613edd6e5b80840c3
12,6,free,,H,43.0,6,2.0,900d8db20cad14e74ab90a321c3cd6abc934dfec30c975f2b4f6f2bf9874b11d
12,7,free,,H,31.0,6,2.0,8f709468e1aa70251a8cbe3da3179cdea1857661e862154739cbbb63d96d0065
12,8,free,,H,29.0,6,2.0,ee1f3a357c3044b0aa79c9d17bc2af24711ee5056214d4591a21dbf63b12f4b0
12,9,free,,A,22.0,6,1.0,f065fe5d36464c1974eed349e698aefb867c2f57e3f76b1c48119453b8eee693
12,10,free,,H,38.0,6,2.0,9b5e685ae32b0ebb3420091012ec8c9121f88c89c61212bd832002b31fadd9b7
13,1,forced,1.0,A,66.0,1,,
13,2,forced,1.0,A,79.0,1,,
13,3,forced,2.0,H,62.0,1,,
13,4,forced,2.0,H,58.0,1,,
13,5,free,,A,88.0,1,1.0,672741b930328a014f25643545b3de2172c9a152eb190bec626786bcb1c89064
14,1,forced,1.0,A,52.0,6,,
14,2,forced,1.0,A,60.0,6,,
14,3,forced,2.0,H,53.0,6,,
14,4,forced,2.0,H,54.0,6,,
14,5,free,,A,58.0,6,1.0,cac09a80e14b67bdaefdc7174cb65f8f5c1a98b9dd8eaa469613a80f31bea87b
14,6,free,,A,60.0,6,1.0,8d98a9a7d8968c538129bfedba4f85acc2b93066d66f12d26825e441c762d2d4
14,7,free,,A,57.0,6,1.0,8c8caed4ddc43db3db12395a3225397beaa53f440d7a6ff13b21074c57f64984
14,8,free,,A,67.0,6,1.0,dd635e698fdd50caf73e03bec9d24ca841ae7ebd561d4adc12268d52dff145e9
14,9,free,,A,55.0,6,1.0,85e5ca7b1d7aea49858cac4495ba9adb1cbc1fadf82930967a8ebef6ef95b371
14,10,free,,H,60.0,6,2.0,df5e727effc2029c4c5816919e723d3c0c7fb5b45d6cde127118aa5988e026f6
15,1,forced,2.0,H,47.0,6,,
15,2,forced,1.0,A,73.0,6,,
15,3,forced,2.0,H,53.0,6,,
15,4,forced,1.0,A,82.0,6,,
15,5,free,,A,81.0,6,1.0,b4041d4bc94c24dfb641e2ee217e7fe3439a138ac5bbb7799155cfed5e06f395
15,6,free,,A,81.0,6,1.0,4cb95652aa22e3d4e54bae43b4fcb6b17ff9352d8ba8503bbf75b28ec02333b4
15,7,free,,A,88.0,6,1.0,4b135062928d5339c491d6e917e3835cb1d5b9b9ecacd2436be0463c8e67891a
15,8,free,,A,95.0,6,1.0,db90bf6929d5fa56b2fae80ff2d83af67156379685c08694f1c2cadd77ee820f
15,9,free,,A,85.0,6,1.0,fc682e2d53839744df56dd16cafa3b43fb65d8d47450121c16ef32c512000412
15,10,free,,A,65.0,6,1.0,7c3ab47f6fa1f43846fc115c24a4b9b3c001be8316ca7d286016101931e3845e
16,1,forced,2.0,H,54.0,6,,
16,2,forced,1.0,A,86.0,6,,
16,3,forced,2.0,H,46.0,6,,
16,4,forced,1.0,A,77.0,6,,
16,5,free,,A,77.0,6,1.0,30f310f53be716cbb1a874728a5afa94d9ae61985402de6a6b3b159fbfea32b1
16,6,free,,A,90.0,6,1.0,c5380e279859c85c32503cfafb0a088ec49106101c89e4e73060c945aa023970
16,7,free,,H,58.0,6,2.0,c03c019c2316c7f2d5b6785bfa94530d8c9e1e774c0a6a02f8c4ec4a3f3592de
16,8,free,,A,84.0,6,1.0,1f5a7fd214c33dfa607003cbafd6ebe30c0a1860318a14551a3756f7b189c594
16,9,free,,A,97.0,6,1.0,cb37c245605e5a6df5b59b335652326ffc73b9991c6d90c13338df6bdb6b3df7
16,10,free,,H,62.0,6,2.0,856bbba035a1f5592736534e0041c10f74526ab8065ecba8cbe0d07e52b88ec1
17,1,forced,2.0,H,71.0,6,,
17,2,forced,1.0,A,61.0,6,,
17,3,forced,2.0,H,73.0,6,,
17,4,forced,2.0,H,44.0,6,,
17,5,free,,A,70.0,6,1.0,1604be19a3f903af540ae54d15d9e2968b332c55e08fa017679333135632a8e0
17,6,free,,A,67.0,6,1.0,9613f01abb116f1ca3afba7749f4169150d0ba073d82c3a0c7ffa0f12de6f912
17,7,free,,H,67.0,6,2.0,0f5e41de0d4901d1a0bf776d9cfb433718e1286a0eb70360262f08b2b2119be8
17,8,free,,H,58.0,6,2.0,1dd2d023610e2c53270157acff3c51744b6e12ac724b61ba81b5c5eaba2e97bc
17,9,free,,H,45.0,6,2.0,25d6aed76f2bd7b30779e74367ada34dcaeb9ff719a7e797cb1f317c42a6bbe5
17,10,free,,A,67.0,6,1.0,f362979bef5a0358ab43231d60b3e5b470b911950ca318c2970844c6f81daa48
18,1,forced,1.0,A,75.0,6,,
18,2,forced,1.0,A,46.0,6,,
18,3,forced,2.0,H,65.0,6,,
18,4,forced,2.0,H,85.0,6,,
18,5,free,,A,59.0,6,1.0,b5baf99f5a6bf8f611430d87f86c442ab12e36dd019e74a3bab7e4a25ce94b70
18,6,free,,H,63.0,6,2.0,464c36038bfb0363c756bd2a023e57beca9ec183d7b7ac2d0cf96bb2ab5084a4
18,7,free,,A,56.0,6,1.0,88fd2ac3edb1f35724b68d5b711e5ec5ee441562acf9b9d5273f6c0fec1f33c3
18,8,free,,H,76.0,6,2.0,cf9dfb592e494628620d6956bf512622e21325c343d6774aee4a44fae4b4cbf7
18,9,free,,H,60.0,6,2.0,0b0d06a62b27e13bed071a0bb35551689086caf12f63dc4a5a273091ddc8f409
18,10,free,,H,74.0,6,2.0,5c30e1992f4397209f65fc8d3f4c363f9493487ed4fe975d3f536dcc07c24489
19,1,forced,1.0,A,52.0,1,,
19,2,forced,1.0,A,70.0,1,,
19,3,forced,2.0,H,58.0,1,,
19,4,forced,1.0,A,44.0,1,,
19,5,free,,H,50.0,1,2.0,069a661b555ce8ef4efb17f226278dc7d4a5db359d956575291b8d66536f14f1
20,1,forced,2.0,H,26.0,6,,
20,2,forced,2.0,H,35.0,6,,
20,3,forced,2.0,H,41.0,6,,
20,4,forced,1.0,A,33.0,6,,
20,5,free,,A,31.0,6,1.0,9244196059df625a99baaed6d70292a066b6382082999900b9947b048ea81f64
20,6,free,,A,23.0,6,1.0,8cb6214666700d20af8fc23b85902711d32f07d396e855013cae87210f6c8f15
20,7,free,,H,33.0,6,2.0,27b23cfa41de8721fd153f78f0dc8419139f17525d90402cac31c36c2057c09a
20,8,free,,A,37.0,6,1.0,a99389bb3eda9fad89f1a4cbec6e2982ccbdbbfaf08897bc8194de1c6c43ec43
20,9,free,,A,51.0,6,1.0,d0bf22d64d36a8c3698da137bb85b5c70e36631b4517b3dd37f2d5fdbb549e52
20,10,free,,H,26.0,6,2.0,157c6ec3eade37d58d319b785dc16fa22548d23bb633929b31f65f63232ba13e
21,1,forced,2.0,H,36.0,1,,
21,2,forced,2.0,H,39.0,1,,
21,3,forced,1.0,A,21.0,1,,
21,4,forced,2.0,H,32.0,1,,
21,5,free,,H,32.0,1,2.0,33f9f2f24eb4cace86e30855b141223b852a2a383defcf457cd2c0116e7725d0
22,1,forced,1.0,A,81.0,1,,
22,2,forced,2.0,H,55.0,1,,
22,3,forced,2.0,H,61.0,1,,
22,4,forced,2.0,H,61.0,1,,
22,5,free,,A,93.0,1,1.0,545524ab48bded16d19b88655ce71b49ac040fe4fbaff438fd21fc929bbcf5dc
23,1,forced,2.0,H,43.0,1,,
23,2,forced,1.0,A,33.0,1,,
23,3,forced,1.0,A,51.0,1,,
23,4,forced,1.0,A,41.0,1,,
23,5,free,,H,43.0,1,2.0,6e327be9018a01316aa1fe90afb6a8ce377ea4634490d7ef67d80db037b6d14f
24,1,forced,2.0,H,46.0,6,,
24,2,forced,1.0,A,46.0,6,,
24,3,forced,2.0,H,32.0,6,,
24,4,forced,1.0,A,65.0,6,,
24,5,free,,A,60.0,6,1.0,66bc3cb335266d70ba3b41d3c882276c862c9afc1fb6fe08b07899c3806cc44c
24,6,free,,H,30.0,6,2.0,8b8de0bb283637c2f95c5a37962e4956290c435f6194a14a327a1ca81727a092
24,7,free,,A,62.0,6,1.0,a6a6b98f93c5bcebe81ab6ea5970ffe47e7ec22ae259b69b810f0a3a8646abcb
24,8,free,,H,45.0,6,2.0,5a58f8d06c323ec121025ce51b78c0f6dbd29be6ac0d5776c057782e0bcdb32d
24,9,free,,A,69.0,6,1.0,8fc8d9ffeeeaf518e070c2a2ee7806484bcd2523c176816bb1a22e84ff669466
24,10,free,,A,43.0,6,1.0,985e49bbdfe8e1ef88a883df2072057ebd9302d0a61ca0b71489be12eeb0900f
25,1,forced,2.0,H,58.0,1,,
25,2,forced,2.0,H,55.0,1,,
25,3,forced,1.0,A,58.0,1,,
25,4,forced,1.0,A,57.0,1,,
25,5,free,,A,68.0,1,1.0,b9a7837d7b76ce86212d5dca59c4104430feb460f6128ab1fa90d80f86d1f0e8
26,1,forced,1.0,A,23.0,6,,
26,2,forced,1.0,A,28.0,6,,
26,3,forced,2.0,H,53.0,6,,
26,4,forced,2.0,H,53.0,6,,
26,5,free,,H,58.0,6,2.0,27286194b583213d077a7c3b4aad748115ddf480f252f0d836d50df42a6802aa
26,6,free,,A,25.0,6,1.0,6b3ffe14e4e1c370521d6909634ba534e8a297919e7f257f5dffee9d7a695333
26,7,free,,H,55.0,6,2.0,f7f1420eb4abaa0a84010cad83626439cb086aee35d40de511b7d848e9189632
26,8,free,,H,62.0,6,2.0,b7952fb56800aa6a86bae0ef7e1e8609cba2c0ede85324bef38dd6f9b30a1053
26,9,free,,H,57.0,6,2.0,e57aa2ad8c10fe0d1f80e62f8bd0c3cba6ad9c2e914488343ce3976a809a6f69
26,10,free,,A,34.0,6,1.0,7a83aa28ab4ac6d834d9f308a557f6c0ffe620806525ffda0d5c086f16b4addb
27,1,forced,2.0,H,50.0,6,,
27,2,forced,1.0,A,38.0,6,,
27,3,forced,1.0,A,40.0,6,,
27,4,forced,2.0,H,49.0,6,,
27,5,free,,A,23.0,6,1.0,d6731757ff8fe39291d9f3fc23b8943651a0087849a6e1ab31088a34633823aa
27,6,free,,H,38.0,6,2.0,660ea3498981ce784ace60c0e30fdadb20ac5bd73debbd93d9b3239aee72ebcf
27,7,free,,A,24.0,6,1.0,cc5e66f10b8e73dadd2cd758dc1da6d1932ad58098c720652350e3fb5ca921bd
27,8,free,,H,31.0,6,2.0,76a11badd68d43968533c9d0c1fd46fcf3a2d87ca8c082694f76578fbe951e3e
27,9,free,,A,36.0,6,1.0,4c787596b5cb0327745fe9b505b3073a6afffaea9701e8ef3a8eecde7fa838d3
27,10,free,,H,25.0,6,2.0,439ea3c4626a1ea8ab4c0d365a94eed376456cdd5d94f31140547de7d04f354a
28,1,forced,2.0,H,79.0,1,,
28,2,forced,1.0,A,53.0,1,,
28,3,forced,2.0,H,82.0,1,,
28,4,forced,1.0,A,58.0,1,,
28,5,free,,H,81.0,1,2.0,4f53c0dce4448ed680020e88fe3d94f22f2bd96fc6153f6ca183b215aee9d70a
29,1,forced,1.0,A,60.0,1,,
29,2,forced,2.0,H,69.0,1,,
29,3,forced,2.0,H,52.0,1,,
29,4,forced,2.0,H,61.0,1,,
29,5,free,,H,79.0,1,2.0,f8f356257f43815dee5de0580f6de94b78fbde2ffa9a8f78e7b1783712a27e0f
30,1,forced,1.0,A,66.0,6,,
30,2,forced,2.0,H,52.0,6,,
30,3,forced,2.0,H,43.0,6,,
30,4,forced,1.0,A,62.0,6,,
30,5,free,,A,66.0,6,1.0,0a9762971a8eeaece51590eccdca6624e0fcfe227142e1abf9f88321a91d8dd9
30,6,free,,A,61.0,6,1.0,721eaefe3916629ac8e19a678a696db99c23c72d5ed703bee68dc9430e680d60
30,7,free,,A,65.0,6,1.0,2d2bf28f54ffd03af8fe856be86f60798c1e34520b01db0fa364fdf9bee6a40b
30,8,free,,A,63.0,6,1.0,8c02bb85485396aa6c9c3d5c4568b73b9334c401d59d4fbe8b6663220d66aa4a
30,9,free,,A,59.0,6,1.0,a015697e1575d5651478a1d6bc5dd6c0f2700252a905a38cca8746d59438b6a3
30,10,free,,A,62.0,6,1.0,34c0a6e0033e906b07ec89a7158f1733710159230e58118054e1599bcde9c13e
31,1,forced,2.0,H,11.0,1,,
31,2,forced,1.0,A,35.0,1,,
31,3,forced,2.0,H,20.0,1,,
31,4,forced,2.0,H,29.0,1,,
31,5,free,,A,38.0,1,1.0,e95b83872bf794ec84d87848cf21d5ff4208ad613fb230d73c8717b3ea0070e4
32,1,forced,1.0,A,74.0,6,,
32,2,forced,2.0,H,63.0,6,,
32,3,forced,1.0,A,64.0,6,,
32,4,forced,1.0,A,76.0,6,,
32,5,free,,A,61.0,6,1.0,d1faf2716d3875769da19290bc2e59f350ee720a612d6d10cde94543e698e3c8
32,6,free,,H,53.0,6,2.0,f89fd872341336e34687421a12f3135afc50460e53d85c7c563ca1257a368721
32,7,free,,H,47.0,6,2.0,f13035deccff8619baf217b81b63eba4d137bdb0ab78cc58517d6a739d5562c6
32,8,free,,A,67.0,6,1.0,f0deb6f01260c55ff7cd82ed7435016340ccf7b62b801821c3f4dc8d66e0f7e7
32,9,free,,H,60.0,6,2.0,cd98453dd43c219ce74af21f2dec201dcc5aee6707d83e823c8448dc6d56ce44
32,10,free,,A,81.0,6,1.0,b78c4e234a4cf771da372f47183a595c66ed8b334429c370227d8a7a2e524972
33,1,forced,1.0,A,28.0,6,,
33,2,forced,2.0,H,40.0,6,,
33,3,forced,2.0,H,49.0,6,,
33,4,forced,1.0,A,40.0,6,,
33,5,free,,H,48.0,6,2.0,c8e911b832f9061ad2a8eaca3db6dded35024321988c5d33a560132e3691b02c
33,6,free,,H,44.0,6,2.0,cc5a68b4c67a0d31c5cf14ddc1d6704deeadc80a2b3069af294ce0f2de372600
33,7,free,,H,30.0,6,2.0,65f5359c779ca1381a81b4880cc7f1f6a43a3edf2441224222e89e848d944e1d
33,8,free,,A,38.0,6,1.0,ce110d236c565ff16a96d235155c7d6774231e0d99699c3dff172538a659ab43
33,9,free,,H,34.0,6,2.0,27a42c38b9c20927b7253f50d172a1dec804624d0df1ed722d38c49fb124a90a
33,10,free,,H,44.0,6,2.0,dbd9dd16ebc7484fb2e1f66e13a95a75a197961c808e34074252fab6b55a768b
34,1,forced,1.0,A,64.0,6,,
34,2,forced,2.0,H,71.0,6,,
34,3,forced,1.0,A,62.0,6,,
34,4,forced,1.0,A,54.0,6,,
34,5,free,,H,65.0,6,2.0,fbdfbfa28b1ddab6317437447d7f479e7c54d4b23dd7a313cb1094f24c9f596a
34,6,free,,H,86.0,6,2.0,db6ae0c6d927f7b518683d81e41411fda6d837491e3aa6fa3c1dd69a6df97bf1
34,7,free,,H,62.0,6,2.0,21be26133102c09b6f9a0a70269a5cac100d2ea73208ea1f160eac9d4e818303
34,8,free,,H,73.0,6,2.0,a9b320d953925323570553ed376be9a1b0de96efb24b755a5efedcf6bbfa5beb
34,9,free,,H,69.0,6,2.0,4e328734d81481f0e8695de69d2864c2ff685515477659c00e5fb4f0590b3d81
34,10,free,,H,81.0,6,2.0,38bc6a2cd4931808145b47611928b59320795e3ff544717a3b4cfc334e8543fc
35,1,forced,2.0,H,36.0,6,,
35,2,forced,2.0,H,20.0,6,,
35,3,forced,2.0,H,36.0,6,,
35,4,forced,1.0,A,66.0,6,,
35,5,free,,A,55.0,6,1.0,571befdeb7c492718dd34455bf30c78930456c72d3e51582f2111cb112c38a48
35,6,free,,A,46.0,6,1.0,ebf28cd4aaae1f727efd0029824588ff780e000efad84f69ae2a53ebeefae3a8
35,7,free,,A,65.0,6,1.0,be64f8ea61e057cf9601d3d5ee54f8ab8a065ca6f82dfd5ecedcd9ab19706df3
35,8,free,,H,33.0,6,2.0,3afc65c02b3556f32d037ce7645618167f8580b846f7d5af8f52b5cf3390563b
35,9,free,,A,63.0,6,1.0,cfec5577fe260345de87765d1abdac183da9647591335afba39f50fd2b31020b
35,10,free,,H,35.0,6,2.0,e42f280481e1e1cb0ef287023738b7e18656b2d1f00296deb787d46cd09fffd8
36,1,forced,2.0,H,99.0,6,,
36,2,forced,1.0,A,49.0,6,,
36,3,forced,1.0,A,59.0,6,,
36,4,forced,2.0,H,85.0,6,,
36,5,free,,H,96.0,6,2.0,e3e6f2ca8f7fbfd11c926c8f0f773a6bd0b985227ab0b8057bcb0113dda2449b
36,6,free,,H,78.0,6,2.0,5055055a3eccffaeac19d8f5c22004d0fbdadebd99d42683c03c1b700d3637c5
36,7,free,,H,82.0,6,2.0,fc13288ab7a88ac93ad698017c131e71d686f32a46b7c17de7ea7454ce0a80de
36,8,free,,H,99.0,6,2.0,50e196964458828108d7a17b9fc790d844b54c62a6a4c3bed9ad566ab2463855
36,9,free,,H,74.0,6,2.0,2f57a787ef461f65bd8789d17b96e49b73d9aaaab359cde1c3f9b2edb88bfa9f
36,10,free,,H,88.0,6,2.0,99c4b08cecdbe46632dd60254dd2fe9cf396f64a17430a218c994ded1c3b8318
37,1,forced,1.0,A,42.0,1,,
37,2,forced,2.0,H,54.0,1,,
37,3,forced,1.0,A,38.0,1,,
37,4,forced,1.0,A,40.0,1,,
37,5,free,,A,30.0,1,1.0,86fd50e08b7fc31c4e986941741b08a8f6815c6cd5779df108f482f6a47a4581
38,1,forced,1.0,A,69.0,1,,
38,2,forced,1.0,A,71.0,1,,
38,3,forced,2.0,H,49.0,1,,
38,4,forced,1.0,A,77.0,1,,
38,5,free,,A,75.0,1,1.0,c0c1a9787481c7bbd83ab1f383dd4ab503b1bab6c471571a807f66d332b13227
39,1,forced,2.0,H,53.0,6,,
39,2,forced,1.0,A,35.0,6,,
39,3,forced,1.0,A,44.0,6,,
39,4,forced,2.0,H,46.0,6,,
39,5,free,,H,62.0,6,2.0,176a7680b09c5ba1ce70c5675fef5815fbee5c15f19971de440c7fdc93b12137
39,6,free,,H,53.0,6,2.0,20c6f118ec7d664cee3c6d489e7a5afb4713cffc8487faeb06fe1d1345b81eb4
39,7,free,,H,39.0,6,2.0,061da184aefef6b3cb36c61496e0e5e251a2db808721f2066f544ce83d25a703
39,8,free,,H,53.0,6,2.0,310795dbb15d35a583b0eb2dd6bfeb6ec5cc5f279848336031fe836e5fde6e5d
39,9,free,,A,46.0,6,1.0,e455e55f3d51c8fef1aa2da204ce0ca295913eb413190e3daf4e808a8c04564e
39,10,free,,H,57.0,6,2.0,7815c908ac8136a8c85cf5855f4836f73062cc3ea932ef46ed09ef2b5d87e3ec
40,1,forced,1.0,A,41.0,6,,
40,2,forced,1.0,A,66.0,6,,
40,3,forced,2.0,H,51.0,6,,
40,4,forced,1.0,A,53.0,6,,
40,5,free,,A,55.0,6,1.0,f331575caf46efaed0cc864feb37f86c9a701b064f0a690e855fc99f4e71cd2c
40,6,free,,A,41.0,6,1.0,5d846b67ab55c1ac7bcb9f70aed6f5795d6cc8d786d2d01658cbe72eb9d850dd
40,7,free,,A,50.0,6,1.0,a17da8d8f47fe52370650be03639a4a46cf7df2f69d58c27edd7b163945d951d
40,8,free,,H,58.0,6,2.0,07ad336aac96c2cd22c7a0b67c84b02152c248436f37f9f0910176972e18bf28
40,9,free,,A,64.0,6,1.0,b000e262e62c7475c4382e3b7d9acfc39fb5087a52b503f2f2e3b705c4f18e60
40,10,free,,A,51.0,6,1.0,86180adea6afdbf1d520c6574c6f3dd5737fb36d3e07d744350e1be5e678924d
41,1,forced,2.0,H,38.0,1,,
41,2,forced,2.0,H,51.0,1,,
41,3,forced,2.0,H,55.0,1,,
41,4,forced,1.0,A,42.0,1,,
41,5,free,,H,43.0,1,2.0,3bd0fd1a95742047e18200c436522ea0fdbc0e1a29a6f8c1624a73d06cc18a85
42,1,forced,2.0,H,29.0,1,,
42,2,forced,1.0,A,57.0,1,,
42,3,forced,1.0,A,56.0,1,,
42,4,forced,2.0,H,39.0,1,,
42,5,free,,A,62.0,1,1.0,f73e5ee54dce8a6c43f345fbbff06321bf3feff48c1ca94d20ca470f166cd529
43,1,forced,2.0,H,58.0,1,,
43,2,forced,2.0,H,54.0,1,,
43,3,forced,2.0,H,54.0,1,,
43,4,forced,1.0,A,45.0,1,,
43,5,free,,H,64.0,1,2.0,dc1e9cc787afaeb63f43dced16751d70806bb154ee67eb2bf613dabe4216df4e
44,1,forced,2.0,H,65.0,6,,
44,2,forced,1.0,A,40.0,6,,
44,3,forced,2.0,H,50.0,6,,
44,4,forced,2.0,H,54.0,6,,
44,5,free,,H,55.0,6,2.0,245c647ba82a17ebf1ed08449422ae53920736103217e8237681d8966c9e8632
44,6,free,,H,52.0,6,2.0,446a59e5e9ee2088141fff67fa419131acf0ecf1f1033606415df8d25169a316
44,7,free,,H,61.0,6,2.0,f16ff5066343a4cedb740cf0eb7757372d3160bc6151898994373abdd59fb46e
44,8,free,,H,49.0,6,2.0,391a9268688b905da4be317961f47bf733033d55a73d0c26fa1fa4c01104d735
44,9,free,,A,54.0,6,1.0,ee4569a316f9b36e9677863557ee89511d6cd07de7b06a880a091cdd5f09af7b
44,10,free,,H,55.0,6,2.0,7e863f06ea3573ea486466ec5337f9180c1ea66b43c8c197ac002d4adaaf1f15
45,1,forced,1.0,A,50.0,1,,
45,2,forced,1.0,A,38.0,1,,
45,3,forced,1.0,A,32.0,1,,
45,4,forced,2.0,H,80.0,1,,
45,5,free,,H,71.0,1,2.0,fbff65d15c20d0ab61f1023eec5996a4900e86cf964203c260f460567400597f
46,1,forced,1.0,A,68.0,6,,
46,2,forced,2.0,H,48.0,6,,
46,3,forced,1.0,A,58.0,6,,
46,4,forced,2.0,H,27.0,6,,
46,5,free,,A,60.0,6,1.0,3b8ade132c2578e2334d724700f27b5c47bc40c6dc8f4e8b353a781576e74bb4
46,6,free,,A,47.0,6,1.0,d57c354b8028fa4362cd0578703aed5f67867aeaef78c8253f5a71edbc9dbe38
46,7,free,,A,62.0,6,1.0,02eb03a0dadd43d4915881ef7b2113408587424c30bcdf9cc8fd421c65c34599
46,8,free,,A,56.0,6,1.0,a60c361252f059faff7d80a6be7d342007a06dda554fb0b67ac0331418a487c9
46,9,free,,A,49.0,6,1.0,21d9c16c7d259d879eada473c824a509697bc2de5e391774e3ed0ea91d55def0
46,10,free,,A,63.0,6,1.0,0258801791439104b2b38e8f3f8ae073b2e4a2687e3ed92778665c6e20245995
47,1,forced,2.0,H,45.0,1,,
47,2,forced,1.0,A,54.0,1,,
47,3,forced,2.0,H,32.0,1,,
47,4,forced,1.0,A,69.0,1,,
47,5,free,,A,71.0,1,1.0,bbcd7c8c2c348561c84b1e888822366176340a8c925bfa5cccd74e47fbc22a8f
48,1,forced,1.0,A,45.0,6,,
48,2,forced,2.0,H,32.0,6,,
48,3,forced,2.0,H,37.0,6,,
48,4,forced,2.0,H,28.0,6,,
48,5,free,,A,34.0,6,1.0,035e436a0c04432da222febf0be9905823b161e78bfadf88ffd9faebb3f72baf
48,6,free,,A,30.0,6,1.0,1f11cd132eade9376008ffbfbee1410ff13ed0559acae3e97e985bbebb15cbc4
48,7,free,,A,37.0,6,1.0,f376d70f5f74450391418fafba97d4bbce6df4fbabbed8d0fe5483f50ebfbce7
48,8,free,,A,39.0,6,1.0,3c7a7a9d31ce8f8d68a77e740fdf75fbcf3a79e94848892e3aed957184f1b91d
48,9,free,,A,21.0,6,1.0,5dbe505befe3faad9b2dc0603e5415bebd9cb643db856799b3102c769993e169
48,10,free,,H,39.0,6,2.0,0be9ba042a9a52a45b3c436a265b5961c63e61b6075e371afcfe262e73d651f2
49,1,forced,2.0,H,57.0,1,,
49,2,forced,2.0,H,52.0,1,,
49,3,forced,1.0,A,38.0,1,,
49,4,forced,1.0,A,50.0,1,,
49,5,free,,H,54.0,1,2.0,5e0882406a01a4dc901890b93dd58567547f9a659d2b6be891732b9756d2b656
50,1,forced,2.0,H,89.0,1,,
50,2,forced,1.0,A,59.0,1,,
50,3,forced,2.0,H,89.0,1,,
50,4,forced,1.0,A,68.0,1,,
50,5,free,,H,81.0,1,2.0,747819b964eb7a3a03571aad6580266e004f6cc6037febb277e3a253aaa7d2d3
51,1,forced,1.0,A,36.0,6,,
51,2,forced,1.0,A,40.0,6,,
51,3,forced,2.0,H,34.0,6,,
51,4,forced,2.0,H,29.0,6,,
51,5,free,,A,43.0,6,1.0,dbd88acc40460c327ecaef4118bc0b09a93e78426f70c8e4ddf2e2ecc633fa08
51,6,free,,A,30.0,6,1.0,80ae3bbac140570c37ed95ed4f0eed2a40047ec0f8ee437aa4b970ee18612d1f
51,7,free,,A,36.0,6,1.0,f9e9bcdf3fda3e602ca3d41ac66ae2ff830c1e6d557afbe31c0e5354547e662d
51,8,free,,A,34.0,6,1.0,81d3c8df2edf0857e1a78c29a191146bd169e9213a716432b2908927eab44829
51,9,free,,H,43.0,6,2.0,0ce53b2099601e1ee2d6a0d0289cb098fabef0f57c9a9ce24372c8fd9be09fb7
51,10,free,,A,27.0,6,1.0,d04fea2fd6900f78376865b9292fa345ad86c75971a73576aca5a648fb4eed85
52,1,forced,2.0,H,43.0,6,,
52,2,forced,1.0,A,61.0,6,,
52,3,forced,2.0,H,29.0,6,,
52,4,forced,2.0,H,51.0,6,,
52,5,free,,H,47.0,6,2.0,18441ebc5ad8a64a0566c947dc4bd5144b5b6fc06758beaa6ee52c16690017b0
52,6,free,,A,56.0,6,1.0,d560c1ada3735b45115c9a7c480c35819fde64eff980fb68bb208aef5faa8952
52,7,free,,A,49.0,6,1.0,f4eaa903f8f9d5d8a41b4c3f73e07f6fef2ae1d81169a133c6ff395a6495e011
52,8,free,,A,69.0,6,1.0,c0abbc5a2122e67d6397e2cbf5e5fdc3385aba9f04a600d97a213e1658e694f6
52,9,free,,A,51.0,6,1.0,af902035ab0eba48888a934c1e497b460605d1873f59114fc170f5be34f9a126
52,10,free,,A,57.0,6,1.0,00496fbda36cdfc9462647ddecc5fab2c6ac947a87a200fec2a8b84f2a386b4a
53,1,forced,2.0,H,73.0,1,,
53,2,forced,1.0,A,80.0,1,,
53,3,forced,2.0,H,53.0,1,,
53,4,forced,2.0,H,56.0,1,,
53,5,free,,H,62.0,1,2.0,ce2e05537febaf3c8879019402ce420721c9d641c8c3d0c36e4b6d054f26be7a
54,1,forced,2.0,H,37.0,6,,
54,2,forced,1.0,A,57.0,6,,
54,3,forced,1.0,A,53.0,6,,
54,4,forced,1.0,A,47.0,6,,
54,5,free,,A,49.0,6,1.0,1bf5981821e6321fc4e69a09930a2731db4632a1c96eab1392a54bb27afa4cb5
54,6,free,,A,49.0,6,1.0,ea97c5d4da1fa12a4f636b51dbcec908909a1ddebae70c1374b5913d469cd3ac
54,7,free,,A,43.0,6,1.0,1f16deb3be3f09aec388a9688ac6431e518be0d9b7d7af91d3759180ed17b79f
54,8,free,,A,43.0,6,1.0,014701bd7d36a968c0d10e10fb8fb635d4ac6009a301952f0d57bb133a7a88a2
54,9,free,,H,46.0,6,2.0,7a6b6a62c07b858e6ecf74cdefeb48fd0025eac09d1ca9e441dc02cbe0bc88e3
54,10,free,,A,52.0,6,1.0,734ef74b89edf459e1465deddf3b726660ea7d675d5cab2edaef30e0ced0058e
55,1,forced,1.0,A,44.0,6,,
55,2,forced,1.0,A,29.0,6,,
55,3,forced,2.0,H,18.0,6,,
55,4,forced,1.0,A,42.0,6,,
55,5,free,,A,36.0,6,1.0,9ee301076435fa7f69ffe85309c9532011a4ec576bdb62282b03eeea91b7b006
55,6,free,,A,37.0,6,1.0,c25bcf590cee4cb70664418e21cfb566cff5f46424271d4432d217c91174dc1c
55,7,free,,H,38.0,6,2.0,a42a674ee7e3f201afbedc8f75ce57c2ec04079872eeffca409209e3aedb1632
55,8,free,,A,52.0,6,1.0,9487e30bc78c1b22aacff3c123a274689657b076a81fd008c0e5a6621cca9762
55,9,free,,A,36.0,6,1.0,59ea5e4c28e5215b3eca4b258eeed04d074d76c784dbca7b4141337aace754f0
55,10,free,,H,32.0,6,2.0,762764cc52339fd3aa3011b51de03983690de49e408fb4ede6c177a9c61dd2e7
56,1,forced,1.0,A,40.0,6,,
56,2,forced,2.0,H,44.0,6,,
56,3,forced,1.0,A,47.0,6,,
56,4,forced,2.0,H,64.0,6,,
56,5,free,,A,56.0,6,1.0,22a20768aaa167b043d8bedca28d98ecd8f09c234bb53fba0c3385fb61754bfc
56,6,free,,H,60.0,6,2.0,fd09d20e2971e5c5d6eab1096707ef895a6e415f233dba964ab278536835f2a7
56,7,free,,H,63.0,6,2.0,12276919f8cbbcb5ac8c39b70fe2405c85f3f3ac83c5be01a7659dc1fde6a79f
56,8,free,,H,54.0,6,2.0,b55ed80a1c3e0138ae43d7ececd064c5d7f44121711ca34eb9fa66b25f0c8e2f
56,9,free,,H,52.0,6,2.0,a7b4298d73ec60347b6d8c0b3c5fa22d13502803063cfa8bd430596e2d3f05b7
56,10,free,,H,74.0,6,2.0,aa7f5e8c7c8e0d25a8638bbc833daa1d39d3310a633b77e87452c7811ee173e7
57,1,forced,1.0,A,36.0,1,,
57,2,forced,1.0,A,17.0,1,,
57,3,forced,1.0,A,10.0,1,,
57,4,forced,2.0,H,36.0,1,,
57,5,free,,H,38.0,1,2.0,ad92d11583079813c07994bae52176ff4d8f77d07454b363ce85966c55270889
58,1,forced,2.0,H,67.0,1,,
58,2,forced,1.0,A,59.0,1,,
58,3,forced,1.0,A,56.0,1,,
58,4,forced,1.0,A,53.0,1,,
58,5,free,,H,76.0,1,2.0,52e5d7fa5d4578877bb2b0a64a8042d17659027c3f3559b2baa73e88f2a677a0
59,1,forced,1.0,A,33.0,1,,
59,2,forced,1.0,A,34.0,1,,
59,3,forced,1.0,A,37.0,1,,
59,4,forced,2.0,H,56.0,1,,
59,5,free,,A,39.0,1,1.0,481060e9610a6efc745bac44ada579de67ab46a2b8dc9061cf0276a474159a73
60,1,forced,1.0,A,47.0,1,,
60,2,forced,1.0,A,57.0,1,,
60,3,forced,1.0,A,51.0,1,,
60,4,forced,2.0,H,76.0,1,,
60,5,free,,A,63.0,1,1.0,b99556e103249af9eeae7705916d5527441f85913c80d106f4fa556c6febe23b
61,1,forced,1.0,A,81.0,6,,
61,2,forced,2.0,H,55.0,6,,
61,3,forced,2.0,H,59.0,6,,
61,4,forced,1.0,A,92.0,6,,
61,5,free,,A,92.0,6,1.0,12f1fcdb8b715c7fcd4571ef284fe2c97dfe2a5b97a6c558071b0516a163cc48
61,6,free,,A,75.0,6,1.0,0a9f0e3818d6502d99a696254e1ef43e0edeeb91a232779a7feef11bad567407
61,7,free,,H,69.0,6,2.0,35619a910dcd1e37a6e7928b3b4c9ffaff2011273d3935706ade1517d6603bd2
61,8,free,,H,65.0,6,2.0,e838294320c001756f8c37bf329fbe3d19bd80d7adb6874a0640d2e1d5e70fc8
61,9,free,,H,59.0,6,2.0,3cfb1058e4a390ccd2542d5c79138569e503f561b45e40aa9f92555f39c7bbc2
61,10,free,,A,96.0,6,1.0,6843b95bfd5c532c242ffa8afaf3c7370a257bac8a63ff55262648c787be3e07
62,1,forced,1.0,A,39.0,6,,
62,2,forced,1.0,A,31.0,6,,
62,3,forced,2.0,H,46.0,6,,
62,4,forced,2.0,H,41.0,6,,
62,5,free,,H,17.0,6,2.0,8d08d3910a1b8fb2f6acd343b3dd9556f7915043ed6e028b3abb6b3eb8b1d752
62,6,free,,H,39.0,6,2.0,dffe4005a18f9cdfe60040f2248e6292a77ff39b680bdf918f66c4ad2199159c
62,7,free,,H,22.0,6,2.0,c7bf649542413a05fd4ba24cb58fd80bd89db6d978d1ceddd8272af162277916
62,8,free,,H,30.0,6,2.0,794e0dbc71a10e12f7ac55a3cf6b97f30837cd4840f252ff3fb77c3106e1c6a2
62,9,free,,A,37.0,6,1.0,369a42ac147bdff65cda93751869d38cdd97bcda9bca4c4b5542964a7c2b9caf
62,10,free,,A,43.0,6,1.0,02ea3927fd078c32ade60aada18ff578f13ddd39874113fb53239be61fd46a7c
63,1,forced,2.0,H,70.0,1,,
63,2,forced,1.0,A,43.0,1,,
63,3,forced,1.0,A,43.0,1,,
63,4,forced,2.0,H,71.0,1,,
63,5,free,,H,70.0,1,2.0,d44a263850bc6bd36efa645a752155b52a0c1be8819ac9127473afa07a3d47b8
64,1,forced,1.0,A,97.0,1,,
64,2,forced,1.0,A,81.0,1,,
64,3,forced,2.0,H,56.0,1,,
64,4,forced,2.0,H,57.0,1,,
64,5,free,,A,68.0,1,1.0,a1a65683008b5d8e4fc10bacd08a0ae98f8defc2521b7ce45c9b80665e70a01d
65,1,forced,1.0,A,66.0,1,,
65,2,forced,1.0,A,53.0,1,,
65,3,forced,1.0,A,72.0,1,,
65,4,forced,2.0,H,73.0,1,,
65,5,free,,H,69.0,1,2.0,1e5e3364a93501414be49198664a2d18ff45ecfe5fb35a5b109a791baee9852b
66,1,forced,2.0,H,63.0,1,,
66,2,forced,2.0,H,62.0,1,,
66,3,forced,1.0,A,92.0,1,,
66,4,forced,1.0,A,99.0,1,,
66,5,free,,A,97.0,1,1.0,d74b631054ee20785d3b1b3347365966dc5268bf549cd7e3406ad1883e5b112c
67,1,forced,1.0,A,44.0,6,,
67,2,forced,1.0,A,56.0,6,,
67,3,forced,2.0,H,44.0,6,,
67,4,forced,2.0,H,48.0,6,,
67,5,free,,A,55.0,6,1.0,35a83aad1023ce0ec55d50784bca04cb29c8b10e88429b2184f4db7fe94122c9
67,6,free,,A,60.0,6,1.0,89138f7c3dcee76544088043b67a666ac05d1b25df0181f1e6314bfc1aa354ff
67,7,free,,A,50.0,6,1.0,dbb6a7a56b6a065e530ad827e052b35849abb125f4efc86c5292627a76cb0714
67,8,free,,H,37.0,6,2.0,bdebf1a7c1018ddab9b58aee609e684c7e02ed6848b7ef667a58bdb3b918fa04
67,9,free,,H,35.0,6,2.0,b9adf4ad2f83c46d04a6ccc588be5dbc0c60657f37d825da8faa709f5f72f4cd
67,10,free,,H,29.0,6,2.0,fd0fa4ff7f6b409a74c55e8ef839aa2cfbcc13b2cb0da470523717b57d0acb16
68,1,forced,2.0,H,83.0,6,,
68,2,forced,1.0,A,50.0,6,,
68,3,forced,2.0,H,62.0,6,,
68,4,forced,1.0,A,77.0,6,,
68,5,free,,A,56.0,6,1.0,fa942994c57eda08edf43804d1709d14127bd77a289d2245b17819e803bfcf00
68,6,free,,H,80.0,6,2.0,21f0383d36b2ce0c8c8cc2d5cc8ea9ab5c034cc051d81c76a859aa767560c944
68,7,free,,H,79.0,6,2.0,1cca392c716f5d0d8fee8c1e6ff3c04fde5edc4fdb8205e66954d8275b7a15b9
68,8,free,,A,43.0,6,1.0,ec917c006dac5d96ec98a279fb0792f0cf3b852cca386383a00ab0b01be9182a
68,9,free,,H,74.0,6,2.0,dd6a06b7fa82d2b5f4fc683256e0822268579df77f299f9fa5c78f164b4a8b6b
68,10,free,,H,89.0,6,2.0,c7a937b76e001145b600b4dbdee40a3edc8b2947bfe7f337863e44ed1229b021
69,1,forced,2.0,H,65.0,6,,
69,2,forced,1.0,A,80.0,6,,
69,3,forced,1.0,A,77.0,6,,
69,4,forced,1.0,A,78.0,6,,
69,5,free,,A,78.0,6,1.0,496fcdedc5397731c5112a8eb445fd43d427c2359fe474d4e827a7ecc7cc558a
69,6,free,,A,75.0,6,1.0,ecad45d49550780f69a87affa9dfeef9e6531aedc2efb3448beef119c7218a26
69,7,free,,A,77.0,6,1.0,d6339e5fb84a3b456ae323b25ba19ebfb75ec0b10a68f530ca5c6e4d0259c365
69,8,free,,A,82.0,6,1.0,c821ded11c05ae70fef67bc09284f9d6b0b8e677c4d15806fb158e3bbc89df3c
69,9,free,,A,68.0,6,1.0,40bc87c1b1eda056ed10345b88f012e3f6ed533495b5bc1cd4209cc03c445eca
69,10,free,,H,62.0,6,2.0,e1de606bab991508d5c180bd9146eb6118faa02ce2fff5c8d724b93d40c0e817
70,1,forced,1.0,A,41.0,1,,
70,2,forced,1.0,A,37.0,1,,
70,3,forced,2.0,H,29.0,1,,
70,4,forced,1.0,A,36.0,1,,
70,5,free,,A,50.0,1,1.0,cf0e98f9b8874fb949d7d7f4353695ddd4f579a26570cbeb37fa198dd4f72659
71,1,forced,1.0,A,61.0,1,,
71,2,forced,2.0,H,42.0,1,,
71,3,forced,2.0,H,31.0,1,,
71,4,forced,2.0,H,41.0,1,,
71,5,free,,H,44.0,1,2.0,effe66052bc360ee10470c5ff05f795a7b04bfff9e9fef94257fef6897e31f5b
72,1,forced,1.0,A,48.0,1,,
72,2,forced,1.0,A,29.0,1,,
72,3,forced,2.0,H,48.0,1,,
72,4,forced,2.0,H,31.0,1,,
72,5,free,,A,50.0,1,1.0,445826726f61c7c0a6ed3db07a78da7149e0297c173f29f3f750b906f6c81183
73,1,forced,2.0,H,40.0,1,,
73,2,forced,1.0,A,25.0,1,,
73,3,forced,2.0,H,39.0,1,,
73,4,forced,2.0,H,41.0,1,,
73,5,free,,H,34.0,1,2.0,ccfed785691a7d84f9f55b46d61cf65a1411693b8acff628fd4dbbde8382748a
74,1,forced,1.0,A,30.0,1,,
74,2,forced,2.0,H,66.0,1,,
74,3,forced,1.0,A,45.0,1,,
74,4,forced,2.0,H,47.0,1,,
74,5,free,,H,51.0,1,2.0,911902a829b93813c6ed9e24519afcc8bdb123af91ab16f2a62647b181a88f45
75,1,forced,1.0,A,12.0,1,,
75,2,forced,2.0,H,35.0,1,,
75,3,forced,1.0,A,13.0,1,,
75,4,forced,2.0,H,37.0,1,,
75,5,free,,H,40.0,1,2.0,202fa867912d3d79e640c5111cd28fe41b2f2373e6b3a3167dc7162d5b02d0e4
76,1,forced,1.0,A,62.0,6,,
76,2,forced,1.0,A,64.0,6,,
76,3,forced,2.0,H,80.0,6,,
76,4,forced,2.0,H,76.0,6,,
76,5,free,,H,77.0,6,2.0,0eb9c2ecd672fd0e94609ea9b8ee1648fb95b43bd55297292c907f6214cacb6a
76,6,free,,H,86.0,6,2.0,fdb9c96cec6dee462f7a007a4457540bf1acb85c4e9eca16122f65146ca5a294
76,7,free,,A,63.0,6,1.0,796231b9dd556c5ee962ae9ff5f8c2a263266de3f2824171aedee9af8db843b6
76,8,free,,H,80.0,6,2.0,18d99bd7e77e649eb8523fb1ebaa1500bc54a354ff09124a51fd51dfa4b8f92d
76,9,free,,A,46.0,6,1.0,0a9d7f621e39b207e4d3cf7b6216670b062c6b11c4a6cc9676b5c2d253f8d06c
76,10,free,,A,67.0,6,1.0,dabe64f2303a8ae53f9a7bb8557f53cbaa150f818034a67659f323e0c8c3aa0e
77,1,forced,2.0,H,43.0,1,,
77,2,forced,1.0,A,73.0,1,,
77,3,forced,2.0,H,26.0,1,,
77,4,forced,1.0,A,59.0,1,,
77,5,free,,A,69.0,1,1.0,d7ed1f790ea788a8c00eac8aa4b9ea76059d31cea627201349c476ab63398363
78,1,forced,1.0,A,39.0,6,,
78,2,forced,1.0,A,36.0,6,,
78,3,forced,2.0,H,64.0,6,,
78,4,forced,2.0,H,62.0,6,,
78,5,free,,A,44.0,6,1.0,b035d659169b7f8ad02d00476e16058ff9e958f273ee953638d12fe19043cc48
78,6,free,,H,74.0,6,2.0,06219d7fe7ec786350c077b131c9e975ac976884f19682f7c6dd40c9f7fc2dd2
78,7,free,,H,69.0,6,2.0,453d4736e3df692d81c2786fadb51f254c8f792df5f86252f9aaa0ec4e3bc567
78,8,free,,H,64.0,6,2.0,9c618fd58d4df56594fbf23532a5e125007ad757a20cc3467182419e71a93ac0
78,9,free,,A,13.0,6,1.0,031375f3f367516117cf0274133875b4b6d30ec52586b2aa01a52196b47d7bfe
78,10,free,,H,61.0,6,2.0,cd33ec2e979a5bff34e3500abd2aeba694fa8010a42f07f930817cd2a06a5c7c
79,1,forced,1.0,A,29.0,1,,
79,2,forced,2.0,H,47.0,1,,
79,3,forced,1.0,A,32.0,1,,
79,4,forced,2.0,H,63.0,1,,
79,5,free,,H,47.0,1,2.0,ddc6a82bf541742d46c1954b0f846d0d0f529d7de628a72b1a747c8b33ebf545
80,1,forced,1.0,A,59.0,1,,
80,2,forced,1.0,A,40.0,1,,
80,3,forced,2.0,H,60.0,1,,
80,4,forced,1.0,A,67.0,1,,
80,5,free,,A,29.0,1,1.0,994183deb62d876b43a8053f8673363ba630c8f199c15f3d2f6c7c586b4d8465
81,1,forced,2.0,H,62.0,1,,
81,2,forced,1.0,A,54.0,1,,
81,3,forced,2.0,H,63.0,1,,
81,4,forced,1.0,A,44.0,1,,
81,5,free,,A,45.0,1,1.0,75af180478b46d5e43b82e11bd274ece249a46d7394ccf0abb28ba4f1985aa33
82,1,forced,1.0,A,32.0,6,,
82,2,forced,2.0,H,30.0,6,,
82,3,forced,2.0,H,28.0,6,,
82,4,forced,1.0,A,51.0,6,,
82,5,free,,A,44.0,6,1.0,eb2ce6b43b229ade9929dff89214e0e4a1f3b41ad7e28308effc3843024310ad
82,6,free,,A,35.0,6,1.0,cfcb2980651562cc697cacabe4cb1551e8dca5819c814afd2c7cb8c37d221ab2
82,7,free,,A,40.0,6,1.0,23cecad9a8f9dd7e6fd6b1e8daf31233d7f151e648f79f49f21a7658684ea4a1
82,8,free,,A,39.0,6,1.0,af1af9b4aa2346d23cca33c39745b8c7d99e6908530210523af2dfd43013af13
82,9,free,,A,38.0,6,1.0,a3793a9dd0adea3b9ef77ee4267b1b07186f8e6f5dae8557ed29b2ca92aba87e
82,10,free,,H,31.0,6,2.0,5749598c63b1323e30bcc15cd36b39600616463ff4e52c3ede39ac0d8874cc66
83,1,forced,2.0,H,62.0,6,,
83,2,forced,2.0,H,61.0,6,,
83,3,forced,2.0,H,64.0,6,,
83,4,forced,1.0,A,33.0,6,,
83,5,free,,H,78.0,6,2.0,5ce74b129875e9c1ae1e3f8bdcd2cf9388b6c8b09dd4976f945c04c099ded952
83,6,free,,H,66.0,6,2.0,f76ae6e1812dff52efb5cc855f0db86b8db9acc9312605f0b7ff46a7910009a4
83,7,free,,H,72.0,6,2.0,6096291ef179ac4e7ac416baaab7329ddd7baf3789403a4bd8a10b1ebf64ffbb
83,8,free,,H,79.0,6,2.0,f2de643adb2166a2249231bc7d3d541205de3e82ed9255a78cceb949faed85bd
83,9,free,,A,41.0,6,1.0,b16592197a34e7b3751bf22722824195cebbc1d7562a0fb388d0185b1e426f02
83,10,free,,H,74.0,6,2.0,ee417f9a92db51364887c5d91f97da47760221577c4c0422c5e46ccd3818d5d5
84,1,forced,1.0,A,80.0,6,,
84,2,forced,1.0,A,73.0,6,,
84,3,forced,2.0,H,63.0,6,,
84,4,forced,2.0,H,58.0,6,,
84,5,free,,H,68.0,6,2.0,3c84aec1c75c8222370337df7809793033f3587227d8031fb33adeaab1c4d119
84,6,free,,A,72.0,6,1.0,c730760a5dd9529b87e0aeabe94bbba27fdc34b45052dda5e6c978a7335b808a
84,7,free,,A,77.0,6,1.0,965c723fb22f7561be79a246e17c07331c934781680760583ba16963b02b0645
84,8,free,,H,48.0,6,2.0,8e05d434f1246202fa07047e4eeefe39fe1e8cb297a515d418e707ce392d31f0
84,9,free,,H,54.0,6,2.0,3ceacc426ebf05f631402520af516181ee2caf0ee002fb86a7e16edd8ecf6d0f
84,10,free,,A,70.0,6,1.0,eb33396b32fc7932dda5495922f93ee1d711df3bc14993df958ccc78eb0117cf
85,1,forced,2.0,H,25.0,6,,
85,2,forced,1.0,A,43.0,6,,
85,3,forced,2.0,H,5.0,6,,
85,4,forced,2.0,H,14.0,6,,
85,5,free,,H,15.0,6,2.0,2bcfbd7190ccf1e3745b8ef373cc8c40e8d550e4c4646e3ef9a4169044704697
85,6,free,,A,44.0,6,1.0,68feca26a613bd5489d2323dece0ad532cdb709ebab650c3d76c79128621b8d5
85,7,free,,H,21.0,6,2.0,0c2f8d34201b395d0e605e1da277cba229f41a6aee23b3726a68be4031dba3d8
85,8,free,,A,42.0,6,1.0,9e67f46c6e95022019c0bb8a063e695b8f45467b6aac1ffcce228c3451bc8105
85,9,free,,A,33.0,6,1.0,1c1e37be6aa2587a852abae7a3e6827ec6ab53f1f2cdaf3129b9bfff35713e4b
85,10,free,,H,7.0,6,2.0,cae1326d0da60bf61caed4a626c3a38e9af406f7c68b6e3a153560b7e2849ea0
86,1,forced,2.0,H,54.0,1,,
86,2,forced,1.0,A,39.0,1,,
86,3,forced,2.0,H,62.0,1,,
86,4,forced,1.0,A,29.0,1,,
86,5,free,,H,51.0,1,2.0,8cc3b0ab8b07f712c430f703a100c9966edb33cef4b627261aa707b5c59885ec
87,1,forced,2.0,H,64.0,6,,
87,2,forced,1.0,A,78.0,6,,
87,3,forced,2.0,H,63.0,6,,
87,4,forced,1.0,A,72.0,6,,
87,5,free,,A,61.0,6,1.0,80a2a3d4c7517f026d085056808f0e4c00ef2fa5380311b9e5a98f347e03ed97
87,6,free,,H,56.0,6,2.0,3ebde7542dfc29b847b0195636561518f889a35be669ccf7901347158c265040
87,7,free,,A,69.0,6,1.0,2de977f680505a02cf2f6f23af980d0a8a6daa37d8f712a98a6ea3d26613d267
87,8,free,,H,58.0,6,2.0,a361e50cb83c4bbe3cd05fa408f640e88ea414f71d961c8771d4bdf6fb23a4de
87,9,free,,A,66.0,6,1.0,df31b0cbf68b36cbac1646ec4fd83ca687a3cbc952cc5796cdbd94753f7bcc6e
87,10,free,,H,60.0,6,2.0,135d97d63e72adbf38ef72095b548edd31fc91f4acbd721aa938a6943eba8f87
88,1,forced,2.0,H,60.0,1,,
88,2,forced,2.0,H,62.0,1,,
88,3,forced,1.0,A,57.0,1,,
88,4,forced,2.0,H,61.0,1,,
88,5,free,,H,54.0,1,2.0,5c55f0cb53e094b90aea38c7404c1bebe0848e5a18e15c4556df1b63ab7e19d3
89,1,forced,1.0,A,23.0,6,,
89,2,forced,2.0,H,28.0,6,,
89,3,forced,2.0,H,2.0,6,,
89,4,forced,2.0,H,34.0,6,,
89,5,free,,A,44.0,6,1.0,165694347ffb317ed8a5b59de3191581a82ce6d2720704881540c3cb661acbdd
89,6,free,,H,21.0,6,2.0,f7bc8841ceddd77e4d04d76ec7863453d64f912b33e901299de97b6dbf95520d
89,7,free,,H,23.0,6,2.0,dea41c42211709293df11c0ee17d4914f5756154e443a2dda3198c0c2787b844
89,8,free,,H,42.0,6,2.0,e10c8b1fd5e843e441a59aaf060163d059aec2282d6f54f53d96e8f11ac9e1df
89,9,free,,H,25.0,6,2.0,53c16dffc0bd6c26a9432fd29b8a78629909d7dd7a890040cd28515e45149146
89,10,free,,H,28.0,6,2.0,74fcafa192934d7d43fe62af50e43ea1e02edbaf667316d5d11a063c4db9688d
90,1,forced,2.0,H,40.0,6,,
90,2,forced,2.0,H,35.0,6,,
90,3,forced,1.0,A,48.0,6,,
90,4,forced,2.0,H,29.0,6,,
90,5,free,,A,50.0,6,1.0,bbd6067a677d758c190e84885b1610944f2d3298a160a3473151220c81c86376
90,6,free,,A,38.0,6,1.0,fde760358410ba844cf996ccad448cdf50fa13f514fd005b2957d928706e745f
90,7,free,,H,32.0,6,2.0,0ea485d919eaad7dfb01c1984b8b5120f463ada7e12cd1cc26f28a27730c80a0
90,8,free,,H,38.0,6,2.0,1a353bf37ad64fc41bd3093717335243bc6ffa176b162678cc870383dea77b8f
90,9,free,,A,40.0,6,1.0,d74e6dd853216a476a528f1a5b8d4a639534c0afeb6008b61bb16fbf9224f2d3
90,10,free,,H,31.0,6,2.0,6a380cd4ff862ff31d17d87d65887b1113219a6e8a4b79afef93cab7f4e2a994
91,1,forced,2.0,H,84.0,6,,
91,2,forced,1.0,A,50.0,6,,
91,3,forced,2.0,H,98.0,6,,
91,4,forced,1.0,A,73.0,6,,
91,5,free,,H,67.0,6,2.0,933e12a819944b9540c14872762bc09f0272f655cf36b81dec8879d546b973c0
91,6,free,,A,57.0,6,1.0,781302bb5b61b15124e13f60e83b29e3192b4d0c80e2ccb1831d9f68b04772d0
91,7,free,,H,99.0,6,2.0,7e653c929cd84bcd2e10c8a9a4561e08f3a8a4253c3bd1323e018a04226b2b30
91,8,free,,A,43.0,6,1.0,2f92dfa9bef382c9f466e78946aa6961c5ca504aa5e2df8694d6c903b87f54d5
91,9,free,,H,99.0,6,2.0,2c2e75da4c621048eec8d531f778dc01467b9ea3104b10391123ceb05042a8c9
91,10,free,,H,89.0,6,2.0,84376f213e1015553dc33f873beff3fc0eab6baef053ed1eec08feabdc19ef13
92,1,forced,2.0,H,78.0,1,,
92,2,forced,1.0,A,59.0,1,,
92,3,forced,1.0,A,58.0,1,,
92,4,forced,1.0,A,54.0,1,,
92,5,free,,H,71.0,1,2.0,f2dc1cb606456c9d76a8e91fb310e58474e3965d9f2386c71e1cf2ebdd77848e
93,1,forced,2.0,H,31.0,1,,
93,2,forced,1.0,A,45.0,1,,
93,3,forced,1.0,A,48.0,1,,
93,4,forced,2.0,H,38.0,1,,
93,5,free,,H,41.0,1,2.0,5d1e6054dc252385fb1057973b081b159a916680955578e114dbe12d5d991d09
94,1,forced,1.0,A,45.0,1,,
94,2,forced,2.0,H,63.0,1,,
94,3,forced,1.0,A,53.0,1,,
94,4,forced,1.0,A,52.0,1,,
94,5,free,,H,59.0,1,2.0,63a0e3d7116e1a8c1e49616d88b7ae47b01e12944564bca00d8af3f5a16cc9d0
95,1,forced,1.0,A,49.0,1,,
95,2,forced,2.0,H,69.0,1,,
95,3,forced,2.0,H,58.0,1,,
95,4,forced,1.0,A,54.0,1,,
95,5,free,,A,50.0,1,1.0,15b5ed2683d7ea64af75a0e06479cd344350d509f35b43fed7888433ae5da2ba
96,1,forced,1.0,A,42.0,1,,
96,2,forced,1.0,A,30.0,1,,
96,3,forced,1.0,A,33.0,1,,
96,4,forced,2.0,H,24.0,1,,
96,5,free,,A,47.0,1,1.0,079009d1e0ee54c66431c689a3825b9cbe2a484e9a38fab2045367d360c3dd1b
97,1,forced,1.0,A,26.0,1,,
97,2,forced,2.0,H,66.0,1,,
97,3,forced,2.0,H,54.0,1,,
97,4,forced,2.0,H,66.0,1,,
97,5,free,,A,37.0,1,1.0,af5717422235f6372c46b3b73ff24bd7c3a7ee0c7845a152a1d2d31bd90b9973
98,1,forced,2.0,H,78.0,6,,
98,2,forced,2.0,H,41.0,6,,
98,3,forced,2.0,H,82.0,6,,
98,4,forced,1.0,A,78.0,6,,
98,5,free,,A,66.0,6,1.0,40c4b6867d5f411c2118b356c41cc1f38deecec3f9b56f8dfea03a29575eca28
98,6,free,,A,68.0,6,1.0,395fa6063d2a2243cad647ec1dcda778fdb79e7106134ad842950f4900ee2fb0
98,7,free,,A,72.0,6,1.0,0944ea39c76d6139d13ae5ea06f3ec0bc7682f8dd5f25c91b784b89b2e799f80
98,8,free,,H,61.0,6,2.0,3795e9774810795f3d484abdb22160668749e61b547a258434224b0c4987c73c
98,9,free,,H,65.0,6,2.0,d8ce5658addf48df2909d0f75ada94c49ab5425a988371ca86d6bc88c1c834e8
98,10,free,,H,55.0,6,2.0,0bd72e563c6341344f21a7679e90f9cdb6ece9330192040a42da5135b9806608
99,1,forced,1.0,A,69.0,6,,
99,2,forced,1.0,A,58.0,6,,
99,3,forced,1.0,A,55.0,6,,
99,4,forced,2.0,H,72.0,6,,
99,5,free,,A,64.0,6,1.0,e50986376055aa5b31ea180396b7022983bbf321fef20db68a448ceb450b1046
99,6,free,,A,59.0,6,1.0,d19297b311ebcf4053be1b1966bfdfedc1abf44552fa511221d507f6d3955e33
99,7,free,,H,66.0,6,2.0,cddf17e078cdd765b6c042b76afc333b2fea627f2ec8dc1f43102cccd8f1d1a5
99,8,free,,H,61.0,6,2.0,ea53c779b9a7d377c6230f9dfa273eeffa2c0deded585b6d4d29a2e17859704d
99,9,free,,A,59.0,6,1.0,7ffef8c63917b981d8e390eb27683afefb5fd1d8cd01d06392f385feb54d9780
99,10,free,,A,58.0,6,1.0,86852ae3d8830d7bda756b49506ec363c93eac790fd8c650b3a968f1578003e8
100,1,forced,1.0,A,58.0,6,,
100,2,forced,2.0,H,78.0,6,,
100,3,forced,1.0,A,70.0,6,,
100,4,forced,2.0,H,77.0,6,,
100,5,free,,A,50.0,6,1.0,746aeed5ba2d3e3b3e9741b07acbfa66ad82c5aec0f8e495d365c9205259eb6c
100,6,free,,A,62.0,6,1.0,3d6bedf8f7283800a42f0a05b61eaf38d758f61691f7f8e5a35d6a4a50126ffa
100,7,free,,A,52.0,6,1.0,e3d0c1391d12849723079e381a96ab26814d9a04a126eb457eab87f680faef97
100,8,free,,H,71.0,6,2.0,e5b13d81bf8694b6888a3d4045c81864bd48de3f46c4d624fd1e42eafbabdc0c
100,9,free,,A,56.0,6,1.0,f6fa0b9ebb3d367ff441025167aefe491588aa448d63d0fdc75bf4acb9c6aa8e
100,10,free,,A,64.0,6,1.0,73fe19f15d1268e4e66e03ae87a289314fcd1e33bb6d617c65c189c73f181531
