game,trial_index,horizon,ground_truth,model_predicted_char,nll,top2
1,5,6,I,I,1.421875,"[('It', 0.3515625), ('I', 0.2412109375)]"
1,6,6,I,I,2.953125,"[('H', 0.8203125), ('I', 0.05224609375)]"
1,7,6,H,H,0.158203125,"[('H', 0.85546875), ('I', 0.07958984375)]"
1,8,6,H,H,0.08056640625,"[('H', 0.921875), ('You', 0.0167236328125)]"
1,9,6,I,I,4.65625,"[('H', 0.8671875), ('You', 0.043212890625)]"
1,10,6,H,H,0.1669921875,"[('H', 0.84765625), ('You', 0.047607421875)]"
2,5,6,I,I,2.15625,"[('H', 0.86328125), ('I', 0.11572265625)]"
2,6,6,I,I,0.58203125,"[('I', 0.55859375), ('H', 0.435546875)]"
2,7,6,I,I,0.291015625,"[('I', 0.74609375), ('H', 0.2431640625)]"
2,8,6,I,I,0.1572265625,"[('I', 0.85546875), ('H', 0.130859375)]"
2,9,6,H,H,0.83203125,"[('I', 0.55859375), ('H', 0.435546875)]"
2,10,6,I,I,0.69921875,"[('I', 0.49609375), ('H', 0.49609375)]"
3,5,1,I,I,0.07177734375,"[('I', 0.9296875), ('H', 0.06689453125)]"
4,5,6,I,I,0.037841796875,"[('I', 0.9609375), ('H', 0.033203125)]"
4,6,6,I,I,0.03515625,"[('I', 0.96484375), ('H', 0.033203125)]"
4,7,6,I,I,0.0155029296875,"[('I', 0.984375), ('H', 0.0142822265625)]"
4,8,6,I,I,0.002777099609375,"[('I', 0.99609375), ('H', 0.0021820068359375)]"
4,9,6,I,I,0.017578125,"[('I', 0.984375), ('H', 0.015625)]"
4,10,6,I,I,0.01434326171875,"[('I', 0.984375), ('H', 0.0125732421875)]"
5,5,1,H,H,0.020751953125,"[('H', 0.98046875), ('I', 0.0203857421875)]"
6,5,6,I,I,5.875,"[('H', 0.99609375), ('I', 0.0028076171875)]"
6,6,6,H,H,0.006378173828125,"[('H', 0.9921875), ('I', 0.00408935546875)]"
6,7,6,H,H,0.001129150390625,"[('H', 1.0), ('I', 0.000911712646484375)]"
6,8,6,H,H,0.00084686279296875,"[('H', 1.0), ('I', 0.00070953369140625)]"
6,9,6,H,H,0.0030517578125,"[('H', 0.99609375), ('I', 0.0028076171875)]"
6,10,6,H,H,0.00439453125,"[('H', 0.99609375), ('I', 0.00408935546875)]"
7,5,1,I,I,1.9140625,"[('H', 0.8515625), ('I', 0.1474609375)]"
8,5,1,H,H,0.0301513671875,"[('H', 0.96875), ('I', 0.029296875)]"
9,5,6,I,I,0.8984375,"[('H', 0.59375), ('I', 0.40625)]"
9,6,6,I,I,0.251953125,"[('I', 0.77734375), ('H', 0.22265625)]"
9,7,6,H,H,2.8125,"[('I', 0.94140625), ('H', 0.06005859375)]"
9,8,6,I,I,0.5234375,"[('I', 0.59375), ('H', 0.40625)]"
9,9,6,I,I,0.06201171875,"[('I', 0.94140625), ('H', 0.06005859375)]"
9,10,6,H,H,0.9765625,"[('I', 0.62109375), ('H', 0.376953125)]"
10,5,6,H,H,0.003631591796875,"[('H', 0.99609375), ('I', 0.00360107421875)]"
10,6,6,H,H,0.0059814453125,"[('H', 0.9921875), ('I', 0.005950927734375)]"
10,7,6,I,I,4.5,"[('H', 0.98828125), ('I', 0.0111083984375)]"
10,8,6,H,H,0.01055908203125,"[('H', 0.98828125), ('I', 0.00982666015625)]"
10,9,6,H,H,0.0025482177734375,"[('H', 0.99609375), ('I', 0.002471923828125)]"
10,10,6,H,H,0.01611328125,"[('H', 0.984375), ('I', 0.015625)]"
11,5,1,H,H,0.004669189453125,"[('H', 0.99609375), ('I', 0.004638671875)]"
12,5,6,H,H,0.0181884765625,"[('H', 0.98046875), ('I', 0.0177001953125)]"
12,6,6,H,H,0.002197265625,"[('H', 0.99609375), ('I', 0.0021820068359375)]"
12,7,6,H,H,0.004119873046875,"[('H', 0.99609375), ('I', 0.00408935546875)]"
12,8,6,H,H,0.000843048095703125,"[('H', 1.0), ('I', 0.000804901123046875)]"
12,9,6,H,H,0.001983642578125,"[('H', 0.99609375), ('I', 0.00193023681640625)]"
12,10,6,H,H,0.0013885498046875,"[('H', 1.0), ('I', 0.0013275146484375)]"
13,5,1,I,I,0.0025177001953125,"[('I', 0.99609375), ('H', 0.002471923828125)]"
14,5,6,H,H,0.0031890869140625,"[('H', 0.99609375), ('I', 0.0031890869140625)]"
14,6,6,H,H,0.0031890869140625,"[('H', 0.99609375), ('I', 0.0031890869140625)]"
14,7,6,H,H,0.0009307861328125,"[('H', 1.0), ('I', 0.000911712646484375)]"
14,8,6,H,H,0.00135040283203125,"[('H', 1.0), ('I', 0.0013275146484375)]"
14,9,6,H,H,0.001739501953125,"[('H', 1.0), ('I', 0.00170135498046875)]"
14,10,6,H,H,0.00074005126953125,"[('H', 1.0), ('I', 0.00070953369140625)]"
15,5,1,H,H,0.28125,"[('H', 0.75390625), ('I', 0.2451171875)]"
16,5,6,I,I,0.0181884765625,"[('I', 0.98046875), ('H', 0.0177001953125)]"
16,6,6,H,H,3.28125,"[('I', 0.9609375), ('H', 0.03759765625)]"
16,7,6,I,I,0.4296875,"[('I', 0.65234375), ('H', 0.34765625)]"
16,8,6,H,H,4.875,"[('I', 0.9921875), ('H', 0.00762939453125)]"
16,9,6,I,I,0.314453125,"[('I', 0.73046875), ('H', 0.26953125)]"
16,10,6,H,H,0.97265625,"[('I', 0.62109375), ('H', 0.37890625)]"
17,5,6,H,H,1.0546875,"[('I', 0.65234375), ('H', 0.34765625)]"
17,6,6,I,I,1.9140625,"[('H', 0.8515625), ('I', 0.1474609375)]"
17,7,6,H,H,0.474609375,"[('H', 0.62109375), ('I', 0.37890625)]"
17,8,6,H,H,0.11279296875,"[('H', 0.89453125), ('I', 0.10693359375)]"
17,9,6,I,I,1.9140625,"[('H', 0.8515625), ('I', 0.1474609375)]"
17,10,6,I,I,0.201171875,"[('I', 0.81640625), ('H', 0.181640625)]"
18,5,1,I,I,1.703125,"[('H', 0.81640625), ('I', 0.181640625)]"
19,5,6,H,H,4.03125,"[('I', 0.98046875), ('H', 0.0177001953125)]"
19,6,6,I,I,0.0703125,"[('I', 0.93359375), ('H', 0.06787109375)]"
19,7,6,I,I,0.01251220703125,"[('I', 0.98828125), ('H', 0.0125732421875)]"
19,8,6,I,I,0.10009765625,"[('I', 0.90625), ('H', 0.09619140625)]"
19,9,6,I,I,0.0031890869140625,"[('I', 0.99609375), ('H', 0.0031890869140625)]"
19,10,6,I,I,0.005950927734375,"[('I', 0.9921875), ('H', 0.005950927734375)]"
20,5,1,H,H,0.5234375,"[('H', 0.59375), ('I', 0.40625)]"
21,5,6,I,I,0.474609375,"[('I', 0.62109375), ('H', 0.37890625)]"
21,6,6,H,H,2.46875,"[('I', 0.9140625), ('H', 0.08447265625)]"
21,7,6,I,I,0.4296875,"[('I', 0.65234375), ('H', 0.34765625)]"
21,8,6,I,I,0.126953125,"[('I', 0.87890625), ('H', 0.11962890625)]"
21,9,6,H,H,1.40625,"[('I', 0.75390625), ('H', 0.2451171875)]"
21,10,6,I,I,0.6953125,"[('I', 0.498046875), ('H', 0.498046875)]"
22,5,6,I,I,0.0181884765625,"[('I', 0.98046875), ('H', 0.0177001953125)]"
22,6,6,I,I,0.01251220703125,"[('I', 0.98828125), ('H', 0.0125732421875)]"
22,7,6,I,I,0.001953125,"[('I', 1.0), ('H', 0.00193023681640625)]"
22,8,6,I,I,0.0059814453125,"[('I', 0.9921875), ('H', 0.005950927734375)]"
22,9,6,I,I,0.00173187255859375,"[('I', 1.0), ('H', 0.00170135498046875)]"
22,10,6,I,I,0.0125732421875,"[('I', 0.98828125), ('H', 0.0125732421875)]"
23,5,1,I,I,3.890625,"[('H', 0.98046875), ('I', 0.0203857421875)]"
24,5,6,I,I,0.5234375,"[('I', 0.59375), ('H', 0.40625)]"
24,6,6,I,I,0.474609375,"[('I', 0.62109375), ('H', 0.37890625)]"
24,7,6,I,I,0.578125,"[('I', 0.5625), ('H', 0.4375)]"
24,8,6,I,I,0.0263671875,"[('I', 0.97265625), ('H', 0.02587890625)]"
24,9,6,I,I,0.06982421875,"[('I', 0.93359375), ('H', 0.06787109375)]"
24,10,6,I,I,0.0181884765625,"[('I', 0.98046875), ('H', 0.0177001953125)]"
25,5,1,H,H,0.82421875,"[('I', 0.5625), ('H', 0.439453125)]"
26,5,6,H,H,2.578125,"[('I', 0.92578125), ('H', 0.07568359375)]"
26,6,6,I,I,0.5234375,"[('I', 0.59375), ('H', 0.40625)]"
26,7,6,H,H,0.82421875,"[('I', 0.5625), ('H', 0.439453125)]"
26,8,6,I,I,0.6328125,"[('I', 0.53125), ('H', 0.46875)]"
26,9,6,I,I,0.06982421875,"[('I', 0.93359375), ('H', 0.06787109375)]"
26,10,6,I,I,0.10009765625,"[('I', 0.90625), ('H', 0.09619140625)]"
27,5,1,H,H,1.3125,"[('I', 0.73046875), ('H', 0.26953125)]"
28,5,1,I,I,0.01104736328125,"[('I', 0.98828125), ('H', 0.0111083984375)]"
29,5,1,I,I,0.11279296875,"[('I', 0.89453125), ('H', 0.10693359375)]"
30,5,1,I,I,2.015625,"[('H', 0.8671875), ('I', 0.1328125)]"
31,5,1,H,H,0.2255859375,"[('H', 0.796875), ('I', 0.201171875)]"
32,5,1,I,I,0.06982421875,"[('I', 0.93359375), ('H', 0.06787109375)]"
33,5,6,H,H,0.10009765625,"[('H', 0.90625), ('I', 0.09619140625)]"
33,6,6,H,H,0.02978515625,"[('H', 0.96875), ('I', 0.029296875)]"
33,7,6,H,H,0.0263671875,"[('H', 0.97265625), ('I', 0.02587890625)]"
33,8,6,H,H,0.009765625,"[('H', 0.9921875), ('I', 0.00982666015625)]"
33,9,6,H,H,0.00860595703125,"[('H', 0.9921875), ('I', 0.0086669921875)]"
33,10,6,H,H,0.142578125,"[('H', 0.8671875), ('I', 0.1328125)]"
34,5,6,I,I,0.7578125,"[('H', 0.53125), ('I', 0.46875)]"
34,6,6,I,I,0.16015625,"[('I', 0.8515625), ('H', 0.1474609375)]"
34,7,6,I,I,0.201171875,"[('I', 0.81640625), ('H', 0.181640625)]"
34,8,6,H,H,2.9375,"[('I', 0.9453125), ('H', 0.052978515625)]"
34,9,6,I,I,0.4296875,"[('I', 0.65234375), ('H', 0.34765625)]"
34,10,6,I,I,0.0888671875,"[('I', 0.9140625), ('H', 0.08447265625)]"
35,5,6,I,I,0.06982421875,"[('I', 0.93359375), ('H', 0.06787109375)]"
35,6,6,I,I,0.126953125,"[('I', 0.87890625), ('H', 0.11962890625)]"
35,7,6,I,I,0.2255859375,"[('I', 0.796875), ('H', 0.201171875)]"
35,8,6,I,I,0.0205078125,"[('I', 0.98046875), ('H', 0.0203857421875)]"
35,9,6,I,I,0.0888671875,"[('I', 0.9140625), ('H', 0.08447265625)]"
35,10,6,I,I,0.06201171875,"[('I', 0.94140625), ('H', 0.06005859375)]"
36,5,6,H,H,0.054931640625,"[('H', 0.9453125), ('I', 0.052978515625)]"
36,6,6,H,H,0.0205078125,"[('H', 0.98046875), ('I', 0.0203857421875)]"
36,7,6,H,H,0.00860595703125,"[('H', 0.9921875), ('I', 0.0086669921875)]"
36,8,6,H,H,0.009765625,"[('H', 0.9921875), ('I', 0.00982666015625)]"
36,9,6,H,H,0.0024871826171875,"[('H', 0.99609375), ('I', 0.002471923828125)]"
36,10,6,H,H,0.00408935546875,"[('H', 0.99609375), ('I', 0.00408935546875)]"
37,5,1,I,I,0.01416015625,"[('I', 0.984375), ('H', 0.0142822265625)]"
38,5,1,I,I,0.126953125,"[('I', 0.87890625), ('H', 0.11962890625)]"
39,5,6,I,I,0.16015625,"[('I', 0.8515625), ('H', 0.1474609375)]"
39,6,6,I,I,0.06982421875,"[('I', 0.93359375), ('H', 0.06787109375)]"
39,7,6,H,H,2.34375,"[('I', 0.90625), ('H', 0.09619140625)]"
39,8,6,I,I,0.38671875,"[('I', 0.6796875), ('H', 0.3203125)]"
39,9,6,I,I,0.04296875,"[('I', 0.95703125), ('H', 0.0419921875)]"
39,10,6,I,I,0.1796875,"[('I', 0.8359375), ('H', 0.1640625)]"
40,5,6,H,H,0.8984375,"[('I', 0.59375), ('H', 0.40625)]"
40,6,6,I,I,0.69140625,"[('I', 0.5), ('H', 0.5)]"
40,7,6,H,H,0.8984375,"[('I', 0.59375), ('H', 0.40625)]"
40,8,6,I,I,0.57421875,"[('I', 0.5625), ('H', 0.439453125)]"
40,9,6,I,I,0.4296875,"[('I', 0.65234375), ('H', 0.34765625)]"
40,10,6,H,H,1.6015625,"[('I', 0.796875), ('H', 0.201171875)]"
41,5,6,H,H,0.0263671875,"[('H', 0.97265625), ('I', 0.02587890625)]"
41,6,6,H,H,0.0263671875,"[('H', 0.97265625), ('I', 0.02587890625)]"
41,7,6,H,H,0.01416015625,"[('H', 0.984375), ('I', 0.0142822265625)]"
41,8,6,H,H,0.01416015625,"[('H', 0.984375), ('I', 0.0142822265625)]"
41,9,6,H,H,0.004638671875,"[('H', 0.99609375), ('I', 0.004638671875)]"
41,10,6,H,H,0.01416015625,"[('H', 0.984375), ('I', 0.0142822265625)]"
42,5,6,I,I,0.03369140625,"[('I', 0.96875), ('H', 0.033203125)]"
42,6,6,H,H,1.9140625,"[('I', 0.8515625), ('H', 0.1474609375)]"
42,7,6,I,I,1.0546875,"[('H', 0.65234375), ('I', 0.34765625)]"
42,8,6,I,I,0.6953125,"[('I', 0.498046875), ('H', 0.498046875)]"
42,9,6,H,H,2.234375,"[('I', 0.89453125), ('H', 0.10693359375)]"
42,10,6,H,H,0.828125,"[('I', 0.5625), ('H', 0.4375)]"
43,5,6,I,I,0.04296875,"[('I', 0.95703125), ('H', 0.0419921875)]"
43,6,6,I,I,0.0380859375,"[('I', 0.9609375), ('H', 0.03759765625)]"
43,7,6,I,I,0.06982421875,"[('I', 0.93359375), ('H', 0.06787109375)]"
43,8,6,H,H,4.375,"[('I', 0.98828125), ('H', 0.0125732421875)]"
43,9,6,I,I,0.16015625,"[('I', 0.8515625), ('H', 0.1474609375)]"
43,10,6,I,I,0.06201171875,"[('I', 0.94140625), ('H', 0.06005859375)]"
44,5,1,H,H,0.69140625,"[('I', 0.5), ('H', 0.5)]"
45,5,6,I,I,0.03369140625,"[('I', 0.96875), ('H', 0.033203125)]"
45,6,6,H,H,2.34375,"[('I', 0.90625), ('H', 0.09619140625)]"
45,7,6,I,I,0.28125,"[('I', 0.75390625), ('H', 0.2451171875)]"
45,8,6,I,I,0.16015625,"[('I', 0.8515625), ('H', 0.1474609375)]"
45,9,6,H,H,1.6015625,"[('I', 0.796875), ('H', 0.201171875)]"
45,10,6,I,I,0.97265625,"[('H', 0.62109375), ('I', 0.37890625)]"
46,5,6,I,I,0.251953125,"[('I', 0.77734375), ('H', 0.22265625)]"
46,6,6,I,I,0.474609375,"[('I', 0.62109375), ('H', 0.37890625)]"
46,7,6,H,H,1.140625,"[('I', 0.6796875), ('H', 0.3203125)]"
46,8,6,I,I,0.3125,"[('I', 0.73046875), ('H', 0.26953125)]"
46,9,6,H,H,1.0546875,"[('I', 0.65234375), ('H', 0.34765625)]"
46,10,6,I,I,0.474609375,"[('I', 0.62109375), ('H', 0.37890625)]"
47,5,1,H,H,0.0181884765625,"[('H', 0.98046875), ('I', 0.0177001953125)]"
48,5,6,I,I,0.3125,"[('I', 0.73046875), ('H', 0.26953125)]"
48,6,6,I,I,0.38671875,"[('I', 0.6796875), ('H', 0.3203125)]"
48,7,6,H,H,1.0546875,"[('I', 0.65234375), ('H', 0.34765625)]"
48,8,6,I,I,0.5234375,"[('I', 0.59375), ('H', 0.40625)]"
48,9,6,H,H,0.7578125,"[('I', 0.53125), ('H', 0.46875)]"
48,10,6,I,I,0.69140625,"[('I', 0.5), ('H', 0.5)]"
49,5,1,I,I,0.28125,"[('I', 0.75390625), ('H', 0.2451171875)]"
50,5,6,I,I,2.234375,"[('H', 0.89453125), ('I', 0.10693359375)]"
50,6,6,H,H,0.38671875,"[('H', 0.6796875), ('I', 0.3203125)]"
50,7,6,H,H,0.054931640625,"[('H', 0.9453125), ('I', 0.052978515625)]"
50,8,6,H,H,0.4296875,"[('H', 0.65234375), ('I', 0.34765625)]"
50,9,6,H,H,0.04296875,"[('H', 0.95703125), ('I', 0.0419921875)]"
50,10,6,H,H,0.0791015625,"[('H', 0.92578125), ('I', 0.07568359375)]"
51,5,1,I,I,0.0159912109375,"[('I', 0.984375), ('H', 0.015625)]"
52,5,6,I,I,0.57421875,"[('I', 0.5625), ('H', 0.439453125)]"
52,6,6,I,I,0.0888671875,"[('I', 0.9140625), ('H', 0.08447265625)]"
52,7,6,I,I,0.2255859375,"[('I', 0.796875), ('H', 0.201171875)]"
52,8,6,I,I,0.16015625,"[('I', 0.8515625), ('H', 0.1474609375)]"
52,9,6,I,I,0.0888671875,"[('I', 0.9140625), ('H', 0.08447265625)]"
52,10,6,I,I,0.474609375,"[('I', 0.62109375), ('H', 0.37890625)]"
53,5,1,I,I,0.10009765625,"[('I', 0.90625), ('H', 0.09619140625)]"
54,5,6,I,I,0.0263671875,"[('I', 0.97265625), ('H', 0.02587890625)]"
54,6,6,I,I,0.126953125,"[('I', 0.87890625), ('H', 0.11962890625)]"
54,7,6,I,I,0.10009765625,"[('I', 0.90625), ('H', 0.09619140625)]"
54,8,6,I,I,0.16015625,"[('I', 0.8515625), ('H', 0.1474609375)]"
54,9,6,H,H,1.5,"[('I', 0.77734375), ('H', 0.22265625)]"
54,10,6,I,I,0.28125,"[('I', 0.75390625), ('H', 0.2451171875)]"
55,5,6,I,I,0.474609375,"[('I', 0.62109375), ('H', 0.37890625)]"
55,6,6,H,H,1.6015625,"[('I', 0.796875), ('H', 0.201171875)]"
55,7,6,H,H,0.8984375,"[('I', 0.59375), ('H', 0.40625)]"
55,8,6,H,H,0.142578125,"[('H', 0.8671875), ('I', 0.1328125)]"
55,9,6,I,I,0.69140625,"[('I', 0.5), ('H', 0.5)]"
55,10,6,H,H,1.140625,"[('I', 0.6796875), ('H', 0.3203125)]"
56,5,6,I,I,0.0888671875,"[('I', 0.9140625), ('H', 0.08447265625)]"
56,6,6,I,I,0.142578125,"[('I', 0.8671875), ('H', 0.1328125)]"
56,7,6,I,I,0.16015625,"[('I', 0.8515625), ('H', 0.1474609375)]"
56,8,6,H,H,1.6015625,"[('I', 0.796875), ('H', 0.201171875)]"
56,9,6,I,I,0.11279296875,"[('I', 0.89453125), ('H', 0.10693359375)]"
56,10,6,I,I,0.06982421875,"[('I', 0.93359375), ('H', 0.06787109375)]"
57,5,6,I,I,0.11279296875,"[('I', 0.89453125), ('H', 0.10693359375)]"
57,6,6,H,H,0.97265625,"[('I', 0.62109375), ('H', 0.37890625)]"
57,7,6,I,I,0.38671875,"[('I', 0.6796875), ('H', 0.3203125)]"
57,8,6,I,I,0.142578125,"[('I', 0.8671875), ('H', 0.1328125)]"
57,9,6,H,H,1.0546875,"[('I', 0.65234375), ('H', 0.34765625)]"
57,10,6,I,I,0.4296875,"[('I', 0.65234375), ('H', 0.34765625)]"
58,5,1,I,I,0.3125,"[('I', 0.73046875), ('H', 0.26953125)]"
59,5,1,H,H,0.2255859375,"[('H', 0.796875), ('I', 0.201171875)]"
60,5,1,H,H,0.2255859375,"[('H', 0.796875), ('I', 0.201171875)]"
61,5,1,I,I,0.126953125,"[('I', 0.87890625), ('H', 0.11962890625)]"
62,5,1,I,I,0.7578125,"[('H', 0.53125), ('I', 0.46875)]"
63,5,1,H,H,1.40625,"[('I', 0.75390625), ('H', 0.2451171875)]"
64,5,1,I,I,0.0067138671875,"[('I', 0.9921875), ('H', 0.006744384765625)]"
65,5,6,I,I,0.474609375,"[('I', 0.62109375), ('H', 0.37890625)]"
65,6,6,H,H,0.97265625,"[('I', 0.62109375), ('H', 0.37890625)]"
65,7,6,I,I,0.28125,"[('I', 0.75390625), ('H', 0.2451171875)]"
65,8,6,I,I,0.201171875,"[('I', 0.81640625), ('H', 0.181640625)]"
65,9,6,I,I,0.38671875,"[('I', 0.6796875), ('H', 0.3203125)]"
65,10,6,I,I,0.69140625,"[('I', 0.5), ('H', 0.5)]"
66,5,1,H,H,0.048583984375,"[('H', 0.953125), ('I', 0.047607421875)]"
67,5,1,H,H,0.16015625,"[('H', 0.8515625), ('I', 0.1474609375)]"
68,5,1,I,I,0.10009765625,"[('I', 0.90625), ('H', 0.09619140625)]"
69,5,1,H,H,0.3125,"[('H', 0.73046875), ('I', 0.26953125)]"
70,5,1,H,H,0.126953125,"[('H', 0.87890625), ('I', 0.11962890625)]"
71,5,6,H,H,0.8984375,"[('I', 0.59375), ('H', 0.40625)]"
71,6,6,I,I,0.474609375,"[('I', 0.62109375), ('H', 0.37890625)]"
71,7,6,H,H,0.69140625,"[('I', 0.5), ('H', 0.5)]"
71,8,6,I,I,0.7578125,"[('H', 0.53125), ('I', 0.46875)]"
71,9,6,H,H,0.6328125,"[('H', 0.53125), ('I', 0.46875)]"
71,10,6,I,I,0.82421875,"[('H', 0.5625), ('I', 0.439453125)]"
72,5,1,I,I,0.0233154296875,"[('I', 0.9765625), ('H', 0.023193359375)]"
73,5,6,H,H,2.578125,"[('I', 0.92578125), ('H', 0.07568359375)]"
73,6,6,I,I,0.251953125,"[('I', 0.77734375), ('H', 0.22265625)]"
73,7,6,I,I,0.3125,"[('I', 0.73046875), ('H', 0.26953125)]"
73,8,6,H,H,1.40625,"[('I', 0.75390625), ('H', 0.2451171875)]"
73,9,6,I,I,0.142578125,"[('I', 0.8671875), ('H', 0.1328125)]"
73,10,6,I,I,0.5234375,"[('I', 0.59375), ('H', 0.40625)]"
74,5,6,H,H,0.34765625,"[('H', 0.70703125), ('I', 0.29296875)]"
74,6,6,I,I,0.57421875,"[('I', 0.5625), ('H', 0.439453125)]"
74,7,6,H,H,0.38671875,"[('H', 0.6796875), ('I', 0.3203125)]"
74,8,6,H,H,0.11279296875,"[('H', 0.89453125), ('I', 0.10693359375)]"
74,9,6,I,I,1.8046875,"[('H', 0.8359375), ('I', 0.1640625)]"
74,10,6,H,H,0.57421875,"[('H', 0.5625), ('I', 0.439453125)]"
75,5,6,H,H,0.048583984375,"[('H', 0.953125), ('I', 0.047607421875)]"
75,6,6,H,H,0.3125,"[('H', 0.73046875), ('I', 0.26953125)]"
75,7,6,I,I,0.7578125,"[('H', 0.53125), ('I', 0.46875)]"
75,8,6,I,I,1.3125,"[('H', 0.73046875), ('I', 0.26953125)]"
75,9,6,H,H,0.474609375,"[('H', 0.62109375), ('I', 0.37890625)]"
75,10,6,H,H,0.01251220703125,"[('H', 0.98828125), ('I', 0.0125732421875)]"
76,5,1,I,I,0.7578125,"[('H', 0.53125), ('I', 0.46875)]"
77,5,6,I,I,1.8046875,"[('H', 0.8359375), ('I', 0.1640625)]"
77,6,6,H,H,0.34765625,"[('H', 0.70703125), ('I', 0.29296875)]"
77,7,6,H,H,0.0233154296875,"[('H', 0.9765625), ('I', 0.023193359375)]"
77,8,6,I,I,1.6015625,"[('H', 0.796875), ('I', 0.201171875)]"
77,9,6,H,H,0.474609375,"[('H', 0.62109375), ('I', 0.37890625)]"
77,10,6,I,I,3.53125,"[('H', 0.96875), ('I', 0.029296875)]"
78,5,6,H,H,2.578125,"[('I', 0.92578125), ('H', 0.07568359375)]"
78,6,6,I,I,0.34765625,"[('I', 0.70703125), ('H', 0.29296875)]"
78,7,6,I,I,0.2255859375,"[('I', 0.796875), ('H', 0.201171875)]"
78,8,6,H,H,0.8984375,"[('I', 0.59375), ('H', 0.40625)]"
78,9,6,I,I,0.3125,"[('I', 0.73046875), ('H', 0.26953125)]"
78,10,6,I,I,0.251953125,"[('I', 0.77734375), ('H', 0.22265625)]"
79,5,1,H,H,1.3125,"[('I', 0.73046875), ('H', 0.26953125)]"
80,5,1,H,H,2.234375,"[('I', 0.89453125), ('H', 0.10693359375)]"
81,5,1,I,I,0.11279296875,"[('I', 0.89453125), ('H', 0.10693359375)]"
82,5,6,I,I,0.34765625,"[('I', 0.70703125), ('H', 0.29296875)]"
82,6,6,I,I,0.142578125,"[('I', 0.8671875), ('H', 0.1328125)]"
82,7,6,I,I,0.4296875,"[('I', 0.65234375), ('H', 0.34765625)]"
82,8,6,H,H,1.3125,"[('I', 0.73046875), ('H', 0.26953125)]"
82,9,6,I,I,0.34765625,"[('I', 0.70703125), ('H', 0.29296875)]"
82,10,6,H,H,1.3125,"[('I', 0.73046875), ('H', 0.26953125)]"
83,5,6,I,I,0.11279296875,"[('I', 0.89453125), ('H', 0.10693359375)]"
83,6,6,I,I,0.0111083984375,"[('I', 0.98828125), ('H', 0.0111083984375)]"
83,7,6,I,I,0.06982421875,"[('I', 0.93359375), ('H', 0.06787109375)]"
83,8,6,I,I,0.10009765625,"[('I', 0.90625), ('H', 0.09619140625)]"
83,9,6,I,I,0.16015625,"[('I', 0.8515625), ('H', 0.1474609375)]"
83,10,6,I,I,0.28125,"[('I', 0.75390625), ('H', 0.2451171875)]"
84,5,1,I,I,0.38671875,"[('I', 0.6796875), ('H', 0.3203125)]"
85,5,1,H,H,0.03369140625,"[('H', 0.96875), ('I', 0.033203125)]"
86,5,1,H,H,0.02978515625,"[('H', 0.96875), ('I', 0.029296875)]"
87,5,6,H,H,0.0028228759765625,"[('H', 0.99609375), ('I', 0.0028076171875)]"
87,6,6,H,H,0.0022430419921875,"[('H', 0.99609375), ('I', 0.0021820068359375)]"
87,7,6,H,H,0.005279541015625,"[('H', 0.99609375), ('I', 0.0052490234375)]"
87,8,6,H,H,0.0181884765625,"[('H', 0.98046875), ('I', 0.0177001953125)]"
87,9,6,H,H,0.054931640625,"[('H', 0.9453125), ('I', 0.052978515625)]"
87,10,6,H,H,0.0028533935546875,"[('H', 0.99609375), ('I', 0.0028076171875)]"
88,5,6,H,H,0.34765625,"[('H', 0.70703125), ('I', 0.29296875)]"
88,6,6,I,I,0.97265625,"[('H', 0.62109375), ('I', 0.37890625)]"
88,7,6,H,H,0.57421875,"[('H', 0.5625), ('I', 0.439453125)]"
88,8,6,H,H,0.201171875,"[('H', 0.81640625), ('I', 0.181640625)]"
88,9,6,H,H,0.4296875,"[('H', 0.65234375), ('I', 0.34765625)]"
88,10,6,H,H,0.6328125,"[('H', 0.53125), ('I', 0.46875)]"
89,5,6,I,I,0.10009765625,"[('I', 0.90625), ('H', 0.09619140625)]"
89,6,6,I,I,0.201171875,"[('I', 0.81640625), ('H', 0.181640625)]"
89,7,6,I,I,0.2255859375,"[('I', 0.796875), ('H', 0.201171875)]"
89,8,6,I,I,0.57421875,"[('I', 0.5625), ('H', 0.439453125)]"
89,9,6,I,I,0.251953125,"[('I', 0.77734375), ('H', 0.22265625)]"
89,10,6,I,I,0.126953125,"[('I', 0.87890625), ('H', 0.11962890625)]"
90,5,6,I,I,0.11279296875,"[('I', 0.89453125), ('H', 0.10693359375)]"
90,6,6,H,H,0.97265625,"[('I', 0.62109375), ('H', 0.37890625)]"
90,7,6,I,I,0.16015625,"[('I', 0.8515625), ('H', 0.1474609375)]"
90,8,6,I,I,0.06201171875,"[('I', 0.94140625), ('H', 0.06005859375)]"
90,9,6,I,I,0.11279296875,"[('I', 0.89453125), ('H', 0.10693359375)]"
90,10,6,I,I,0.3125,"[('I', 0.73046875), ('H', 0.26953125)]"
91,5,6,H,H,4.03125,"[('I', 0.98046875), ('H', 0.0177001953125)]"
91,6,6,I,I,0.1796875,"[('I', 0.8359375), ('H', 0.1640625)]"
91,7,6,I,I,0.251953125,"[('I', 0.77734375), ('H', 0.22265625)]"
91,8,6,I,I,0.10009765625,"[('I', 0.90625), ('H', 0.09619140625)]"
91,9,6,H,H,1.40625,"[('I', 0.75390625), ('H', 0.2451171875)]"
91,10,6,I,I,0.3125,"[('I', 0.73046875), ('H', 0.26953125)]"
92,5,1,I,I,0.0380859375,"[('I', 0.9609375), ('H', 0.03759765625)]"
93,5,1,H,H,0.0159912109375,"[('H', 0.984375), ('I', 0.015625)]"
94,5,6,I,I,0.142578125,"[('I', 0.8671875), ('H', 0.1328125)]"
94,6,6,I,I,0.142578125,"[('I', 0.8671875), ('H', 0.1328125)]"
94,7,6,I,I,0.201171875,"[('I', 0.81640625), ('H', 0.181640625)]"
94,8,6,I,I,0.201171875,"[('I', 0.81640625), ('H', 0.181640625)]"
94,9,6,I,I,0.126953125,"[('I', 0.87890625), ('H', 0.11962890625)]"
94,10,6,I,I,0.054931640625,"[('I', 0.9453125), ('H', 0.052978515625)]"
95,5,1,I,I,0.0233154296875,"[('I', 0.9765625), ('H', 0.023193359375)]"
96,5,1,H,H,0.28125,"[('H', 0.75390625), ('I', 0.2451171875)]"
97,5,1,I,I,1.6015625,"[('H', 0.796875), ('I', 0.201171875)]"
98,5,1,I,I,0.11279296875,"[('I', 0.89453125), ('H', 0.10693359375)]"
99,5,1,H,H,0.1796875,"[('H', 0.8359375), ('I', 0.1640625)]"
100,5,6,I,I,2.46875,"[('H', 0.9140625), ('I', 0.08447265625)]"
100,6,6,H,H,0.142578125,"[('H', 0.8671875), ('I', 0.1328125)]"
100,7,6,H,H,0.048583984375,"[('H', 0.953125), ('I', 0.047607421875)]"
100,8,6,H,H,0.11279296875,"[('H', 0.89453125), ('I', 0.10693359375)]"
100,9,6,I,I,3.171875,"[('H', 0.95703125), ('I', 0.0419921875)]"
100,10,6,H,H,0.1796875,"[('H', 0.8359375), ('I', 0.1640625)]"
101,5,6,H,H,0.04296875,"[('H', 0.95703125), ('I', 0.0419921875)]"
101,6,6,I,I,3.53125,"[('H', 0.96875), ('I', 0.029296875)]"
101,7,6,H,H,0.10009765625,"[('H', 0.90625), ('I', 0.09619140625)]"
101,8,6,H,H,0.02978515625,"[('H', 0.96875), ('I', 0.029296875)]"
101,9,6,H,H,0.0791015625,"[('H', 0.92578125), ('I', 0.07568359375)]"
101,10,6,H,H,0.1796875,"[('H', 0.8359375), ('I', 0.1640625)]"
102,5,1,H,H,1.140625,"[('I', 0.6796875), ('H', 0.3203125)]"
103,5,6,I,I,1.40625,"[('H', 0.75390625), ('I', 0.2451171875)]"
103,6,6,H,H,0.5234375,"[('H', 0.59375), ('I', 0.40625)]"
103,7,6,H,H,0.2255859375,"[('H', 0.796875), ('I', 0.201171875)]"
103,8,6,H,H,0.1796875,"[('H', 0.8359375), ('I', 0.1640625)]"
103,9,6,H,H,0.28125,"[('H', 0.75390625), ('I', 0.2451171875)]"
103,10,6,H,H,0.2255859375,"[('H', 0.796875), ('I', 0.201171875)]"
104,5,6,H,H,2.578125,"[('I', 0.92578125), ('H', 0.07568359375)]"
104,6,6,I,I,0.126953125,"[('I', 0.87890625), ('H', 0.11962890625)]"
104,7,6,I,I,0.02978515625,"[('I', 0.96875), ('H', 0.029296875)]"
104,8,6,I,I,0.10009765625,"[('I', 0.90625), ('H', 0.09619140625)]"
104,9,6,I,I,0.3125,"[('I', 0.73046875), ('H', 0.26953125)]"
104,10,6,I,I,0.201171875,"[('I', 0.81640625), ('H', 0.181640625)]"
105,5,1,H,H,0.142578125,"[('H', 0.8671875), ('I', 0.1328125)]"
106,5,6,I,I,0.5234375,"[('I', 0.59375), ('H', 0.40625)]"
106,6,6,I,I,0.69140625,"[('I', 0.5), ('H', 0.5)]"
106,7,6,H,H,0.6328125,"[('H', 0.53125), ('I', 0.46875)]"
106,8,6,H,H,0.474609375,"[('H', 0.62109375), ('I', 0.37890625)]"
106,9,6,I,I,0.69140625,"[('I', 0.5), ('H', 0.5)]"
106,10,6,H,H,0.6328125,"[('H', 0.53125), ('I', 0.46875)]"
107,5,6,H,H,2.6875,"[('I', 0.93359375), ('H', 0.06787109375)]"
107,6,6,I,I,0.126953125,"[('I', 0.87890625), ('H', 0.11962890625)]"
107,7,6,I,I,0.06982421875,"[('I', 0.93359375), ('H', 0.06787109375)]"
107,8,6,I,I,0.142578125,"[('I', 0.8671875), ('H', 0.1328125)]"
107,9,6,I,I,0.38671875,"[('I', 0.6796875), ('H', 0.3203125)]"
107,10,6,I,I,0.3125,"[('I', 0.73046875), ('H', 0.26953125)]"
108,5,1,H,H,1.6015625,"[('I', 0.796875), ('H', 0.201171875)]"
109,5,1,H,H,0.8984375,"[('I', 0.59375), ('H', 0.40625)]"
110,5,6,I,I,0.06982421875,"[('I', 0.93359375), ('H', 0.06787109375)]"
110,6,6,I,I,0.03369140625,"[('I', 0.96875), ('H', 0.033203125)]"
110,7,6,I,I,0.054931640625,"[('I', 0.9453125), ('H', 0.052978515625)]"
110,8,6,I,I,0.0791015625,"[('I', 0.92578125), ('H', 0.07568359375)]"
110,9,6,I,I,0.04296875,"[('I', 0.95703125), ('H', 0.0419921875)]"
110,10,6,I,I,0.06201171875,"[('I', 0.94140625), ('H', 0.06005859375)]"
111,5,1,I,I,0.474609375,"[('I', 0.62109375), ('H', 0.37890625)]"
112,5,6,I,I,0.4296875,"[('I', 0.65234375), ('H', 0.34765625)]"
112,6,6,H,H,0.97265625,"[('I', 0.62109375), ('H', 0.37890625)]"
112,7,6,H,H,0.7578125,"[('I', 0.53125), ('H', 0.46875)]"
112,8,6,I,I,0.4296875,"[('I', 0.65234375), ('H', 0.34765625)]"
112,9,6,H,H,2.125,"[('I', 0.87890625), ('H', 0.11962890625)]"
112,10,6,H,H,0.4296875,"[('H', 0.65234375), ('I', 0.34765625)]"
113,5,1,H,H,0.1796875,"[('H', 0.8359375), ('I', 0.1640625)]"
114,5,6,H,H,0.11279296875,"[('H', 0.89453125), ('I', 0.10693359375)]"
114,6,6,I,I,2.9375,"[('H', 0.9453125), ('I', 0.052978515625)]"
114,7,6,H,H,0.3125,"[('H', 0.73046875), ('I', 0.26953125)]"
114,8,6,H,H,0.048583984375,"[('H', 0.953125), ('I', 0.047607421875)]"
114,9,6,H,H,0.0888671875,"[('H', 0.9140625), ('I', 0.08447265625)]"
114,10,6,H,H,0.0380859375,"[('H', 0.9609375), ('I', 0.03759765625)]"
115,5,6,H,H,0.97265625,"[('I', 0.62109375), ('H', 0.37890625)]"
115,6,6,H,H,0.5234375,"[('H', 0.59375), ('I', 0.40625)]"
115,7,6,I,I,0.5234375,"[('I', 0.59375), ('H', 0.40625)]"
115,8,6,H,H,0.8984375,"[('I', 0.59375), ('H', 0.40625)]"
115,9,6,I,I,0.5234375,"[('I', 0.59375), ('H', 0.40625)]"
115,10,6,H,H,1.0546875,"[('I', 0.65234375), ('H', 0.34765625)]"
116,5,1,I,I,0.474609375,"[('I', 0.62109375), ('H', 0.37890625)]"
117,5,1,I,I,0.34765625,"[('I', 0.70703125), ('H', 0.29296875)]"
118,5,6,I,I,1.0546875,"[('H', 0.65234375), ('I', 0.34765625)]"
118,6,6,H,H,0.5234375,"[('H', 0.59375), ('I', 0.40625)]"
118,7,6,H,H,0.2255859375,"[('H', 0.796875), ('I', 0.201171875)]"
118,8,6,I,I,0.6328125,"[('I', 0.53125), ('H', 0.46875)]"
118,9,6,H,H,0.6328125,"[('H', 0.53125), ('I', 0.46875)]"
118,10,6,H,H,0.201171875,"[('H', 0.81640625), ('I', 0.181640625)]"
119,5,1,I,I,0.5234375,"[('I', 0.59375), ('H', 0.40625)]"
120,5,1,H,H,0.34765625,"[('H', 0.70703125), ('I', 0.29296875)]"
121,5,6,I,I,1.40625,"[('H', 0.75390625), ('I', 0.2451171875)]"
121,6,6,H,H,0.4296875,"[('H', 0.65234375), ('I', 0.34765625)]"
121,7,6,H,H,0.3125,"[('H', 0.73046875), ('I', 0.26953125)]"
121,8,6,H,H,0.142578125,"[('H', 0.8671875), ('I', 0.1328125)]"
121,9,6,I,I,0.5234375,"[('I', 0.59375), ('H', 0.40625)]"
121,10,6,H,H,0.6953125,"[('I', 0.498046875), ('H', 0.498046875)]"
122,5,6,I,I,2.125,"[('H', 0.87890625), ('I', 0.11962890625)]"
122,6,6,H,H,0.3125,"[('H', 0.73046875), ('I', 0.26953125)]"
122,7,6,H,H,0.11279296875,"[('H', 0.89453125), ('I', 0.10693359375)]"
122,8,6,H,H,0.11279296875,"[('H', 0.89453125), ('I', 0.10693359375)]"
122,9,6,H,H,0.0791015625,"[('H', 0.92578125), ('I', 0.07568359375)]"
122,10,6,H,H,0.126953125,"[('H', 0.87890625), ('I', 0.11962890625)]"
123,5,1,H,H,0.251953125,"[('H', 0.77734375), ('I', 0.22265625)]"
124,5,6,I,I,0.8984375,"[('H', 0.59375), ('I', 0.40625)]"
124,6,6,I,I,0.6328125,"[('I', 0.53125), ('H', 0.46875)]"
124,7,6,I,I,0.4296875,"[('I', 0.65234375), ('H', 0.34765625)]"
124,8,6,H,H,0.97265625,"[('I', 0.62109375), ('H', 0.37890625)]"
124,9,6,H,H,0.1796875,"[('H', 0.8359375), ('I', 0.1640625)]"
124,10,6,H,H,0.5234375,"[('H', 0.59375), ('I', 0.40625)]"
125,5,1,H,H,0.251953125,"[('H', 0.77734375), ('I', 0.22265625)]"
126,5,6,H,H,0.34765625,"[('H', 0.70703125), ('I', 0.29296875)]"
126,6,6,H,H,0.3125,"[('H', 0.73046875), ('I', 0.26953125)]"
126,7,6,H,H,0.0791015625,"[('H', 0.92578125), ('I', 0.07568359375)]"
126,8,6,H,H,0.142578125,"[('H', 0.8671875), ('I', 0.1328125)]"
126,9,6,H,H,0.126953125,"[('H', 0.87890625), ('I', 0.11962890625)]"
126,10,6,H,H,0.03369140625,"[('H', 0.96875), ('I', 0.033203125)]"
127,5,1,H,H,0.38671875,"[('H', 0.6796875), ('I', 0.3203125)]"
128,5,6,H,H,0.10009765625,"[('H', 0.90625), ('I', 0.09619140625)]"
128,6,6,H,H,0.06201171875,"[('H', 0.94140625), ('I', 0.06005859375)]"
128,7,6,H,H,0.0791015625,"[('H', 0.92578125), ('I', 0.07568359375)]"
128,8,6,H,H,0.5234375,"[('H', 0.59375), ('I', 0.40625)]"
128,9,6,H,H,0.11279296875,"[('H', 0.89453125), ('I', 0.10693359375)]"
128,10,6,H,H,0.126953125,"[('H', 0.87890625), ('I', 0.11962890625)]"
129,5,1,I,I,0.142578125,"[('I', 0.8671875), ('H', 0.1328125)]"
130,5,6,I,I,0.5234375,"[('I', 0.59375), ('H', 0.40625)]"
130,6,6,H,H,0.8984375,"[('I', 0.59375), ('H', 0.40625)]"
130,7,6,I,I,0.4296875,"[('I', 0.65234375), ('H', 0.34765625)]"
130,8,6,I,I,0.2021484375,"[('I', 0.81640625), ('H', 0.181640625)]"
130,9,6,H,H,0.8984375,"[('I', 0.59375), ('H', 0.40625)]"
130,10,6,I,I,0.6328125,"[('I', 0.53125), ('H', 0.46875)]"
131,5,6,I,I,0.578125,"[('I', 0.5625), ('H', 0.4375)]"
131,6,6,H,H,0.578125,"[('H', 0.5625), ('I', 0.4375)]"
131,7,6,I,I,0.828125,"[('H', 0.5625), ('I', 0.4375)]"
131,8,6,H,H,0.828125,"[('I', 0.5625), ('H', 0.4375)]"
131,9,6,H,H,0.1611328125,"[('H', 0.8515625), ('I', 0.1474609375)]"
131,10,6,H,H,0.5234375,"[('H', 0.59375), ('I', 0.40625)]"
132,5,6,I,I,2.015625,"[('H', 0.8671875), ('I', 0.1328125)]"
132,6,6,H,H,0.578125,"[('H', 0.5625), ('I', 0.4375)]"
132,7,6,H,H,0.033935546875,"[('H', 0.96484375), ('I', 0.033203125)]"
132,8,6,H,H,0.38671875,"[('H', 0.6796875), ('I', 0.3203125)]"
132,9,6,H,H,0.0703125,"[('H', 0.93359375), ('I', 0.06787109375)]"
132,10,6,H,H,0.0625,"[('H', 0.9375), ('I', 0.06005859375)]"
133,5,1,H,H,0.1005859375,"[('H', 0.90625), ('I', 0.09619140625)]"
134,5,1,H,H,0.0791015625,"[('H', 0.92578125), ('I', 0.07568359375)]"
135,5,6,H,H,1.2265625,"[('I', 0.703125), ('H', 0.29296875)]"
135,6,6,H,H,0.28125,"[('H', 0.75390625), ('I', 0.2451171875)]"
135,7,6,H,H,0.0791015625,"[('H', 0.92578125), ('I', 0.07568359375)]"
135,8,6,I,I,2.015625,"[('H', 0.8671875), ('I', 0.1328125)]"
135,9,6,H,H,0.8984375,"[('I', 0.59375), ('H', 0.40625)]"
135,10,6,I,I,0.578125,"[('I', 0.5625), ('H', 0.4375)]"
136,5,6,I,I,0.28125,"[('I', 0.75390625), ('H', 0.2451171875)]"
136,6,6,I,I,0.4296875,"[('I', 0.65234375), ('H', 0.34765625)]"
136,7,6,I,I,0.314453125,"[('I', 0.73046875), ('H', 0.26953125)]"
136,8,6,I,I,0.7578125,"[('H', 0.53125), ('I', 0.46875)]"
136,9,6,I,I,0.578125,"[('I', 0.5625), ('H', 0.4375)]"
136,10,6,I,I,0.4296875,"[('I', 0.65234375), ('H', 0.34765625)]"
137,5,1,I,I,0.314453125,"[('I', 0.73046875), ('H', 0.26953125)]"
138,5,1,I,I,2.46875,"[('H', 0.9140625), ('I', 0.08447265625)]"
139,5,1,H,H,0.6328125,"[('H', 0.53125), ('I', 0.46875)]"
140,5,6,H,H,0.2265625,"[('H', 0.796875), ('I', 0.201171875)]"
140,6,6,H,H,0.126953125,"[('H', 0.87890625), ('I', 0.11962890625)]"
140,7,6,H,H,0.2255859375,"[('H', 0.796875), ('I', 0.201171875)]"
140,8,6,H,H,0.080078125,"[('H', 0.921875), ('I', 0.07568359375)]"
140,9,6,H,H,0.14453125,"[('H', 0.8671875), ('I', 0.1328125)]"
140,10,6,H,H,0.388671875,"[('H', 0.6796875), ('I', 0.3203125)]"
141,5,1,H,H,0.0703125,"[('H', 0.93359375), ('I', 0.06689453125)]"
142,5,6,H,H,0.28125,"[('H', 0.75390625), ('I', 0.2451171875)]"
142,6,6,I,I,2.015625,"[('H', 0.8671875), ('I', 0.1328125)]"
142,7,6,H,H,0.4296875,"[('H', 0.65234375), ('I', 0.34765625)]"
142,8,6,I,I,0.9765625,"[('H', 0.62109375), ('I', 0.376953125)]"
142,9,6,H,H,0.388671875,"[('H', 0.6796875), ('I', 0.3203125)]"
142,10,6,I,I,1.2265625,"[('H', 0.703125), ('I', 0.29296875)]"
143,5,1,H,H,0.1611328125,"[('H', 0.8515625), ('I', 0.1474609375)]"
144,5,1,H,H,0.1279296875,"[('H', 0.87890625), ('I', 0.11962890625)]"
145,5,6,I,I,0.6953125,"[('I', 0.498046875), ('H', 0.498046875)]"
145,6,6,H,H,1.2265625,"[('I', 0.703125), ('H', 0.29296875)]"
145,7,6,I,I,2.46875,"[('H', 0.9140625), ('I', 0.08447265625)]"
145,8,6,H,H,0.63671875,"[('H', 0.52734375), ('I', 0.466796875)]"
145,9,6,H,H,0.07080078125,"[('H', 0.93359375), ('I', 0.06689453125)]"
145,10,6,H,H,0.0164794921875,"[('H', 0.984375), ('I', 0.015625)]"
146,5,1,H,H,0.474609375,"[('H', 0.62109375), ('I', 0.37890625)]"
147,5,1,H,H,0.1806640625,"[('H', 0.8359375), ('I', 0.1640625)]"
148,5,6,H,H,0.2021484375,"[('H', 0.81640625), ('I', 0.181640625)]"
148,6,6,H,H,0.2265625,"[('H', 0.796875), ('I', 0.201171875)]"
148,7,6,H,H,0.474609375,"[('H', 0.62109375), ('I', 0.37890625)]"
148,8,6,I,I,0.97265625,"[('H', 0.62109375), ('I', 0.37890625)]"
148,9,6,H,H,0.314453125,"[('H', 0.73046875), ('I', 0.26953125)]"
148,10,6,H,H,0.1806640625,"[('H', 0.8359375), ('I', 0.1640625)]"
149,5,6,H,H,0.203125,"[('H', 0.81640625), ('I', 0.181640625)]"
149,6,6,H,H,0.07080078125,"[('H', 0.93359375), ('I', 0.06689453125)]"
149,7,6,H,H,0.1435546875,"[('H', 0.8671875), ('I', 0.1328125)]"
149,8,6,H,H,0.01141357421875,"[('H', 0.98828125), ('I', 0.0111083984375)]"
149,9,6,H,H,0.5234375,"[('H', 0.59375), ('I', 0.40625)]"
149,10,6,H,H,0.03857421875,"[('H', 0.9609375), ('I', 0.03759765625)]"
150,5,6,I,I,1.40625,"[('H', 0.75390625), ('I', 0.2451171875)]"
150,6,6,H,H,0.8984375,"[('I', 0.59375), ('H', 0.40625)]"
150,7,6,H,H,0.578125,"[('H', 0.5625), ('I', 0.4375)]"
150,8,6,I,I,0.828125,"[('H', 0.5625), ('I', 0.4375)]"
150,9,6,H,H,0.349609375,"[('H', 0.703125), ('I', 0.29296875)]"
150,10,6,H,H,0.349609375,"[('H', 0.703125), ('I', 0.29296875)]"
151,5,6,H,H,0.16015625,"[('H', 0.8515625), ('I', 0.1474609375)]"
151,6,6,I,I,1.6015625,"[('H', 0.796875), ('I', 0.201171875)]"
151,7,6,I,I,0.7578125,"[('H', 0.53125), ('I', 0.46875)]"
151,8,6,I,I,0.474609375,"[('I', 0.62109375), ('H', 0.376953125)]"
151,9,6,I,I,0.7578125,"[('H', 0.53125), ('I', 0.46875)]"
151,10,6,I,I,0.07958984375,"[('I', 0.921875), ('H', 0.07568359375)]"
152,5,1,H,H,0.6328125,"[('H', 0.53125), ('I', 0.46875)]"
153,5,1,I,I,1.0546875,"[('H', 0.65234375), ('I', 0.34765625)]"
154,5,6,I,I,2.6875,"[('H', 0.93359375), ('I', 0.06787109375)]"
154,6,6,I,I,1.3125,"[('H', 0.73046875), ('I', 0.26953125)]"
154,7,6,I,I,1.140625,"[('H', 0.6796875), ('I', 0.3203125)]"
154,8,6,I,I,0.6328125,"[('I', 0.53125), ('H', 0.46875)]"
154,9,6,I,I,0.6328125,"[('I', 0.53125), ('H', 0.46875)]"
154,10,6,I,I,0.1279296875,"[('I', 0.87890625), ('H', 0.11962890625)]"
155,5,1,H,H,0.251953125,"[('H', 0.77734375), ('I', 0.22265625)]"
156,5,1,I,I,0.828125,"[('H', 0.5625), ('I', 0.4375)]"
157,5,6,I,I,1.140625,"[('H', 0.6796875), ('I', 0.3203125)]"
157,6,6,I,I,0.578125,"[('I', 0.5625), ('H', 0.4375)]"
157,7,6,I,I,0.6953125,"[('I', 0.498046875), ('H', 0.498046875)]"
157,8,6,I,I,0.7578125,"[('H', 0.53125), ('I', 0.46875)]"
157,9,6,I,I,0.5234375,"[('I', 0.59375), ('H', 0.40625)]"
157,10,6,I,I,0.314453125,"[('I', 0.73046875), ('H', 0.26953125)]"
158,5,6,H,H,0.2021484375,"[('H', 0.81640625), ('I', 0.181640625)]"
158,6,6,H,H,0.1005859375,"[('H', 0.90625), ('I', 0.09619140625)]"
158,7,6,H,H,0.0235595703125,"[('H', 0.9765625), ('I', 0.0228271484375)]"
158,8,6,H,H,0.030029296875,"[('H', 0.96875), ('I', 0.029296875)]"
158,9,6,H,H,0.0162353515625,"[('H', 0.984375), ('I', 0.015625)]"
158,10,6,H,H,0.00909423828125,"[('H', 0.9921875), ('I', 0.0086669921875)]"
159,5,1,H,H,0.314453125,"[('H', 0.73046875), ('I', 0.26953125)]"
160,5,1,H,H,0.1611328125,"[('H', 0.8515625), ('I', 0.1474609375)]"
161,5,1,H,H,0.11328125,"[('H', 0.89453125), ('I', 0.10693359375)]"
162,5,1,H,H,0.1435546875,"[('H', 0.8671875), ('I', 0.1328125)]"
163,5,1,H,H,0.06298828125,"[('H', 0.9375), ('I', 0.06005859375)]"
164,5,6,I,I,2.703125,"[('H', 0.93359375), ('I', 0.06689453125)]"
164,6,6,H,H,0.20703125,"[('H', 0.8125), ('I', 0.1806640625)]"
164,7,6,I,I,0.76171875,"[('H', 0.52734375), ('I', 0.466796875)]"
164,8,6,I,I,1.9140625,"[('H', 0.84765625), ('I', 0.1474609375)]"
164,9,6,I,I,2.46875,"[('H', 0.91015625), ('I', 0.08447265625)]"
164,10,6,I,I,2.46875,"[('H', 0.91015625), ('I', 0.08447265625)]"
165,5,6,I,I,2.359375,"[('H', 0.90234375), ('I', 0.09423828125)]"
165,6,6,I,I,1.4140625,"[('H', 0.75), ('I', 0.2431640625)]"
165,7,6,I,I,1.609375,"[('H', 0.7890625), ('I', 0.2001953125)]"
165,8,6,I,I,1.4140625,"[('H', 0.74609375), ('I', 0.2431640625)]"
165,9,6,I,I,1.0625,"[('H', 0.64453125), ('I', 0.345703125)]"
165,10,6,I,I,1.921875,"[('H', 0.83984375), ('I', 0.146484375)]"
166,5,6,H,H,0.10400390625,"[('H', 0.90234375), ('I', 0.09423828125)]"
166,6,6,H,H,0.08203125,"[('H', 0.921875), ('I', 0.06689453125)]"
166,7,6,H,H,0.375,"[('H', 0.6875), ('I', 0.287109375)]"
166,8,6,H,H,0.220703125,"[('H', 0.80078125), ('I', 0.1796875)]"
166,9,6,H,H,0.5,"[('H', 0.60546875), ('I', 0.3671875)]"
166,10,6,H,H,0.3046875,"[('H', 0.73828125), ('I', 0.2392578125)]"
167,5,6,I,I,2.359375,"[('H', 0.8984375), ('I', 0.09423828125)]"
167,6,6,H,H,0.0673828125,"[('H', 0.93359375), ('I', 0.06005859375)]"
167,7,6,H,H,0.40234375,"[('H', 0.66796875), ('I', 0.314453125)]"
167,8,6,I,I,0.84375,"[('H', 0.55078125), ('I', 0.4296875)]"
167,9,6,H,H,0.359375,"[('H', 0.69921875), ('I', 0.291015625)]"
167,10,6,H,H,0.2109375,"[('H', 0.80859375), ('I', 0.1806640625)]"
168,5,6,H,H,0.06884765625,"[('H', 0.93359375), ('I', 0.06005859375)]"
168,6,6,H,H,0.244140625,"[('H', 0.78515625), ('I', 0.1982421875)]"
168,7,6,H,H,0.40625,"[('H', 0.66796875), ('I', 0.314453125)]"
168,8,6,H,H,0.1767578125,"[('H', 0.83984375), ('I', 0.1455078125)]"
168,9,6,H,H,0.23828125,"[('H', 0.7890625), ('I', 0.2001953125)]"
168,10,6,H,H,0.44140625,"[('H', 0.64453125), ('I', 0.345703125)]"
169,5,6,H,H,0.10546875,"[('H', 0.8984375), ('I', 0.09423828125)]"
169,6,6,I,I,1.921875,"[('H', 0.84375), ('I', 0.146484375)]"
169,7,6,H,H,0.091796875,"[('H', 0.9140625), ('I', 0.07470703125)]"
169,8,6,H,H,0.09326171875,"[('H', 0.91015625), ('I', 0.07470703125)]"
169,9,6,H,H,0.65234375,"[('H', 0.51953125), ('I', 0.458984375)]"
169,10,6,H,H,0.361328125,"[('H', 0.6953125), ('I', 0.291015625)]"
170,5,6,H,H,0.11865234375,"[('H', 0.88671875), ('I', 0.10546875)]"
170,6,6,I,I,0.98828125,"[('H', 0.61328125), ('I', 0.373046875)]"
170,7,6,H,H,0.07373046875,"[('H', 0.9296875), ('I', 0.05908203125)]"
170,8,6,H,H,0.59765625,"[('H', 0.55078125), ('I', 0.427734375)]"
170,9,6,H,H,0.70703125,"[('I', 0.4921875), ('H', 0.4921875)]"
170,10,6,H,H,0.3671875,"[('H', 0.69140625), ('I', 0.2890625)]"
171,5,1,I,I,1.609375,"[('H', 0.79296875), ('I', 0.2001953125)]"
172,5,1,I,I,2.578125,"[('H', 0.91796875), ('I', 0.07568359375)]"
173,5,6,H,H,0.1259765625,"[('H', 0.8828125), ('I', 0.10546875)]"
173,6,6,H,H,0.11279296875,"[('H', 0.89453125), ('I', 0.08349609375)]"
173,7,6,H,H,0.546875,"[('H', 0.578125), ('I', 0.3984375)]"
173,8,6,H,H,0.16015625,"[('H', 0.8515625), ('I', 0.130859375)]"
173,9,6,H,H,0.1591796875,"[('H', 0.8515625), ('I', 0.130859375)]"
173,10,6,H,H,0.2353515625,"[('H', 0.7890625), ('I', 0.2001953125)]"
174,5,6,H,H,0.107421875,"[('H', 0.8984375), ('I', 0.09423828125)]"
174,6,6,I,I,1.71875,"[('H', 0.80859375), ('I', 0.1796875)]"
174,7,6,I,I,2.953125,"[('H', 0.91796875), ('I', 0.05224609375)]"
174,8,6,I,I,3.1875,"[('H', 0.9375), ('I', 0.041259765625)]"
174,9,6,I,I,2.46875,"[('H', 0.90625), ('I', 0.08447265625)]"
174,10,6,I,I,2.828125,"[('H', 0.92578125), ('I', 0.05908203125)]"
175,5,1,I,I,1.921875,"[('H', 0.84375), ('I', 0.146484375)]"
176,5,1,H,H,0.0703125,"[('H', 0.93359375), ('I', 0.06005859375)]"
177,5,6,I,I,2.828125,"[('H', 0.92578125), ('I', 0.05908203125)]"
177,6,6,I,I,5.53125,"[('H', 0.98046875), ('ĠH', 0.01385498046875)]"
177,7,6,I,I,5.03125,"[('H', 0.98046875), ('ĠH', 0.01220703125)]"
177,8,6,I,I,3.90625,"[('H', 0.96875), ('I', 0.0201416015625)]"
177,9,6,I,I,3.796875,"[('H', 0.9609375), ('I', 0.0224609375)]"
177,10,6,I,I,3.078125,"[('H', 0.9296875), ('I', 0.046142578125)]"
178,5,6,H,H,0.14453125,"[('H', 0.8671875), ('I', 0.11767578125)]"
178,6,6,H,H,0.66796875,"[('H', 0.51171875), ('I', 0.453125)]"
178,7,6,H,H,1.1640625,"[('I', 0.66015625), ('H', 0.3125)]"
178,8,6,H,H,0.6640625,"[('H', 0.515625), ('I', 0.455078125)]"
178,9,6,H,H,1.28125,"[('I', 0.66796875), ('H', 0.27734375)]"
178,10,6,H,H,1.015625,"[('I', 0.59765625), ('H', 0.361328125)]"
179,5,6,I,I,1.8203125,"[('H', 0.8203125), ('I', 0.162109375)]"
179,6,6,H,H,0.1494140625,"[('H', 0.859375), ('I', 0.11572265625)]"
179,7,6,I,I,1.71875,"[('H', 0.80078125), ('I', 0.1796875)]"
179,8,6,H,H,0.1494140625,"[('H', 0.859375), ('I', 0.11572265625)]"
179,9,6,I,I,0.7421875,"[('I', 0.4765625), ('H', 0.4765625)]"
179,10,6,I,I,2.15625,"[('H', 0.859375), ('I', 0.11572265625)]"
180,5,6,I,I,2.140625,"[('H', 0.8671875), ('I', 0.11767578125)]"
180,6,6,H,H,0.08740234375,"[('H', 0.91796875), ('I', 0.06591796875)]"
180,7,6,I,I,0.6015625,"[('I', 0.546875), ('H', 0.42578125)]"
180,8,6,H,H,0.11474609375,"[('H', 0.890625), ('I', 0.07373046875)]"
180,9,6,H,H,0.6171875,"[('H', 0.5390625), ('I', 0.419921875)]"
180,10,6,H,H,1.6171875,"[('I', 0.78515625), ('H', 0.1982421875)]"
181,5,1,I,I,0.78125,"[('H', 0.51953125), ('I', 0.45703125)]"
182,5,6,H,H,0.07958984375,"[('H', 0.921875), ('I', 0.05908203125)]"
182,6,6,H,H,0.54296875,"[('H', 0.58203125), ('I', 0.3984375)]"
182,7,6,I,I,0.451171875,"[('I', 0.63671875), ('H', 0.33984375)]"
182,8,6,H,H,0.1396484375,"[('H', 0.87109375), ('I', 0.11767578125)]"
182,9,6,H,H,0.6015625,"[('H', 0.546875), ('I', 0.42578125)]"
182,10,6,H,H,1.625,"[('I', 0.78125), ('H', 0.197265625)]"
183,5,6,H,H,0.27734375,"[('H', 0.7578125), ('I', 0.2177734375)]"
183,6,6,I,I,0.546875,"[('I', 0.578125), ('H', 0.3984375)]"
183,7,6,I,I,2.5,"[('H', 0.8828125), ('I', 0.08203125)]"
183,8,6,I,I,2.84375,"[('H', 0.91015625), ('I', 0.05810546875)]"
183,9,6,I,I,2.171875,"[('H', 0.84375), ('I', 0.11376953125)]"
183,10,6,I,I,2.265625,"[('H', 0.8671875), ('I', 0.10400390625)]"
184,5,1,I,I,1.9453125,"[('H', 0.82421875), ('I', 0.142578125)]"
185,5,1,I,I,2.484375,"[('H', 0.8984375), ('I', 0.08349609375)]"
186,5,1,H,H,0.44921875,"[('H', 0.63671875), ('I', 0.34375)]"
187,5,1,H,H,0.2021484375,"[('H', 0.81640625), ('I', 0.1611328125)]"
188,5,6,I,I,1.3359375,"[('H', 0.71484375), ('I', 0.263671875)]"
188,6,6,I,I,2.15625,"[('H', 0.86328125), ('I', 0.11572265625)]"
188,7,6,I,I,2.046875,"[('H', 0.84765625), ('I', 0.12890625)]"
188,8,6,I,I,1.7265625,"[('H', 0.796875), ('I', 0.177734375)]"
188,9,6,I,I,1.625,"[('H', 0.78125), ('I', 0.197265625)]"
188,10,6,I,I,1.3359375,"[('H', 0.71484375), ('I', 0.263671875)]"
189,5,6,I,I,1.71875,"[('H', 0.8046875), ('I', 0.1796875)]"
189,6,6,I,I,1.0859375,"[('H', 0.62890625), ('I', 0.337890625)]"
189,7,6,I,I,1.421875,"[('H', 0.7421875), ('I', 0.2412109375)]"
189,8,6,I,I,1.5234375,"[('H', 0.7578125), ('I', 0.2177734375)]"
189,9,6,I,I,1.4375,"[('H', 0.734375), ('I', 0.2373046875)]"
189,10,6,I,I,1.25,"[('H', 0.6875), ('I', 0.287109375)]"
190,5,1,I,I,1.5234375,"[('H', 0.76171875), ('I', 0.2177734375)]"
191,5,1,H,H,0.9140625,"[('I', 0.58203125), ('H', 0.400390625)]"
192,5,6,I,I,0.92578125,"[('H', 0.578125), ('I', 0.396484375)]"
192,6,6,I,I,0.546875,"[('I', 0.578125), ('H', 0.3984375)]"
192,7,6,H,H,0.8515625,"[('I', 0.546875), ('H', 0.42578125)]"
192,8,6,I,I,0.50390625,"[('I', 0.60546875), ('H', 0.3671875)]"
192,9,6,I,I,0.44921875,"[('I', 0.63671875), ('H', 0.33984375)]"
192,10,6,H,H,0.77734375,"[('I', 0.51953125), ('H', 0.458984375)]"
193,5,6,I,I,0.59765625,"[('I', 0.55078125), ('H', 0.427734375)]"
193,6,6,I,I,0.7890625,"[('H', 0.515625), ('I', 0.455078125)]"
193,7,6,I,I,0.7890625,"[('H', 0.515625), ('I', 0.455078125)]"
193,8,6,I,I,0.734375,"[('I', 0.48046875), ('H', 0.48046875)]"
193,9,6,I,I,0.609375,"[('I', 0.54296875), ('H', 0.423828125)]"
193,10,6,I,I,0.49609375,"[('I', 0.609375), ('H', 0.369140625)]"
194,5,6,H,H,0.7265625,"[('I', 0.484375), ('H', 0.484375)]"
194,6,6,H,H,2.265625,"[('I', 0.86328125), ('H', 0.10400390625)]"
194,7,6,H,H,1.9375,"[('I', 0.83203125), ('H', 0.14453125)]"
194,8,6,H,H,1.6328125,"[('I', 0.76953125), ('H', 0.1953125)]"
194,9,6,H,H,1.9375,"[('I', 0.828125), ('H', 0.14453125)]"
194,10,6,H,H,1.3515625,"[('I', 0.703125), ('H', 0.259765625)]"
195,5,6,I,I,0.31640625,"[('I', 0.73046875), ('H', 0.2353515625)]"
195,6,6,I,I,0.46484375,"[('I', 0.62890625), ('H', 0.337890625)]"
195,7,6,I,I,0.423828125,"[('I', 0.65625), ('H', 0.310546875)]"
195,8,6,I,I,0.67578125,"[('I', 0.5078125), ('H', 0.44921875)]"
195,9,6,I,I,0.50390625,"[('I', 0.60546875), ('H', 0.3671875)]"
195,10,6,I,I,0.357421875,"[('I', 0.69921875), ('H', 0.255859375)]"
196,5,1,H,H,1.7265625,"[('I', 0.80078125), ('H', 0.177734375)]"
197,5,6,H,H,1.7265625,"[('I', 0.796875), ('H', 0.177734375)]"
197,6,6,I,I,0.287109375,"[('I', 0.75), ('H', 0.21484375)]"
197,7,6,I,I,0.326171875,"[('I', 0.72265625), ('H', 0.2333984375)]"
197,8,6,I,I,0.431640625,"[('I', 0.6484375), ('H', 0.306640625)]"
197,9,6,I,I,0.35546875,"[('I', 0.69921875), ('H', 0.259765625)]"
197,10,6,I,I,0.7421875,"[('I', 0.4765625), ('H', 0.4765625)]"
198,5,6,H,H,1.1796875,"[('I', 0.6484375), ('H', 0.306640625)]"
198,6,6,H,H,1.453125,"[('I', 0.72265625), ('H', 0.2333984375)]"
198,7,6,I,I,0.283203125,"[('I', 0.75390625), ('H', 0.2158203125)]"
198,8,6,H,H,1.0078125,"[('I', 0.59765625), ('H', 0.365234375)]"
198,9,6,I,I,0.28125,"[('I', 0.75390625), ('H', 0.2158203125)]"
198,10,6,H,H,1.453125,"[('I', 0.72265625), ('H', 0.2333984375)]"
199,5,6,I,I,0.341796875,"[('I', 0.7109375), ('H', 0.23046875)]"
199,6,6,H,H,1.828125,"[('I', 0.765625), ('H', 0.1611328125)]"
199,7,6,H,H,1.546875,"[('I', 0.7421875), ('H', 0.212890625)]"
199,8,6,H,H,1.9453125,"[('I', 0.8203125), ('H', 0.142578125)]"
199,9,6,H,H,1.7265625,"[('I', 0.80078125), ('H', 0.177734375)]"
199,10,6,H,H,1.1796875,"[('I', 0.65234375), ('H', 0.306640625)]"
200,5,1,H,H,1.28125,"[('I', 0.66796875), ('H', 0.27734375)]"
201,5,6,I,I,0.5859375,"[('I', 0.5546875), ('H', 0.3828125)]"
201,6,6,I,I,0.81640625,"[('I', 0.44140625), ('H', 0.44140625)]"
201,7,6,H,H,0.72265625,"[('H', 0.486328125), ('I', 0.427734375)]"
201,8,6,H,H,1.5625,"[('I', 0.734375), ('H', 0.2099609375)]"
201,9,6,H,H,1.875,"[('I', 0.77734375), ('H', 0.1533203125)]"
201,10,6,H,H,1.2109375,"[('I', 0.62890625), ('H', 0.298828125)]"
202,5,6,I,I,0.28125,"[('I', 0.75390625), ('H', 0.1904296875)]"
202,6,6,H,H,1.546875,"[('I', 0.69921875), ('H', 0.212890625)]"
202,7,6,I,I,0.56640625,"[('I', 0.56640625), ('H', 0.322265625)]"
202,8,6,I,I,0.470703125,"[('I', 0.625), ('H', 0.294921875)]"
202,9,6,I,I,0.490234375,"[('I', 0.61328125), ('H', 0.2890625)]"
202,10,6,I,I,0.3671875,"[('I', 0.69140625), ('H', 0.2392578125)]"
203,5,1,H,H,2.015625,"[('I', 0.8125), ('H', 0.1328125)]"
204,5,6,I,I,0.404296875,"[('I', 0.66796875), ('H', 0.2451171875)]"
204,6,6,H,H,1.25,"[('I', 0.609375), ('H', 0.287109375)]"
204,7,6,I,I,0.59765625,"[('I', 0.55078125), ('H', 0.333984375)]"
204,8,6,I,I,0.58984375,"[('I', 0.5546875), ('H', 0.333984375)]"
204,9,6,I,I,0.62890625,"[('I', 0.53125), ('H', 0.34375)]"
204,10,6,I,I,0.703125,"[('I', 0.494140625), ('H', 0.384765625)]"
205,5,1,H,H,1.796875,"[('I', 0.7421875), ('H', 0.166015625)]"
206,5,6,I,I,0.59375,"[('I', 0.55078125), ('H', 0.333984375)]"
206,6,6,I,I,0.5078125,"[('I', 0.6015625), ('H', 0.302734375)]"
206,7,6,I,I,0.5,"[('I', 0.60546875), ('H', 0.26953125)]"
206,8,6,I,I,0.412109375,"[('I', 0.6640625), ('H', 0.228515625)]"
206,9,6,I,I,0.310546875,"[('I', 0.734375), ('H', 0.1845703125)]"
206,10,6,I,I,0.515625,"[('I', 0.59765625), ('H', 0.30078125)]"
207,5,6,H,H,1.515625,"[('I', 0.67578125), ('H', 0.2197265625)]"
207,6,6,I,I,0.25390625,"[('I', 0.77734375), ('H', 0.14453125)]"
207,7,6,I,I,0.76171875,"[('I', 0.466796875), ('H', 0.412109375)]"
207,8,6,I,I,0.609375,"[('I', 0.54296875), ('H', 0.330078125)]"
207,9,6,I,I,0.52734375,"[('I', 0.58984375), ('H', 0.294921875)]"
207,10,6,I,I,0.7734375,"[('I', 0.4609375), ('H', 0.3828125)]"
208,5,6,I,I,0.384765625,"[('I', 0.6796875), ('H', 0.1953125)]"
208,6,6,I,I,0.462890625,"[('I', 0.62890625), ('H', 0.2470703125)]"
208,7,6,H,H,1.828125,"[('I', 0.72265625), ('H', 0.1611328125)]"
208,8,6,H,H,2.4375,"[('I', 0.82421875), ('H', 0.08740234375)]"
208,9,6,I,I,0.1669921875,"[('I', 0.84765625), ('H', 0.0693359375)]"
208,10,6,I,I,0.5625,"[('I', 0.5703125), ('H', 0.3046875)]"
209,5,1,H,H,1.7734375,"[('I', 0.71484375), ('H', 0.169921875)]"
210,5,1,I,I,0.283203125,"[('I', 0.75390625), ('H', 0.130859375)]"
211,5,6,I,I,0.306640625,"[('I', 0.734375), ('H', 0.11962890625)]"
211,6,6,I,I,0.255859375,"[('I', 0.7734375), ('H', 0.126953125)]"
211,7,6,H,H,1.7578125,"[('I', 0.73046875), ('H', 0.1728515625)]"
211,8,6,H,H,2.859375,"[('I', 0.84375), ('H', 0.057373046875)]"
211,9,6,I,I,0.1591796875,"[('I', 0.8515625), ('ĠI', 0.05126953125)]"
211,10,6,I,I,0.310546875,"[('I', 0.734375), ('H', 0.14453125)]"
212,5,1,I,I,0.2236328125,"[('I', 0.80078125), ('H', 0.07470703125)]"
213,5,1,H,H,2.734375,"[('I', 0.7421875), ('ĠI', 0.07373046875)]"
214,5,1,I,I,0.412109375,"[('I', 0.6640625), ('H', 0.130859375)]"
215,5,1,I,I,0.435546875,"[('I', 0.6484375), ('H', 0.1123046875)]"
216,5,6,I,I,0.392578125,"[('I', 0.67578125), ('H', 0.11767578125)]"
216,6,6,H,H,2.0625,"[('I', 0.64453125), ('H', 0.126953125)]"
216,7,6,I,I,0.3984375,"[('I', 0.671875), ('H', 0.10400390625)]"
216,8,6,I,I,0.416015625,"[('I', 0.66015625), ('H', 0.12890625)]"
216,9,6,I,I,0.5625,"[('I', 0.5703125), ('H', 0.1533203125)]"
216,10,6,I,I,0.455078125,"[('I', 0.6328125), ('H', 0.1328125)]"
217,5,1,H,H,2.125,"[('I', 0.64453125), ('H', 0.11962890625)]"
218,5,6,I,I,0.49609375,"[('I', 0.609375), ('H', 0.13671875)]"
218,6,6,I,I,0.6328125,"[('I', 0.53125), ('H', 0.2080078125)]"
218,7,6,I,I,0.67578125,"[('I', 0.5078125), ('H', 0.224609375)]"
218,8,6,I,I,0.49609375,"[('I', 0.609375), ('H', 0.14453125)]"
218,9,6,I,I,0.345703125,"[('I', 0.70703125), ('H', 0.09033203125)]"
218,10,6,I,I,0.271484375,"[('I', 0.76171875), ('H', 0.06689453125)]"
219,5,1,H,H,2.671875,"[('I', 0.79296875), ('H', 0.0693359375)]"
220,5,6,H,H,2.390625,"[('I', 0.6796875), ('H', 0.091796875)]"
220,6,6,H,H,2.578125,"[('I', 0.72265625), ('H', 0.07568359375)]"
220,7,6,I,I,0.447265625,"[('I', 0.640625), ('H', 0.091796875)]"
220,8,6,H,H,2.140625,"[('I', 0.6015625), ('H', 0.11767578125)]"
220,9,6,H,H,2.828125,"[('I', 0.765625), ('H', 0.05908203125)]"
220,10,6,H,H,2.4375,"[('I', 0.734375), ('H', 0.08740234375)]"
221,5,6,I,I,0.421875,"[('I', 0.65625), ('H', 0.09423828125)]"
221,6,6,I,I,0.3125,"[('I', 0.73046875), ('H', 0.06787109375)]"
221,7,6,I,I,0.37890625,"[('I', 0.68359375), ('H', 0.08740234375)]"
221,8,6,I,I,0.42578125,"[('I', 0.65234375), ('H', 0.0888671875)]"
221,9,6,I,I,0.40234375,"[('I', 0.66796875), ('H', 0.10205078125)]"
221,10,6,I,I,0.416015625,"[('I', 0.66015625), ('H', 0.09423828125)]"
222,5,6,H,H,2.703125,"[('I', 0.6328125), ('H', 0.06689453125)]"
222,6,6,I,I,0.4609375,"[('I', 0.62890625), ('H', 0.10205078125)]"
222,7,6,H,H,2.71875,"[('I', 0.671875), ('H', 0.06591796875)]"
222,8,6,I,I,0.341796875,"[('I', 0.7109375), ('H', 0.07958984375)]"
222,9,6,H,H,2.40625,"[('I', 0.7109375), ('H', 0.09033203125)]"
222,10,6,I,I,0.35546875,"[('I', 0.69921875), ('H', 0.07373046875)]"
223,5,6,H,H,2.421875,"[('I', 0.57421875), ('H', 0.0888671875)]"
223,6,6,H,H,2.5625,"[('I', 0.6484375), ('H', 0.0771484375)]"
223,7,6,H,H,2.71875,"[('I', 0.7109375), ('H', 0.06591796875)]"
223,8,6,H,H,2.3125,"[('I', 0.64453125), ('H', 0.09912109375)]"
223,9,6,H,H,2.09375,"[('I', 0.625), ('H', 0.123046875)]"
223,10,6,H,H,2.734375,"[('I', 0.54296875), ('ĠI', 0.078125)]"
224,5,1,H,H,2.515625,"[('I', 0.5234375), ('H', 0.0810546875)]"
225,5,1,I,I,0.69921875,"[('I', 0.49609375), ('H', 0.1328125)]"
226,5,1,I,I,0.55859375,"[('I', 0.5703125), ('H', 0.08740234375)]"
227,5,6,H,H,2.203125,"[('I', 0.46484375), ('H', 0.1103515625)]"
227,6,6,I,I,0.65625,"[('I', 0.51953125), ('H', 0.10888671875)]"
227,7,6,H,H,2.421875,"[('I', 0.484375), ('H', 0.0888671875)]"
227,8,6,I,I,0.6875,"[('I', 0.50390625), ('H', 0.09912109375)]"
227,9,6,H,H,2.640625,"[('I', 0.462890625), ('H', 0.0712890625)]"
227,10,6,H,H,1.984375,"[('I', 0.42578125), ('H', 0.1376953125)]"
228,5,1,H,H,2.1875,"[('I', 0.447265625), ('H', 0.1123046875)]"
229,5,1,I,I,0.87890625,"[('I', 0.416015625), ('H', 0.126953125)]"
230,5,1,H,H,2.34375,"[('I', 0.37890625), ('H', 0.09619140625)]"
231,5,1,H,H,2.296875,"[('I', 0.34765625), ('H', 0.1005859375)]"
232,5,6,I,I,1.234375,"[('I', 0.291015625), ('H', 0.057373046875)]"
232,6,6,H,H,3.3125,"[('I', 0.31640625), ('ĠI', 0.0546875)]"
232,7,6,I,I,1.2890625,"[('I', 0.275390625), ('H', 0.057373046875)]"
232,8,6,I,I,1.0859375,"[('I', 0.337890625), ('ĠI', 0.05908203125)]"
232,9,6,I,I,1.2109375,"[('I', 0.298828125), ('H', 0.055419921875)]"
232,10,6,I,I,1.34375,"[('I', 0.26171875), ('ĠI', 0.0546875)]"
233,5,6,I,I,1.375,"[('I', 0.251953125), ('ĠI', 0.04541015625)]"
233,6,6,H,H,3.84375,"[('I', 0.25390625), ('ĠI', 0.056396484375)]"
233,7,6,I,I,1.390625,"[('I', 0.2490234375), ('ĠI', 0.049072265625)]"
233,8,6,H,H,3.6875,"[('I', 0.2470703125), ('ĠI', 0.0439453125)]"
233,9,6,H,H,3.203125,"[('I', 0.2890625), ('ĠI', 0.057373046875)]"
233,10,6,H,H,3.171875,"[('I', 0.166015625), ('ĠI', 0.043212890625)]"
234,5,1,H,H,3.0,"[('I', 0.1923828125), ('H', 0.0498046875)]"
235,5,6,H,H,3.15625,"[('I', 0.21484375), ('ĠI', 0.0439453125)]"
235,6,6,I,I,1.703125,"[('I', 0.181640625), ('ĠI', 0.043212890625)]"
235,7,6,H,H,3.984375,"[('I', 0.1669921875), ('ĠI', 0.039306640625)]"
235,8,6,I,I,1.9765625,"[('I', 0.138671875), ('ĠI', 0.036376953125)]"
235,9,6,I,I,2.0,"[('I', 0.1357421875), ('ĠI', 0.03759765625)]"
235,10,6,I,I,1.8984375,"[('I', 0.1494140625), ('ĠI', 0.0400390625)]"
236,5,6,I,I,1.46875,"[('I', 0.23046875), ('ĠI', 0.041259765625)]"
236,6,6,H,H,3.515625,"[('I', 0.1611328125), ('H', 0.02978515625)]"
236,7,6,I,I,2.125,"[('I', 0.11962890625), ('ĠI', 0.0201416015625)]"
236,8,6,I,I,2.234375,"[('I', 0.10693359375), ('ĠI', 0.0203857421875)]"
236,9,6,H,H,3.65625,"[('I', 0.205078125), ('ĠI', 0.0283203125)]"
236,10,6,H,H,3.921875,"[('I', 0.10693359375), ('H', 0.019775390625)]"
237,5,6,H,H,3.90625,"[('I', 0.10546875), ('ĠI', 0.0274658203125)]"
237,6,6,H,H,3.921875,"[('I', 0.0810546875), ('ĠI', 0.0211181640625)]"
237,7,6,H,H,3.625,"[('I', 0.126953125), ('ĠI', 0.029296875)]"
237,8,6,H,H,3.421875,"[('I', 0.07373046875), ('H', 0.03271484375)]"
237,9,6,H,H,3.71875,"[('I', 0.10888671875), ('ĠI', 0.0250244140625)]"
237,10,6,H,H,3.484375,"[('I', 0.09765625), ('H', 0.0306396484375)]"
238,5,6,I,I,2.265625,"[('I', 0.10400390625), ('H', 0.02880859375)]"
238,6,6,I,I,2.109375,"[('I', 0.12109375), ('ĠI', 0.03173828125)]"
238,7,6,I,I,1.9453125,"[('I', 0.142578125), ('H', 0.03759765625)]"
238,8,6,I,I,2.234375,"[('I', 0.10693359375), ('ĠI', 0.027099609375)]"
238,9,6,I,I,1.9375,"[('I', 0.14453125), ('H', 0.052978515625)]"
238,10,6,I,I,2.21875,"[('I', 0.10888671875), ('ĠI', 0.029296875)]"
239,5,1,I,I,2.359375,"[('I', 0.09423828125), ('ĠI', 0.023193359375)]"
240,5,6,H,H,3.5,"[('I', 0.08447265625), ('H', 0.0301513671875)]"
240,6,6,H,H,3.703125,"[('I', 0.078125), ('H', 0.024658203125)]"
240,7,6,H,H,3.484375,"[('I', 0.0859375), ('H', 0.0306396484375)]"
240,8,6,H,H,3.53125,"[('I', 0.08447265625), ('H', 0.029296875)]"
240,9,6,H,H,3.265625,"[('I', 0.07568359375), ('H', 0.0380859375)]"
240,10,6,H,H,3.5625,"[('I', 0.09912109375), ('H', 0.0283203125)]"
241,5,6,I,I,2.4375,"[('I', 0.08740234375), ('H', 0.0311279296875)]"
241,6,6,I,I,2.46875,"[('I', 0.08447265625), ('H', 0.029296875)]"
241,7,6,I,I,2.75,"[('I', 0.06396484375), ('H', 0.020751953125)]"
241,8,6,I,I,2.921875,"[('I', 0.0537109375), ('H', 0.0191650390625)]"
241,9,6,H,H,3.703125,"[('I', 0.0537109375), ('H', 0.024658203125)]"
241,10,6,I,I,2.640625,"[('I', 0.0712890625), ('ĠI', 0.0203857421875)]"
242,5,1,H,H,3.640625,"[('I', 0.0859375), ('H', 0.0262451171875)]"
243,5,6,H,H,3.46875,"[('I', 0.08740234375), ('H', 0.0311279296875)]"
243,6,6,H,H,3.796875,"[('I', 0.1005859375), ('ĠI', 0.023193359375)]"
243,7,6,H,H,3.671875,"[('I', 0.0888671875), ('H', 0.025390625)]"
243,8,6,H,H,4.25,"[('I', 0.072265625), ('ĠI', 0.018310546875)]"
243,9,6,H,H,3.578125,"[('I', 0.0810546875), ('H', 0.0279541015625)]"
243,10,6,H,H,3.8125,"[('I', 0.07470703125), ('H', 0.0220947265625)]"
244,5,1,I,I,2.328125,"[('I', 0.09765625), ('H', 0.0306396484375)]"
245,5,1,H,H,3.59375,"[('I', 0.09033203125), ('H', 0.0274658203125)]"
246,5,6,I,I,2.3125,"[('I', 0.09912109375), ('H', 0.038818359375)]"
246,6,6,H,H,3.515625,"[('I', 0.0888671875), ('H', 0.02978515625)]"
246,7,6,H,H,3.328125,"[('I', 0.078125), ('H', 0.035888671875)]"
246,8,6,H,H,3.453125,"[('I', 0.0888671875), ('H', 0.03173828125)]"
246,9,6,H,H,3.578125,"[('I', 0.0537109375), ('H', 0.0279541015625)]"
246,10,6,H,H,3.609375,"[('I', 0.0712890625), ('H', 0.027099609375)]"
247,5,6,H,H,3.734375,"[('I', 0.05224609375), ('H', 0.02392578125)]"
247,6,6,H,H,4.125,"[('I', 0.0712890625), ('ĠI', 0.0191650390625)]"
247,7,6,H,H,3.390625,"[('I', 0.166015625), ('H', 0.03369140625)]"
247,8,6,H,H,3.59375,"[('I', 0.10546875), ('H', 0.0274658203125)]"
247,9,6,H,H,3.515625,"[('I', 0.0712890625), ('H', 0.02978515625)]"
247,10,6,H,H,3.65625,"[('I', 0.06591796875), ('H', 0.02587890625)]"
248,5,1,H,H,3.8125,"[('I', 0.06787109375), ('H', 0.0220947265625)]"
249,5,1,H,H,3.640625,"[('I', 0.07373046875), ('H', 0.0262451171875)]"
250,5,6,I,I,2.015625,"[('I', 0.1328125), ('H', 0.035888671875)]"
250,6,6,I,I,2.046875,"[('I', 0.12890625), ('H', 0.06103515625)]"
250,7,6,I,I,2.625,"[('I', 0.072265625), ('H', 0.0311279296875)]"
250,8,6,I,I,2.6875,"[('I', 0.06787109375), ('H', 0.0274658203125)]"
250,9,6,I,I,2.734375,"[('I', 0.06494140625), ('H', 0.027099609375)]"
250,10,6,I,I,2.6875,"[('I', 0.06787109375), ('H', 0.0311279296875)]"
251,5,6,H,H,3.296875,"[('I', 0.1005859375), ('H', 0.037109375)]"
251,6,6,I,I,2.359375,"[('I', 0.09423828125), ('H', 0.05224609375)]"
251,7,6,H,H,3.421875,"[('I', 0.11376953125), ('H', 0.03271484375)]"
251,8,6,H,H,3.234375,"[('I', 0.09765625), ('H', 0.039306640625)]"
251,9,6,H,H,3.15625,"[('I', 0.07958984375), ('H', 0.04248046875)]"
251,10,6,H,H,3.171875,"[('I', 0.10400390625), ('H', 0.0419921875)]"
252,5,1,H,H,3.53125,"[('I', 0.06396484375), ('H', 0.029296875)]"
253,5,6,I,I,2.234375,"[('I', 0.10693359375), ('H', 0.044677734375)]"
253,6,6,H,H,3.296875,"[('I', 0.07373046875), ('H', 0.037109375)]"
253,7,6,H,H,3.359375,"[('I', 0.07568359375), ('H', 0.03466796875)]"
253,8,6,I,I,2.40625,"[('I', 0.09033203125), ('H', 0.0322265625)]"
253,9,6,H,H,3.046875,"[('I', 0.10693359375), ('H', 0.047607421875)]"
253,10,6,H,H,3.328125,"[('I', 0.06689453125), ('H', 0.035888671875)]"
254,5,1,I,I,3.34375,"[('I', 0.035400390625), ('H', 0.026611328125)]"
255,5,1,H,H,3.703125,"[('I', 0.07568359375), ('H', 0.024658203125)]"
256,5,6,I,I,2.40625,"[('I', 0.09033203125), ('H', 0.0400390625)]"
256,6,6,I,I,2.375,"[('I', 0.0927734375), ('H', 0.0498046875)]"
256,7,6,I,I,2.609375,"[('I', 0.07373046875), ('H', 0.0537109375)]"
256,8,6,I,I,2.53125,"[('I', 0.07958984375), ('H', 0.033203125)]"
256,9,6,I,I,2.71875,"[('I', 0.06591796875), ('H', 0.038818359375)]"
256,10,6,I,I,2.953125,"[('I', 0.05224609375), ('H', 0.02978515625)]"
257,5,6,I,I,2.765625,"[('I', 0.06298828125), ('H', 0.046142578125)]"
257,6,6,H,H,3.078125,"[('I', 0.078125), ('H', 0.046142578125)]"
257,7,6,I,I,2.34375,"[('I', 0.09619140625), ('H', 0.072265625)]"
257,8,6,H,H,3.484375,"[('I', 0.05908203125), ('H', 0.0306396484375)]"
257,9,6,H,H,3.203125,"[('I', 0.05224609375), ('H', 0.04052734375)]"
257,10,6,H,H,3.171875,"[('H', 0.0419921875), ('I', 0.03173828125)]"
258,5,1,H,H,3.625,"[('I', 0.06787109375), ('H', 0.026611328125)]"
259,5,1,I,I,2.578125,"[('I', 0.07568359375), ('H', 0.03369140625)]"
260,5,1,H,H,3.453125,"[('I', 0.04052734375), ('H', 0.03173828125)]"
261,5,6,H,H,3.109375,"[('I', 0.06494140625), ('H', 0.044677734375)]"
261,6,6,H,H,3.53125,"[('I', 0.0400390625), ('H', 0.029296875)]"
261,7,6,I,I,3.53125,"[('H', 0.035400390625), ('I', 0.029296875)]"
261,8,6,H,H,3.328125,"[('I', 0.0419921875), ('H', 0.035888671875)]"
261,9,6,H,H,3.21875,"[('H', 0.0400390625), ('I', 0.0322265625)]"
261,10,6,H,H,3.6875,"[('I', 0.0301513671875), ('H', 0.0250244140625)]"
262,5,6,I,I,3.375,"[('H', 0.0439453125), ('I', 0.0341796875)]"
262,6,6,I,I,3.546875,"[('I', 0.02880859375), ('H', 0.027099609375)]"
262,7,6,H,H,3.15625,"[('H', 0.04248046875), ('I', 0.0250244140625)]"
262,8,6,I,I,3.171875,"[('H', 0.05224609375), ('I', 0.0419921875)]"
262,9,6,H,H,3.34375,"[('H', 0.035400390625), ('I', 0.0301513671875)]"
262,10,6,H,H,3.046875,"[('H', 0.047607421875), ('I', 0.046142578125)]"
263,5,6,H,H,3.265625,"[('I', 0.039306640625), ('H', 0.0380859375)]"
263,6,6,H,H,3.296875,"[('I', 0.05224609375), ('H', 0.037109375)]"
263,7,6,I,I,3.609375,"[('H', 0.050537109375), ('I', 0.027099609375)]"
263,8,6,I,I,3.296875,"[('H', 0.046142578125), ('I', 0.037109375)]"
263,9,6,H,H,3.0625,"[('H', 0.046875), ('I', 0.038818359375)]"
263,10,6,H,H,3.015625,"[('H', 0.049072265625), ('I', 0.037109375)]"
264,5,1,H,H,3.40625,"[('H', 0.033203125), ('I', 0.029296875)]"
265,5,1,I,I,3.46875,"[('H', 0.036376953125), ('I', 0.0311279296875)]"
266,5,6,H,H,2.84375,"[('H', 0.05810546875), ('I', 0.046875)]"
266,6,6,H,H,3.421875,"[('H', 0.03271484375), ('I', 0.025390625)]"
266,7,6,H,H,3.609375,"[('I', 0.027099609375), ('H', 0.027099609375)]"
266,8,6,H,H,3.328125,"[('H', 0.035888671875), ('I', 0.03466796875)]"
266,9,6,H,H,3.578125,"[('I', 0.03173828125), ('H', 0.0279541015625)]"
266,10,6,H,H,3.71875,"[('H', 0.0242919921875), ('I', 0.0213623046875)]"
267,5,1,H,H,2.71875,"[('H', 0.06591796875), ('I', 0.03759765625)]"
268,5,1,I,I,3.125,"[('H', 0.06005859375), ('I', 0.0439453125)]"
269,5,1,I,I,3.59375,"[('H', 0.029296875), ('I', 0.0274658203125)]"
270,5,1,I,I,3.671875,"[('I', 0.025390625), ('H', 0.024658203125)]"
271,5,1,I,I,3.40625,"[('H', 0.036376953125), ('I', 0.033203125)]"
272,5,6,I,I,3.40625,"[('H', 0.041259765625), ('I', 0.033203125)]"
272,6,6,H,H,3.390625,"[('H', 0.03369140625), ('I', 0.027099609375)]"
272,7,6,I,I,3.453125,"[('I', 0.03173828125), ('H', 0.03173828125)]"
272,8,6,H,H,3.46875,"[('H', 0.0311279296875), ('I', 0.029296875)]"
272,9,6,H,H,3.78125,"[('H', 0.0228271484375), ('I', 0.01953125)]"
272,10,6,H,H,3.8125,"[('I', 0.02587890625), ('H', 0.0220947265625)]"
273,5,6,H,H,3.40625,"[('H', 0.033203125), ('I', 0.0301513671875)]"
273,6,6,H,H,3.546875,"[('H', 0.02880859375), ('I', 0.0172119140625)]"
273,7,6,H,H,3.203125,"[('H', 0.04052734375), ('I', 0.03271484375)]"
273,8,6,I,I,4.34375,"[('H', 0.0191650390625), ('Ċ', 0.0167236328125)]"
273,9,6,H,H,4.1875,"[('H', 0.01519775390625), ('Ċ', 0.01470947265625)]"
273,10,6,I,I,3.9375,"[('I', 0.01953125), ('H', 0.015625)]"
274,5,6,I,I,3.421875,"[('I', 0.03271484375), ('H', 0.02978515625)]"
274,6,6,I,I,4.0625,"[('H', 0.0301513671875), ('I', 0.0172119140625)]"
274,7,6,I,I,4.15625,"[('H', 0.041259765625), ('ĠH', 0.020751953125)]"
274,8,6,I,I,4.15625,"[('H', 0.021728515625), ('ĠH', 0.0167236328125)]"
274,9,6,I,I,4.03125,"[('H', 0.0274658203125), ('I', 0.0177001953125)]"
274,10,6,I,I,3.421875,"[('H', 0.035888671875), ('I', 0.03271484375)]"
275,5,1,I,I,3.140625,"[('I', 0.043212890625), ('H', 0.02978515625)]"
276,5,1,I,I,3.453125,"[('H', 0.047607421875), ('I', 0.03173828125)]"
277,5,6,H,H,3.328125,"[('H', 0.035888671875), ('I', 0.02880859375)]"
277,6,6,I,I,4.3125,"[('H', 0.02978515625), ('ĠH', 0.0185546875)]"
277,7,6,H,H,3.34375,"[('H', 0.035400390625), ('I', 0.02587890625)]"
277,8,6,H,H,2.984375,"[('H', 0.050537109375), ('I', 0.03271484375)]"
277,9,6,I,I,3.625,"[('H', 0.04248046875), ('I', 0.026611328125)]"
277,10,6,H,H,3.265625,"[('H', 0.0380859375), ('I', 0.02978515625)]"
278,5,6,H,H,3.25,"[('H', 0.038818359375), ('I', 0.02587890625)]"
278,6,6,H,H,3.234375,"[('H', 0.039306640625), ('ĠH', 0.021728515625)]"
278,7,6,I,I,3.625,"[('H', 0.0546875), ('I', 0.026611328125)]"
278,8,6,I,I,3.921875,"[('H', 0.0419921875), ('I', 0.019775390625)]"
278,9,6,H,H,3.21875,"[('H', 0.0400390625), ('I', 0.026611328125)]"
278,10,6,H,H,3.03125,"[('H', 0.04833984375), ('I', 0.0301513671875)]"
279,5,1,I,I,3.5625,"[('H', 0.04248046875), ('I', 0.0283203125)]"
280,5,1,I,I,3.671875,"[('H', 0.06298828125), ('I', 0.025390625)]"
281,5,6,H,H,2.578125,"[('H', 0.07568359375), ('ĠH', 0.03271484375)]"
281,6,6,H,H,2.78125,"[('H', 0.06201171875), ('ĠH', 0.0242919921875)]"
281,7,6,H,H,3.09375,"[('H', 0.04541015625), ('I', 0.03759765625)]"
281,8,6,H,H,3.234375,"[('H', 0.039306640625), ('ĠH', 0.023193359375)]"
281,9,6,H,H,2.71875,"[('H', 0.06591796875), ('ĠH', 0.0274658203125)]"
281,10,6,H,H,3.1875,"[('H', 0.041259765625), ('I', 0.0235595703125)]"
282,5,1,I,I,3.8125,"[('H', 0.05810546875), ('ĠH', 0.0250244140625)]"
283,5,1,I,I,3.765625,"[('H', 0.06298828125), ('ĠH', 0.02880859375)]"
284,5,1,H,H,2.984375,"[('H', 0.050537109375), ('I', 0.0279541015625)]"
285,5,1,I,I,4.03125,"[('H', 0.038818359375), ('I', 0.0177001953125)]"
286,5,1,H,H,2.984375,"[('H', 0.050537109375), ('ĠH', 0.021728515625)]"
287,5,1,I,I,3.703125,"[('H', 0.078125), ('ĠH', 0.025390625)]"
288,5,6,H,H,2.640625,"[('H', 0.0712890625), ('I', 0.02392578125)]"
288,6,6,H,H,2.6875,"[('H', 0.06787109375), ('ĠH', 0.0250244140625)]"
288,7,6,I,I,4.46875,"[('H', 0.0400390625), ('ĠH', 0.0189208984375)]"
288,8,6,I,I,4.125,"[('H', 0.055419921875), ('ĠH', 0.024658203125)]"
288,9,6,I,I,4.90625,"[('H', 0.046875), ('ĠH', 0.018310546875)]"
288,10,6,I,I,4.25,"[('H', 0.06005859375), ('ĠH', 0.026611328125)]"
289,5,1,H,H,2.75,"[('H', 0.06396484375), ('I', 0.0242919921875)]"
290,5,6,H,H,2.765625,"[('H', 0.06298828125), ('I', 0.025390625)]"
290,6,6,I,I,3.953125,"[('H', 0.055419921875), ('ĠH', 0.024658203125)]"
290,7,6,I,I,4.40625,"[('H', 0.039306640625), ('ĠH', 0.0279541015625)]"
290,8,6,H,H,3.21875,"[('H', 0.0400390625), ('ĠH', 0.0189208984375)]"
290,9,6,H,H,2.640625,"[('H', 0.0712890625), ('ĠH', 0.023193359375)]"
290,10,6,H,H,2.40625,"[('H', 0.09033203125), ('ĠH', 0.0311279296875)]"
291,5,1,I,I,4.03125,"[('H', 0.047607421875), ('ĠH', 0.0185546875)]"
292,5,1,H,H,3.046875,"[('H', 0.047607421875), ('I', 0.024658203125)]"
293,5,6,I,I,3.984375,"[('H', 0.049072265625), ('ĠH', 0.0224609375)]"
293,6,6,H,H,2.9375,"[('H', 0.052978515625), ('ĠH', 0.0242919921875)]"
293,7,6,H,H,3.1875,"[('H', 0.041259765625), ('ĠH', 0.0235595703125)]"
293,8,6,H,H,2.921875,"[('H', 0.0537109375), ('I', 0.0279541015625)]"
293,9,6,H,H,2.953125,"[('H', 0.05224609375), ('I', 0.027099609375)]"
293,10,6,H,H,2.6875,"[('H', 0.06787109375), ('ĠH', 0.029296875)]"
294,5,1,H,H,3.0,"[('H', 0.0498046875), ('I', 0.0228271484375)]"
295,5,6,H,H,2.625,"[('H', 0.072265625), ('I', 0.0400390625)]"
295,6,6,H,H,2.65625,"[('H', 0.0703125), ('ĠH', 0.02587890625)]"
295,7,6,I,I,3.78125,"[('H', 0.06201171875), ('ĠH', 0.02587890625)]"
295,8,6,H,H,2.890625,"[('H', 0.055419921875), ('I', 0.024658203125)]"
295,9,6,H,H,3.078125,"[('H', 0.046142578125), ('I', 0.0380859375)]"
295,10,6,H,H,3.203125,"[('H', 0.04052734375), ('I', 0.023193359375)]"
296,5,6,H,H,3.390625,"[('H', 0.03369140625), ('I', 0.0203857421875)]"
296,6,6,H,H,3.3125,"[('H', 0.036376953125), ('ĠH', 0.0228271484375)]"
296,7,6,I,I,4.53125,"[('H', 0.035400390625), ('ĠH', 0.0220947265625)]"
296,8,6,H,H,3.0,"[('H', 0.0498046875), ('I', 0.026611328125)]"
296,9,6,H,H,3.546875,"[('H', 0.02880859375), ('ĠH', 0.015625)]"
296,10,6,H,H,2.9375,"[('H', 0.052978515625), ('I', 0.01953125)]"
297,5,1,I,I,3.890625,"[('H', 0.047607421875), ('I', 0.0203857421875)]"
298,5,6,I,I,3.9375,"[('H', 0.06201171875), ('ĠH', 0.0242919921875)]"
298,6,6,H,H,3.296875,"[('H', 0.037109375), ('ĠH', 0.015625)]"
298,7,6,I,I,4.1875,"[('H', 0.05224609375), ('ĠH', 0.018310546875)]"
298,8,6,H,H,2.859375,"[('H', 0.057373046875), ('I', 0.024658203125)]"
298,9,6,I,I,4.15625,"[('H', 0.047607421875), ('ĠH', 0.0203857421875)]"
298,10,6,H,H,2.765625,"[('H', 0.06298828125), ('ĠH', 0.023193359375)]"
299,5,6,I,I,3.375,"[('H', 0.041259765625), ('I', 0.0341796875)]"
299,6,6,I,I,4.40625,"[('H', 0.050537109375), ('ĠH', 0.0224609375)]"
299,7,6,I,I,4.15625,"[('H', 0.0380859375), ('I', 0.015625)]"
299,8,6,I,I,4.0,"[('H', 0.0400390625), ('ĠH', 0.01953125)]"
299,9,6,I,I,3.765625,"[('H', 0.049072265625), ('I', 0.023193359375)]"
299,10,6,I,I,3.421875,"[('H', 0.0693359375), ('I', 0.03271484375)]"
300,5,6,I,I,3.5625,"[('H', 0.04541015625), ('I', 0.0283203125)]"
300,6,6,I,I,2.9375,"[('I', 0.052978515625), ('H', 0.052978515625)]"
300,7,6,I,I,3.53125,"[('H', 0.0400390625), ('I', 0.029296875)]"
300,8,6,I,I,3.40625,"[('I', 0.033203125), ('H', 0.026611328125)]"
300,9,6,I,I,3.15625,"[('I', 0.04248046875), ('H', 0.036376953125)]"
300,10,6,I,I,3.671875,"[('H', 0.055419921875), ('I', 0.025390625)]"
301,5,1,I,I,3.546875,"[('H', 0.0419921875), ('I', 0.02880859375)]"
302,5,1,I,I,3.453125,"[('H', 0.039306640625), ('I', 0.03173828125)]"
303,5,1,H,H,3.0,"[('H', 0.0498046875), ('I', 0.0250244140625)]"
304,5,6,I,I,2.921875,"[('H', 0.09765625), ('I', 0.0537109375)]"
304,6,6,I,I,3.234375,"[('H', 0.0693359375), ('I', 0.039306640625)]"
304,7,6,I,I,3.65625,"[('H', 0.041259765625), ('I', 0.02587890625)]"
304,8,6,I,I,3.3125,"[('H', 0.052978515625), ('I', 0.036376953125)]"
304,9,6,I,I,3.03125,"[('H', 0.06396484375), ('I', 0.04833984375)]"
304,10,6,I,I,3.21875,"[('H', 0.06201171875), ('I', 0.0400390625)]"
305,5,1,H,H,2.359375,"[('H', 0.09423828125), ('ĠH', 0.03271484375)]"
306,5,6,I,I,3.15625,"[('H', 0.1357421875), ('I', 0.04248046875)]"
306,6,6,I,I,3.546875,"[('H', 0.046142578125), ('I', 0.02880859375)]"
306,7,6,I,I,3.90625,"[('H', 0.035400390625), ('I', 0.0201416015625)]"
306,8,6,I,I,2.984375,"[('H', 0.06494140625), ('I', 0.050537109375)]"
306,9,6,I,I,3.25,"[('H', 0.06591796875), ('I', 0.038818359375)]"
306,10,6,I,I,3.3125,"[('H', 0.06591796875), ('I', 0.036376953125)]"
307,5,6,H,H,2.328125,"[('H', 0.09765625), ('I', 0.0419921875)]"
307,6,6,H,H,2.984375,"[('H', 0.050537109375), ('I', 0.0279541015625)]"
307,7,6,H,H,2.640625,"[('H', 0.0712890625), ('I', 0.02978515625)]"
307,8,6,H,H,2.328125,"[('H', 0.09765625), ('I', 0.03466796875)]"
307,9,6,H,H,2.328125,"[('H', 0.09765625), ('I', 0.055419921875)]"
307,10,6,H,H,2.546875,"[('H', 0.078125), ('I', 0.044677734375)]"
308,5,6,I,I,3.3125,"[('H', 0.0498046875), ('I', 0.036376953125)]"
308,6,6,H,H,3.25,"[('H', 0.038818359375), ('I', 0.0301513671875)]"
308,7,6,I,I,3.234375,"[('H', 0.06103515625), ('I', 0.039306640625)]"
308,8,6,H,H,2.90625,"[('H', 0.0546875), ('I', 0.0400390625)]"
308,9,6,I,I,3.15625,"[('H', 0.07470703125), ('I', 0.04248046875)]"
308,10,6,I,I,3.5625,"[('H', 0.056396484375), ('I', 0.0283203125)]"
309,5,1,I,I,3.515625,"[('H', 0.044677734375), ('I', 0.02978515625)]"
310,5,1,I,I,2.96875,"[('H', 0.07470703125), ('I', 0.05126953125)]"
311,5,6,H,H,2.5625,"[('H', 0.0771484375), ('ĠH', 0.029296875)]"
311,6,6,I,I,2.859375,"[('H', 0.078125), ('I', 0.057373046875)]"
311,7,6,H,H,3.171875,"[('H', 0.0419921875), ('ĠH', 0.0306396484375)]"
311,8,6,H,H,2.46875,"[('H', 0.08447265625), ('I', 0.05126953125)]"
311,9,6,H,H,2.984375,"[('H', 0.050537109375), ('I', 0.04052734375)]"
311,10,6,H,H,2.640625,"[('H', 0.0712890625), ('I', 0.043212890625)]"
312,5,1,H,H,2.796875,"[('H', 0.06103515625), ('I', 0.044677734375)]"
313,5,1,I,I,2.9375,"[('H', 0.072265625), ('I', 0.052978515625)]"
314,5,6,I,I,3.203125,"[('H', 0.0537109375), ('I', 0.04052734375)]"
314,6,6,I,I,2.78125,"[('H', 0.0703125), ('I', 0.06201171875)]"
314,7,6,I,I,2.953125,"[('H', 0.0859375), ('I', 0.05224609375)]"
314,8,6,I,I,2.421875,"[('I', 0.0888671875), ('H', 0.08349609375)]"
314,9,6,I,I,2.53125,"[('I', 0.07958984375), ('H', 0.0703125)]"
314,10,6,I,I,2.265625,"[('I', 0.10400390625), ('H', 0.0810546875)]"
315,5,6,I,I,2.21875,"[('H', 0.158203125), ('I', 0.10888671875)]"
315,6,6,H,H,2.578125,"[('I', 0.09765625), ('H', 0.07568359375)]"
315,7,6,I,I,2.71875,"[('H', 0.08447265625), ('I', 0.06591796875)]"
315,8,6,I,I,2.453125,"[('I', 0.0859375), ('H', 0.046142578125)]"
315,9,6,I,I,2.078125,"[('I', 0.125), ('H', 0.0712890625)]"
315,10,6,I,I,2.40625,"[('I', 0.09033203125), ('H', 0.06201171875)]"
316,5,6,I,I,2.640625,"[('H', 0.11767578125), ('I', 0.0712890625)]"
316,6,6,I,I,2.578125,"[('I', 0.07568359375), ('H', 0.06689453125)]"
316,7,6,H,H,2.5,"[('I', 0.08740234375), ('H', 0.08203125)]"
316,8,6,I,I,2.5625,"[('H', 0.08203125), ('I', 0.0771484375)]"
316,9,6,I,I,1.5234375,"[('I', 0.2177734375), ('H', 0.1591796875)]"
316,10,6,I,I,1.4765625,"[('I', 0.228515625), ('H', 0.09423828125)]"
317,5,1,I,I,2.0,"[('I', 0.1357421875), ('H', 0.056396484375)]"
318,5,1,I,I,2.140625,"[('I', 0.11767578125), ('H', 0.06298828125)]"
319,5,1,I,I,2.109375,"[('I', 0.12109375), ('H', 0.09423828125)]"
320,5,6,I,I,2.640625,"[('I', 0.0712890625), ('H', 0.06298828125)]"
320,6,6,I,I,2.328125,"[('I', 0.09765625), ('H', 0.06298828125)]"
320,7,6,I,I,2.15625,"[('I', 0.11572265625), ('H', 0.10888671875)]"
320,8,6,I,I,2.265625,"[('I', 0.10400390625), ('H', 0.10400390625)]"
320,9,6,I,I,2.03125,"[('I', 0.130859375), ('H', 0.10888671875)]"
320,10,6,I,I,1.78125,"[('I', 0.16796875), ('H', 0.1484375)]"
