participant_id,trial_index,choice,p_choice,nll
22,5,0,0.34663190526150445,1.0594918538237672
22,6,0,0.611271004449558,0.49221487567415617
22,7,0,0.7050431710969148,0.34949624244481203
22,8,0,0.8110983822036387,0.2093659224773763
22,9,0,0.8820716670805655,0.12548197108185158
22,10,0,0.8171905370208846,0.20188299586356645
22,15,1,0.8072379596334202,0.21413678474217118
22,16,1,0.8407205153147489,0.1734959984792363
22,17,1,0.8209398966576208,0.1973053796898717
22,18,1,0.7779027369510904,0.25115377939008543
22,19,1,0.7100953361721859,0.3423560416607696
22,20,1,0.7786828461174337,0.2501514455124745
22,25,1,0.4979756305335743,0.6972041378243536
22,30,0,0.7778572188433625,0.2512122949825087
22,35,1,0.16851669166726488,1.780720473750087
22,40,0,0.37781607862961336,0.9733477662427289
22,41,0,0.4194255995201279,0.8688691239385371
22,42,0,0.45587182700620454,0.7855435901030058
22,43,0,0.4249650281515119,0.8557484001434286
22,44,0,0.33208907341218336,1.1023520526366875
22,45,0,0.2753177004560568,1.2898295737422047
22,50,0,0.36402645451381077,1.0105287367477678
22,55,0,0.7465461883284858,0.2922977907361333
22,56,0,0.7578056384153469,0.27732833991812933
22,57,0,0.8760916095427508,0.1322846164088115
22,58,0,0.7724050915648168,0.25824613657247547
22,59,0,0.8037979512923931,0.21840734574685444
22,60,0,0.7112316489060595,0.34075709505960633
22,65,0,0.3192143049883984,1.141892599280957
22,70,0,0.7774838578583951,0.25169239673990607
22,75,0,0.32297363510872007,1.1301845841382923
22,80,0,0.6885419185042545,0.37317907885376583
22,81,0,0.703476935645479,0.3517201881158432
22,82,0,0.7264172754368456,0.3196306697120905
22,83,0,0.544085853322163,0.6086482259694855
22,84,0,0.6165195454568678,0.4836652529745902
22,85,0,0.6199376393205748,0.47813638774107775
22,90,1,0.24131086659517337,1.421669273812817
22,91,1,0.21036775511503175,1.5588980650152933
22,92,0,0.8663754407637005,0.1434369299982507
22,93,0,0.8610723971991392,0.14957669307176993
22,94,0,0.8967627377180774,0.10896395835607027
22,95,0,0.9430933016960003,0.058590059888863504
22,100,1,0.5697069052846606,0.5626332516535689
22,105,0,0.6431830920545768,0.4413258486899218
22,106,0,0.7664487166430298,0.26598748878719675
22,107,0,0.7717854922025922,0.25904862740746504
22,108,0,0.7736055810623095,0.25669312046459136
22,109,0,0.8104637973491076,0.21014860586124828
22,110,0,0.7947517810713209,0.22972543814646224
22,115,1,0.8621006350351965,0.14838326915105926
22,120,1,0.9122188600952689,0.09187533952222877
22,121,1,0.919241854811724,0.08420601952782901
22,122,1,0.90013117612565,0.10521477502667476
22,123,1,0.9365497208928508,0.06555266625549475
22,124,1,0.918390975376717,0.08513207992666018
22,125,1,0.9274270484297148,0.07534114157699043
22,130,0,0.5496291384261693,0.5985115219626927
22,131,0,0.48109157569254407,0.7316976409402371
22,132,1,0.6583409512195473,0.4180323189077245
22,133,0,0.7019475518950019,0.35389659014629393
22,134,0,0.749859338665363,0.28786963848603914
22,135,0,0.8289578685901761,0.18758594710312762
22,140,0,0.600472899333583,0.5100377686477178
22,141,1,0.6041708761789724,0.5038982134753905
22,142,1,0.70570155942903,0.348562851214396
22,143,1,0.7013671539455143,0.35472377164758506
22,144,1,0.5999630300160396,0.5108872423026412
22,145,1,0.8088081453866793,0.2121935403724831
22,150,0,0.4992138090277904,0.6947207999922256
22,151,0,0.4356940061230274,0.8308151028410715
22,152,0,0.6308635264754627,0.46066572116993126
22,153,0,0.7850545306564558,0.2420020978066898
22,154,0,0.7449299679171935,0.29446506781548837
22,155,0,0.7386150932808064,0.30297834178491306
22,160,1,0.7034887307151205,0.3517034214385549
22,161,1,0.8353107014382682,0.17995152581034218
22,162,1,0.8022220334192308,0.220369859780255
22,163,1,0.7251403144864684,0.3213901056292804
22,164,1,0.7038975460469099,0.35112246459673085
22,165,1,0.7409048795942224,0.2998830295436616
22,170,1,0.5985727977184674,0.5132071277643909
22,171,1,0.5736041821665474,0.5558156986362293
22,172,1,0.3905335485476008,0.9402414016164153
22,173,1,0.5343850601753543,0.6266386134073066
22,174,1,0.4964113050782631,0.700350451778733
22,175,1,0.6933603607888217,0.3662054138062613
22,180,0,0.48804839764974023,0.7173407025327441
22,181,0,0.4744379088396496,0.7456245254678856
22,182,1,0.7487741486068547,0.2893178781755914
22,183,1,0.677308529598685,0.3896283793078957
22,184,1,0.698716683815923,0.3585099353390963
22,185,1,0.6068887567574257,0.4994097720024466
22,190,1,0.60431000176474,0.5036679647574815
22,195,0,0.7987799532477736,0.2246697738385466
22,196,0,0.8389942911798571,0.17555137685171904
22,197,0,0.807778347994849,0.21346757988146128
22,198,0,0.8099570550605171,0.21077405116375145
22,199,0,0.6691431294374716,0.40175729638796515
22,200,0,0.7351738210242055,0.30764831653817826
22,205,0,0.9333617923497748,0.06896238014741553
22,210,1,0.46246973777894496,0.7711741559975587
22,215,0,0.7954355417572193,0.22886546307532246
22,216,0,0.7638304537174477,0.26940943366002107
22,217,0,0.7760304937702005,0.2535634634740819
22,218,0,0.5947781162166402,0.5195668569061268
22,219,0,0.6595606076969517,0.41618141158107597
22,220,1,0.4872768909706156,0.7189227528477324
22,225,0,0.6604080682540939,0.41489734978624215
22,230,1,0.5029701726281126,0.6872244095887363
22,231,1,0.6064737241381348,0.5000938752972345
22,232,1,0.6895931770801194,0.37165345370549874
22,233,1,0.678694161183385,0.3875846782497791
22,234,1,0.6350281421831517,0.4540859626712378
22,235,1,0.5443939039308621,0.6080822060414708
22,240,0,0.9428025231663745,0.05889843167493599
22,245,0,0.5747249074137054,0.5538637745525214
22,246,0,0.5617766112118223,0.5766509970532732
22,247,1,0.5850562818168629,0.5360472281423331
22,248,0,0.5103750150020357,0.6726094999462954
22,249,0,0.4160204510903625,0.8770208586519361
22,250,0,0.4270641351088093,0.8508210777119046
22,255,0,0.4877429058626293,0.7179668442005197
22,256,0,0.654840384003136,0.4233637615870666
22,257,0,0.706427918248204,0.34753410860302136
22,258,0,0.7142116199468114,0.33657597407482065
22,259,0,0.679709122805494,0.3860903329063251
22,260,0,0.647437668490778,0.4347327549197679
22,265,0,0.4191143589600835,0.8696114632181122
22,266,1,0.8138798787631437,0.20594249295480416
22,267,1,0.7387266204975824,0.30282735814186346
22,268,1,0.6994905093920061,0.3574030526698498
22,269,0,0.19850100804646809,1.6169611005430102
22,270,1,0.840166447390404,0.17415525511779087
22,275,0,0.7574385517163015,0.277812864734152
22,280,0,0.791853970685139,0.23337828461466975
22,285,0,0.6722366923813627,0.397144779667087
22,286,1,0.3881249886340513,0.9464278555760657
22,287,1,0.47121318244696964,0.7524446707033875
22,288,1,0.5984805377747984,0.5133612728490183
22,289,1,0.555627706935475,0.5876568008491652
22,290,1,0.7724275862463837,0.2582170140896441
22,295,1,0.9142170453363998,0.08968726817255271
22,300,1,0.8256410816017914,0.19159512579950774
22,301,1,0.7505388186569182,0.28696390551817413
22,302,1,0.8390593471360362,0.17547383945395514
22,303,1,0.7725781361537786,0.25802212819933523
22,304,1,0.6827207396513878,0.3816693761524966
22,305,1,0.8163092933587874,0.20296195985388887
22,310,1,0.9230569246781445,0.08006437283915126
22,315,0,0.30341272471285896,1.192661272558718
22,320,0,0.6829063515532691,0.3813975422027757
22,321,0,0.7765077669048037,0.2529486339890683
22,322,0,0.6391764251402909,0.4475747670292299
22,323,1,0.37377484090489566,0.9841016925236096
22,324,0,0.7784006410641798,0.25051392454287535
22,325,0,0.8178661588106921,0.2010565758012144
22,330,1,0.5290241385837091,0.6367212175699684
22,335,0,0.605226373888826,0.5021527192173554
22,336,0,0.5981650074140453,0.5138886309615918
22,337,0,0.7321467512177023,0.3117743053072461
22,338,0,0.7937181257927202,0.23102688606188126
22,339,0,0.7985279047227427,0.224985365508449
22,340,0,0.7113321580765329,0.34061578797707376
22,345,1,0.2158465721271477,1.533187437912183
22,346,0,0.7942411516419525,0.23036814641335573
22,347,0,0.818173547502349,0.20068080412026132
22,348,0,0.806041550277135,0.21561998659065995
22,349,0,0.8344831056699664,0.18094278093722452
22,350,0,0.8800928057832306,0.1277279159520739
22,355,0,0.8709313876076331,0.1381920795050125
22,356,0,0.8997452008897134,0.10564366586249176
22,357,0,0.8693836386804371,0.1399707796965015
22,358,0,0.7795178792390549,0.24907965394163528
22,359,0,0.7644294196665246,0.26862558008881116
22,360,0,0.8304607296663591,0.18577463621550916
22,365,0,0.6615626762417,0.413150551249285
22,370,0,0.5551236616417314,0.5885643762843169
22,371,1,0.5336063976604946,0.628096794832106
22,372,1,0.7188461348682675,0.33010794295310375
22,373,1,0.5932601022848725,0.5221223550950733
22,374,0,0.5421857026621679,0.6121467113851844
22,375,0,0.6700470981600685,0.40040727330496795
22,380,1,0.7413934701304631,0.2992237957881555
22,381,1,0.698443251628412,0.3589013467789248
22,382,1,0.7455993745746392,0.29356685443133385
22,383,1,0.7357580399390916,0.30685396438481244
22,384,1,0.7235688308896807,0.32355960144309226
22,385,1,0.5800669435544779,0.5446117621788013
22,390,1,0.5287562725659244,0.6372276856812826
22,391,1,0.5818603122297468,0.5415248734077451
22,392,1,0.5891623239890202,0.5290535407864234
22,393,1,0.623229876929479,0.4728398444154341
22,394,1,0.5929016235795788,0.5227267899008681
22,395,1,0.6449427015833934,0.43859380088528344
22,400,0,0.5991027587091218,0.5123221451455208
22,401,0,0.6151620307147961,0.4858695812977862
22,402,0,0.5782868128856625,0.5476853173173493
22,403,0,0.4995190131400776,0.6941096172714561
22,404,0,0.6932500788929329,0.3663644806832516
22,405,0,0.7240728805077224,0.32286322797658884
22,410,1,0.8179875192889036,0.2009082000875932
22,411,1,0.8020259769685145,0.22061428140387257
22,412,1,0.8102283148539613,0.2104392008422814
22,413,1,0.8711239073429887,0.13797105352874509
22,414,1,0.8690757557854123,0.14032498169767962
22,415,1,0.8225165274866303,0.1953867023346112
22,420,1,0.7388778723970979,0.3026226323160137
22,421,1,0.8060927133017391,0.2155565141792397
22,422,1,0.7991384742197475,0.22422103881950348
22,423,1,0.8479811378973745,0.16489688648198386
22,424,1,0.6752492320703443,0.3926734235609373
22,425,1,0.65848908081524,0.41780733984024615
22,430,0,0.6565929872065824,0.42069095443530846
22,431,0,0.7641378306712509,0.26900709944786555
22,432,0,0.7805824916821928,0.24771485379385946
22,433,0,0.711795169832623,0.33996509177674644
22,434,0,0.656082180210721,0.4214692231712804
22,435,0,0.7392969594052604,0.30205559922848657
22,440,0,0.5914315669605043,0.525209296320161
22,441,1,0.5266355796354114,0.6412464693781513
22,442,0,0.5646213355150376,0.5715999751483544
22,443,0,0.6413217365510911,0.4442240188873159
22,444,1,0.5475648283455188,0.6022744163623007
22,445,1,0.6543420784586707,0.4241250085221829
22,450,0,0.0999212491319916,2.303372911911975
22,455,0,0.6370010464877408,0.4509839805718557
22,456,0,0.8943077589063112,0.11170531371179361
22,457,0,0.8520948200785898,0.16005746717199704
22,458,0,0.8729753169276978,0.13584799739253658
22,459,0,0.9157191157375878,0.08804560353912352
22,460,0,0.9431220127893696,0.05855961681786199
22,465,0,0.9184901364432297,0.0850241131497459
22,470,0,0.807617067146623,0.2136672595973377
22,475,0,0.6693771627495099,0.4014076067855155
22,480,1,0.9049081638452208,0.09992181684430622
22,485,1,0.5642110793525061,0.5723268433268194
22,486,1,0.8043955934103609,0.21766409920485963
22,487,1,0.6894201592952189,0.3719043835279221
22,488,1,0.6006740039737082,0.5097029142823605
22,489,1,0.7271566666377077,0.31861332722509267
22,490,1,0.8088049789254146,0.21219745535217407
22,495,0,0.8519382955426066,0.16024117784638287
22,500,1,0.5410233126517252,0.6142929092845506
22,501,1,0.5382272233340499,0.6194744597778393
22,502,1,0.6333308959348817,0.4567622510254126
22,503,1,0.5707583698761457,0.5607893289804224
22,504,1,0.633630264177135,0.45628967418999045
22,505,1,0.7293909455970928,0.31554541417776016
22,510,1,0.7886496258383987,0.23743313048051867
22,511,1,0.6934144517514846,0.3661274040786528
22,512,1,0.6654400356572948,0.40730674940149647
22,513,1,0.7034948640986127,0.351694702952405
22,514,1,0.6592608984121765,0.41663592235231517
22,515,1,0.6330981463707941,0.45712981929640545
22,520,0,0.7676589883545549,0.2644096700217176
22,525,1,0.6833192477590807,0.38079310876427264
22,526,1,0.7636906543638224,0.26959247447467927
22,527,1,0.8159041587600124,0.2034583834148742
22,528,1,0.7270802302866367,0.3187184495078555
22,529,1,0.7359515895211388,0.30659093752232763
22,530,1,0.7473902275454051,0.29116783728194995
22,535,1,0.7099898868374059,0.34250455293779025
22,540,0,0.532943855877793,0.6293391964268272
22,541,0,0.5910268454811388,0.5258938387800236
22,542,0,0.6105606426138399,0.49337765766210345
22,543,0,0.7237680763226074,0.32328427448474245
22,544,0,0.49820550562849825,0.696742625172369
22,545,0,0.5358629906882441,0.6238767649719992
22,550,0,0.5610909948189551,0.5778721855075285
22,551,1,0.5991966387518552,0.5121654563528463
22,552,1,0.6800205553093602,0.38563225287126496
22,553,1,0.6480194816833968,0.4338345187540123
22,554,1,0.5949152466332571,0.5193363262139231
22,555,1,0.6491552488014867,0.4320833785542667
22,560,0,0.6540179111674103,0.42462054079229744
22,561,0,0.48873119466006476,0.7159426448195956
22,562,0,0.5402034247943325,0.6158094977782385
22,563,0,0.34289819576860625,1.0703216812080434
22,564,0,0.6489566452041626,0.43238936696680713
22,565,0,0.5088738239692934,0.6755551832001448
22,570,0,0.7353291818216536,0.3074370136061539
22,575,0,0.7994741506846051,0.22380107908121377
22,580,1,0.2447782427860809,1.4074026097975598
22,581,0,0.7822466364952603,0.24558519622345673
22,582,0,0.8027473936630957,0.21971519277693036
22,583,0,0.8161836273209253,0.20311591585151473
22,584,0,0.9266159595436794,0.07621608237856686
22,585,0,0.8867181531461965,0.12022810010110747
22,590,0,0.8903039167265241,0.11619239507766757
22,591,0,0.817551729668056,0.20144110033005208
22,592,0,0.7923533038865674,0.23274789586948655
22,593,0,0.8182353718167629,0.20060524316026743
22,594,0,0.7286294068797802,0.316590034419541
22,595,0,0.8132870422082882,0.20667116629918625
22,600,0,0.5463075171777713,0.6045732435089789
22,605,1,0.6522874334647728,0.42726996532691436
22,606,1,0.7072616408182935,0.3463546096650843
22,607,1,0.47755109929138123,0.7390841105620837
22,608,1,0.6827901041356639,0.38156778122975943
22,609,1,0.751396202264452,0.2858222000665769
22,610,1,0.7138540884756976,0.3370766954022422
22,615,0,0.5561577274294938,0.5867033425328612
22,616,0,0.7774514644814252,0.25173406198026577
22,617,0,0.7195816997420418,0.3290852083811071
22,618,0,0.6591446075557222,0.4168123337162381
22,619,0,0.7317028949906011,0.312380728571893
22,620,0,0.7460558870521562,0.2929547659635584
22,625,1,0.46896795029944405,0.7572208491172734
22,630,0,0.6501152814640208,0.4306055757181561
22,631,1,0.49776335220031537,0.6976305112819673
22,632,0,0.5202933027298448,0.6533625827063656
22,633,0,0.5338199911463705,0.6276965920809542
22,634,0,0.5603214770901996,0.5792445937316434
22,635,0,0.7368445083386049,0.3053783882384647
22,640,0,0.7654810909425791,0.2672507657654783
22,641,0,0.644294252504025,0.43959974340344216
22,642,0,0.4763972447922978,0.7415032249070993
22,643,0,0.6838371576513078,0.3800354633113438
22,644,0,0.546703492135656,0.6038486854362177
22,645,0,0.6363839170055612,0.4519532546691426
22,650,1,0.5829639281707056,0.5396299673216489
22,655,0,0.5397771471935507,0.6165989149843898
22,660,1,0.6544854016734805,0.4239059984271809
22,661,1,0.6463859287104344,0.43635854071356306
22,662,1,0.5808109857096879,0.5433299008593038
22,663,0,0.5085592749914803,0.6761735019636197
22,664,0,0.49395712870073727,0.7053065495647446
22,665,0,0.5330075508359289,0.6292196882432264
22,670,1,0.4035881565984277,0.907360335335053
22,675,1,0.7053800972538903,0.3490184764139413
22,676,1,0.8140005650758391,0.20579421878224674
22,677,1,0.8601566578313589,0.1506407460535664
22,678,1,0.8472616131127534,0.1657457617565112
22,679,1,0.8177423513607143,0.20120796587951764
22,680,1,0.7619082521448866,0.27192913455265816
22,685,1,0.5896154080680315,0.5282848053598854
22,690,1,0.5373053203703589,0.6211887792465837
22,695,0,0.6883457056964344,0.37346408803781156
22,700,0,0.7583213677605761,0.27664801516562576
22,705,1,0.7521883295371757,0.2847685481710532
22,706,1,0.7187342189956983,0.330263643290124
22,707,1,0.7817763892578801,0.24618652656681686
22,708,1,0.8457279106583196,0.16755758971227475
22,709,1,0.8639119604865745,0.14628441295381878
22,710,1,0.742728975529034,0.2974240712937904
22,715,1,0.6836551162557825,0.38030170451807516
22,720,0,0.5425798832682761,0.611419954141832
22,725,0,0.894011852016128,0.1120362466066477
22,730,1,0.38246861700703655,0.9611086761194019
22,731,0,0.8016973880722235,0.2210240639237904
22,732,0,0.7728377270845445,0.25768617858294773
22,733,0,0.6733937805136757,0.3954250082427571
22,734,0,0.6545628185963529,0.42378771871561055
22,735,0,0.6067122821427645,0.4997006000591936
22,740,0,0.6413275499945374,0.4442149541437304
22,741,0,0.602899221003343,0.5060052255686486
22,742,0,0.6209453460198661,0.4765122105499679
22,743,0,0.6167164835495783,0.48334586870466595
22,744,0,0.6047552814612209,0.5029313962317131
22,745,0,0.5899686746092442,0.527685837372844
22,750,1,0.6778641892527008,0.388808321941886
22,755,1,0.5240926836241661,0.6460867331547497
22,760,1,0.611451493284687,0.4919196511456567
22,761,1,0.6011496264890189,0.5089114128871728
22,762,1,0.6392042279498135,0.44753127011074995
22,763,1,0.5790104256184405,0.5464347953200598
22,764,1,0.5137148116553756,0.6660870086437303
22,765,1,0.4579741336878032,0.7809425731248206
22,770,0,0.46014242117756093,0.77621922616093
22,771,0,0.5824103318117708,0.5405800421938772
22,772,0,0.6126196811796861,0.49001095780490955
22,773,0,0.6633371862270039,0.41047184156465183
22,774,0,0.5667336466818099,0.5678658445625242
22,775,0,0.5536803391474571,0.5911677639135754
22,780,1,0.7583253482077543,0.27664276615524475
22,785,1,0.7713362786164248,0.25963084147164434
22,790,0,0.8099586141695532,0.21077212623757693
22,791,0,0.9001202778886531,0.1052268824875216
22,792,0,0.9242041534550413,0.0788222864465248
22,793,0,0.931191157079033,0.07129069831290466
22,794,0,0.8473881502136905,0.16559642458500767
22,795,0,0.8963551245788299,0.10941860013376796
22,800,1,0.48266188341523775,0.7284389048029212
22,801,1,0.5206420050221032,0.6526926038850026
22,802,0,0.5542972984269336,0.5900540964128635
22,803,0,0.5149411311042109,0.6637026933856903
22,804,1,0.5536571359742022,0.5912096719565696
22,805,1,0.5930511403382588,0.5224746436703925
22,810,0,0.44597465027389527,0.8074931665260757
22,811,1,0.5592575341622614,0.5811452067969457
22,812,0,0.5799095669827982,0.5448831065917534
22,813,0,0.7176770786481041,0.33173556228740375
22,814,0,0.8533808970246185,0.15854929302808565
22,815,0,0.7852828652788343,0.24171128816975648
22,820,0,0.8750447477860518,0.13348025360408544
22,821,0,0.8154135264647554,0.2040598999857956
22,822,0,0.8542154122998757,0.15757187777234108
22,823,0,0.8381844584442767,0.1765170852458875
22,824,1,0.13908064729781794,1.9727013177059245
22,825,0,0.9002566942367564,0.10507534050439668
22,830,0,0.5054435274680531,0.6823189629461999
22,831,0,0.5513601124770243,0.5953671216415333
22,832,0,0.620204516601238,0.4777059898491777
22,833,0,0.6630003354837946,0.4109797827861544
22,834,0,0.6576082935208896,0.419145823516335
22,835,0,0.6148698159808512,0.4863447149135975
22,840,0,0.5846276107591316,0.5367801972455977
22,845,0,0.8324914802236832,0.18333229114425
22,846,0,0.8666742079971799,0.14309214214217011
22,847,0,0.9028449889872278,0.10220440255082672
22,848,0,0.871145638581546,0.13794610763147075
22,849,0,0.8528718740334117,0.1591459490628085
22,850,0,0.8460913361740311,0.16712796282159886
22,855,0,0.5754564017509024,0.5525918108542933
22,860,0,0.8261978844464971,0.19092096460433303
22,861,0,0.8357470136708525,0.17942932691971905
22,862,0,0.8715987484070341,0.13742611188329287
22,863,0,0.9071533409073766,0.09744377931062169
22,864,0,0.7027120213791651,0.352808113515821
22,865,0,0.8614464475108691,0.14914238685937908
22,870,0,0.9279070282678595,0.0748237362699026
22,871,0,0.8695663844646846,0.13976060024052211
22,872,0,0.8166432973354117,0.20255288002734012
22,873,0,0.8955848218101103,0.11027834190995732
22,874,0,0.8583094174535553,0.15279061810033673
22,875,0,0.8650565693039881,0.1449603761481677
22,880,0,0.5066063893173135,0.6800209293379292
22,881,1,0.4613622371732993,0.7735717806007749
22,882,1,0.5851521332920234,0.5358834086480666
22,883,1,0.6053208218613072,0.501996677432278
22,884,1,0.6226209875915708,0.4738173119498346
22,885,1,0.6285168383930898,0.46439245991200717
22,890,1,0.6462401206253311,0.43658414050833194
22,895,1,0.6336378574343751,0.4562776905266903
22,900,1,0.7137295187255589,0.337251213727931
22,901,1,0.710553971794767,0.341710371211431
22,902,1,0.6317339502226847,0.4592869383017925
22,903,1,0.6928096369271756,0.3670000117149296
22,904,1,0.624906708295668,0.47015290711245317
22,905,0,0.3685590954585142,0.9981542126132009
22,910,1,0.7993865359069915,0.22391067559382552
22,915,1,0.8066219549555548,0.21490017777549675
22,916,1,0.85439661668706,0.1573597706528906
22,917,1,0.8160758531601645,0.20324797103294398
22,918,1,0.9068937173930119,0.097730016114622
22,919,1,0.9212267137117099,0.08204911263636208
22,920,1,0.9052847488553298,0.09950574515062185
22,925,1,0.8221375651079391,0.19584754378097238
22,930,1,0.7033487825446318,0.3519023757166873
22,935,0,0.7544248314229359,0.28179963274338243
22,940,1,0.8980608747178741,0.10751742375828657
22,941,1,0.8977362664798916,0.10787894370290692
22,942,1,0.875493555792863,0.13296748788427587
22,943,1,0.8508800499117412,0.16148411226734236
22,944,1,0.8831454460622761,0.12426537386425487
22,945,1,0.8646731357928149,0.14540372115903663
22,950,0,0.45303260171410864,0.7917911876226854
22,955,1,0.7029224132222365,0.35250875852071956
22,956,1,0.7095946492946507,0.3430613884666473
22,957,1,0.7208415921834452,0.3273358715441431
22,958,1,0.6974700303383865,0.3602957334650952
22,959,1,0.7751342042150288,0.254719097890058
22,960,1,0.7355871875764813,0.3070862040525435
22,965,1,0.7361724110207097,0.3062909335808858
22,966,1,0.735805483174039,0.3067894843481458
22,967,1,0.7763114477257971,0.2532014891549533
22,968,1,0.8477894899781003,0.1651229169567893
22,969,1,0.8676665128633018,0.14194783991543383
22,970,1,0.7815486538300217,0.24647787407701752
22,975,1,0.23087196403469953,1.4658919903674945
22,976,0,0.7986701992364962,0.22480718533934282
22,977,0,0.7999335854342768,0.22322657296631573
22,978,0,0.8270883673876819,0.1898437367179861
22,979,0,0.873898268458534,0.1347913077448868
22,980,0,0.8411088520047388,0.1730341957489036
22,985,1,0.38629020127601243,0.9511663752101469
22,990,1,0.6977676071886583,0.3598691726459492
22,991,1,0.5851368802249285,0.5359094758279164
22,992,0,0.6091865536991538,0.49563073026618976
22,993,0,0.6013353447727438,0.5086025220658491
22,994,0,0.5116551911795006,0.6701043355407124
22,995,0,0.5353541257439889,0.6248268337763989
22,1000,1,0.7700729112896175,0.2612700786294065
22,1005,1,0.7658179647713357,0.2668107813836769
22,1010,1,0.7743151686055372,0.255776293691536
22,1015,0,0.43719941124932293,0.8273658693176161
22,1020,0,0.6822240984128107,0.38239708506298625
22,1025,0,0.8167093804695681,0.20247196286218613
22,1030,0,0.5065974828462612,0.6800385101453013
22,1035,0,0.3971093927565815,0.9235434877437023
22,1036,0,0.5414079513028764,0.6135822153492426
22,1037,0,0.5584351484795973,0.5826167845281839
22,1038,0,0.5094654611321958,0.674393218345947
22,1039,0,0.4814647039528802,0.7309223547841643
22,1040,1,0.6144079687163989,0.48709612731514185
22,1045,0,0.8314193081491745,0.18462102877416647
22,1050,0,0.8986395091635971,0.1068733158470082
22,1051,0,0.9313104179638811,0.0711626330413268
22,1052,0,0.8504815573636528,0.16195255184382132
22,1053,0,0.9518265744770912,0.049372430451551375
22,1054,0,0.8981802022197826,0.10738456018711459
22,1055,0,0.8594642989799662,0.15144599198414324
22,1060,1,0.6084989552566684,0.4967600834702963
22,1065,0,0.9131040523870123,0.09090543731469976
22,1066,0,0.9133434622451277,0.09064327827912018
22,1067,0,0.932201269478361,0.07020653323433901
22,1068,0,0.9494701149416434,0.05185122374577907
22,1069,0,0.9043585698434712,0.10052934917596289
22,1070,0,0.8949414619303953,0.1109969685095709
22,1075,0,0.7511603327635381,0.2861361576413535
22,1076,0,0.8022437045209897,0.22034284630000706
22,1077,0,0.6501294703432584,0.43058375078216854
22,1078,0,0.8037052234063667,0.2185227145841775
22,1079,0,0.6706357086860997,0.3995291975053177
22,1080,0,0.7562465462667292,0.2793878365662195
22,1085,1,0.839159620678501,0.17535433950251011
22,1090,1,0.7838025871497711,0.24359809244280994
22,1095,1,0.7151203766815231,0.33530439146237906
22,1100,0,0.6578886964578375,0.41871951628290116
22,1105,0,0.6402559709653305,0.44588722795406344
22,1110,1,0.7585474852306747,0.2763498780243333
22,1115,0,0.826478923933327,0.190580862428138
22,1120,0,0.48242794691301916,0.728923702175038
22,1121,1,0.5615400846555947,0.577072118827022
22,1122,1,0.7387202540836397,0.3028359762709512
22,1123,1,0.6470816043368891,0.4352828651735766
22,1124,1,0.7370413610252785,0.3051112675720202
22,1125,1,0.6856323942361511,0.37741366334403104
22,1130,1,0.6093637413665411,0.4953399131052513
22,1131,0,0.5855077941819998,0.5352757840210138
22,1132,0,0.6035862558688718,0.5048663226096647
22,1133,0,0.5992061040282999,0.512149659866228
22,1134,0,0.6290772094897785,0.4635012802269276
22,1135,0,0.5653249528177455,0.5703545754317207
22,1140,1,0.7313929680330006,0.3128043877046518
22,1145,1,0.8085178435564305,0.2125525302549815
22,1146,1,0.9108251044979981,0.09340438204219546
22,1147,1,0.9452669015686241,0.05628795584238662
22,1148,1,0.8627695581528118,0.1476076477114971
22,1149,1,0.8916722025679661,0.11465669985085233
22,1150,1,0.9042164304928236,0.1006865329819025
22,1155,0,0.5823357926502201,0.5407080343117936
22,1160,0,0.900556362972326,0.10474252557156871
22,1165,0,0.9304023448954506,0.0721381574708298
22,1170,1,0.4510931227840429,0.7960814801172896
22,1175,0,0.5488962826992478,0.5998457757205904
22,1176,0,0.6162895449306074,0.4840383854096476
22,1177,0,0.6587702860658143,0.4173803848123818
22,1178,0,0.5037786333312263,0.6856183269748569
22,1179,0,0.31426985824668785,1.1575032409938233
22,1180,0,0.22600569400042386,1.4871950853306664
22,1185,0,0.39505730781275145,0.9287244415317579
22,1186,1,0.710649608783237,0.341575785301402
22,1187,1,0.7922495509000194,0.23287884727650035
22,1188,1,0.8161158439868667,0.20319896842279717
22,1189,1,0.8536138103803688,0.15827640014073804
22,1190,1,0.6895760710289389,0.3716782600172763
22,1195,1,0.7188395588490959,0.3301170910154381
22,1196,1,0.796550178476228,0.2274651529004525
22,1197,1,0.8606559003630803,0.1500605055812959
22,1198,1,0.8097408461591253,0.21104102552052856
22,1199,1,0.8298719645536997,0.18648384966337603
22,1200,1,0.8423585395751557,0.17154953640092446
22,1205,1,0.4828168985824602,0.7281177891627961
22,1206,1,0.37388722399995206,0.9838010671443701
22,1207,1,0.45408846308275946,0.7894632473146931
22,1208,1,0.570325188644981,0.5615485744339883
22,1209,1,0.3118608224172367,1.1651982726896564
22,1210,1,0.2718166665332255,1.3026274600345644
22,1215,0,0.7906589542306331,0.2348885619246821
22,1216,0,0.8104637373576481,0.2101486798823975
22,1217,0,0.8418902690823387,0.17210559498618253
22,1218,0,0.8516987180751546,0.1605224319716642
22,1219,0,0.8123152741641286,0.20786674550096967
22,1220,0,0.7507824854670094,0.28663930236818735
22,1225,0,0.843648613165522,0.17001920618846078
22,1230,1,0.8058043088430383,0.21591435895197128
22,1235,1,0.7979831275257532,0.2256678252060382
22,1236,1,0.7141660992151395,0.3366397117417928
22,1237,1,0.7522870220761401,0.28463734955885933
22,1238,1,0.6665580289315443,0.4056280779882176
22,1239,1,0.7703832879809722,0.26086711138411744
22,1240,1,0.6837684597692922,0.38013592777448757
22,1245,0,0.5222638994779703,0.6495822642917349
22,1246,0,0.6089645549885142,0.49599521495370286
22,1247,0,0.5744827502252289,0.5542852078599841
22,1248,0,0.5405755687942794,0.6151208389185431
22,1249,0,0.49571166988097437,0.701760832005621
22,1250,0,0.3935949781410499,0.9324328726708752
22,1255,0,0.6028397677694382,0.506103842656603
22,1260,1,0.6743126608893386,0.39406138707153193
22,1261,1,0.6629354491956114,0.41107765523063405
22,1262,1,0.817162897692767,0.20191681881462856
22,1263,1,0.7536655913586017,0.2828065221407406
22,1264,1,0.643452032839819,0.44090779576418543
22,1265,1,0.5576991302113705,0.5839356551855313
22,1270,1,0.6577377004029312,0.4189490587364873
22,1275,1,0.7799442686698485,0.24853281227319182
22,1276,1,0.7524815842547017,0.284378755408467
22,1277,1,0.7898108933963524,0.23596173762233444
22,1278,1,0.8153439655206179,0.2041452111918105
22,1279,1,0.7663240193270434,0.2661501969478197
22,1280,1,0.5394915610263278,0.6171281366169876
22,1285,0,0.5971654195615863,0.5155611192759598
22,1286,0,0.6213574130272357,0.47584881828189113
22,1287,0,0.5551307211352359,0.5885516593905779
22,1288,0,0.40068238371986714,0.9145862260677227
22,1289,0,0.41265754692817364,0.8851372141753309
22,1290,0,0.34415898759967084,1.0666515551201388
22,1295,1,0.9512076140587633,0.05002292894903706
22,1300,0,0.5098648960685124,0.6736094980261526
22,1301,0,0.548377058281156,0.6007921660819578
22,1302,0,0.5938348018354742,0.5211541096860426
22,1303,0,0.5446496167684288,0.6076125960811608
22,1304,0,0.5602688818313957,0.5793384643569325
22,1305,0,0.5547553092065468,0.5892281467644924
22,1310,1,0.8373514874734996,0.1775113593961104
22,1311,1,0.8272606493250768,0.18963545909787444
22,1312,1,0.7742493989654046,0.25586123640758335
22,1313,1,0.7921631011919708,0.23298797251987702
22,1314,1,0.7834930479416251,0.24399309030439997
22,1315,1,0.7649451554565218,0.2679511399380006
22,1320,1,0.8357131890733966,0.17946980003107985
22,1325,0,0.8930322786015741,0.1131325525074153
22,1326,0,0.7781624019078766,0.2508200337740291
22,1327,0,0.7798768828710828,0.2486192142286223
22,1328,0,0.7879340467646482,0.23834088962495553
22,1329,0,0.8651251268914362,0.14488112714485826
22,1330,0,0.8447126258068617,0.1687587972692815
22,1335,1,0.6873909319939904,0.3748521063976831
22,1340,1,0.8202995200914036,0.19808573701273163
22,1341,0,0.2390348465496637,1.4311459362114152
22,1342,1,0.8877765510574425,0.11903519934547611
22,1343,1,0.8928795754152059,0.1133035611564667
22,1344,1,0.8393023884074776,0.17518422218254948
22,1345,1,0.8413630688552731,0.1727320012821589
22,1350,1,0.5011993477580063,0.690751357319797
22,1355,1,0.45908530344069937,0.7785192399106601
22,1360,1,0.6725172280134906,0.39672754996886134
22,1361,1,0.7652420234647371,0.2675631246467617
22,1362,1,0.6230241608571581,0.4731699794728969
22,1363,1,0.5666520026372776,0.56800991563793
22,1364,1,0.6522155204036564,0.4273802189081361
22,1365,1,0.630055040598188,0.46194809738229103
22,1370,0,0.47803552955361,0.7380702196408351
22,1371,0,0.48628072603390293,0.7209691962568682
22,1372,0,0.6087282932901851,0.49638326305898234
22,1373,0,0.4768025435286926,0.7406528286611391
22,1374,0,0.42033485083466676,0.8667036214563165
22,1375,0,0.444315819194042,0.8112196649137171
22,1380,0,0.874974928594488,0.13356004606875665
22,1385,1,0.6086198724364861,0.4965613893453448
22,1390,1,0.8167498954915599,0.20242235645620313
22,1391,1,0.8146349336790455,0.20501520022865113
22,1392,1,0.8717925976246845,0.13720373012271994
22,1393,1,0.8030384302080479,0.21935270788783479
22,1394,1,0.6482029484524638,0.4335514396064425
22,1395,1,0.7309216173570724,0.3134490515778852
22,1400,0,0.7209296860321013,0.3272136692918211
22,1405,1,0.8333474451911524,0.18230462270675418
22,1410,1,0.8893804379574001,0.11723019579730311
22,1415,0,0.4542712554389526,0.7890607804176414
22,1420,1,0.8931196676760598,0.11303470072639808
22,1421,1,0.8973558037136949,0.10830283591234899
22,1422,1,0.8394513380350559,0.17500676955728012
22,1423,1,0.8564178166394554,0.15499691837225127
22,1424,1,0.8395285941208614,0.17491474214899444
22,1425,1,0.8946477488225419,0.11132521491240499
22,1430,0,0.8883206415664996,0.11842251831840613
22,1431,0,0.8817231080645773,0.12587720869728963
22,1432,0,0.8839749821454939,0.12332651748422746
22,1433,0,0.8801652907270725,0.12764555877499115
22,1434,0,0.8640055894726344,0.14617604090081932
22,1435,0,0.9181020695371191,0.08544670768175122
22,1440,0,0.38358588957852335,0.958191720852946
22,1445,1,0.8380674589003266,0.17665668185774433
22,1450,1,0.5356526474662454,0.6242693737538223
22,1455,1,0.9172175391262254,0.08641060571368225
22,1456,1,0.9243669520897698,0.07864615188003617
22,1457,1,0.8815747932350878,0.12604543305657662
22,1458,1,0.8402305312178351,0.1740789828698901
22,1459,1,0.8740593763074852,0.1346069693544348
22,1460,1,0.8428927591041168,0.1709155424710303
22,1465,0,0.8280286054915807,0.18870757749728173
22,1470,0,0.7387127390758318,0.30284614933171644
22,1471,0,0.7718080729177891,0.25901937007482423
22,1472,0,0.6397348935743847,0.44670141723332474
22,1473,0,0.6693216522336805,0.40149053883152896
22,1474,0,0.5980105637260293,0.5141468600921645
22,1475,0,0.6251993164451177,0.46968477377175727
22,1480,0,0.6733673613786055,0.395464241829548
22,1485,1,0.7768982626468766,0.2524458732904885
22,1486,1,0.6109507522100487,0.4927389250049637
22,1487,1,0.6190833226244332,0.47951540691471056
22,1488,1,0.5250531542971274,0.6442557752334248
22,1489,1,0.7097638795030611,0.3428229283372599
22,1490,1,0.6642997412227103,0.409021813858345
22,1495,1,0.56995765757522,0.5621932058668051
22,1500,1,0.612270107373127,0.49058174191841303
22,1505,0,0.8729348893807061,0.1358943085336856
22,1510,0,0.8372836290830185,0.17759240199440224
22,1511,0,0.9062302997897012,0.09846181121151475
22,1512,0,0.9374060968964087,0.06463868946368113
22,1513,0,0.8781246937174395,0.12996667525047648
22,1514,0,0.7826495019487453,0.24507031801206947
22,1515,0,0.9240321507111486,0.07900841280277186
22,1520,1,0.7861754507948103,0.24057529162077476
22,1525,0,0.7454683074595959,0.29374265747094086
22,1530,1,0.6793831574256807,0.38657001392696577
22,1535,1,0.7124648045886701,0.33902476512653645
22,1536,1,0.654785606606663,0.42344741508340483
22,1537,1,0.6927059952040627,0.36714961915479166
22,1538,1,0.7143217820737936,0.3364217429913267
22,1539,1,0.7636655363117166,0.2696253653645207
22,1540,1,0.8214346604617295,0.1967028815362925
22,1545,1,0.740245621491231,0.3007732269220417
22,1550,1,0.8704472782994086,0.138748086455337
22,1555,0,0.8621540452123141,0.14832131754060815
22,1560,1,0.7394457526321087,0.30185435633999896
22,1561,1,0.6723097937902304,0.3970360420225483
22,1562,1,0.8092786592889523,0.21161197217209454
22,1563,1,0.7780863722998826,0.2509177425842327
22,1564,1,0.7665206531400448,0.26589363629609597
22,1565,1,0.8506653095002926,0.16173651860067992
22,1570,0,0.7626528407144488,0.27095234374742116
22,1575,0,0.7580070630078196,0.2770625754295894
22,1580,1,0.7867250743286275,0.23987642535757778
22,1585,0,0.6422924391597661,0.44271156629512315
22,1590,1,0.5762380455600102,0.551234430116815
22,1591,1,0.5626520617393409,0.5750938494538402
22,1592,1,0.6322223801523984,0.4585140793947447
22,1593,1,0.6450984315461366,0.43835236677981176
22,1594,1,0.6979325770707259,0.359632775338424
22,1595,1,0.8166682282653543,0.2025223519504194
22,1600,1,0.8243660205020552,0.19314064806048942
22,1601,1,0.7279195931470891,0.3175646858577931
22,1602,1,0.8298671424473031,0.18648966034335132
22,1603,1,0.7217632160504669,0.3260581494858983
22,1604,1,0.7799035643191329,0.24858500242900564
22,1605,1,0.7978064885546884,0.22588920648337704
22,1610,1,0.5708009544931011,0.5607147211767525
22,1615,1,0.7688008306152767,0.2629233409204508
22,1620,0,0.6519884143165684,0.4277284866649449
22,1621,0,0.5853199719173999,0.5355966207344041
22,1622,0,0.5614440540195647,0.5772431464185199
22,1623,0,0.6068363095977104,0.4994961954622592
22,1624,0,0.5362964262290542,0.6230682367669911
22,1625,0,0.511481732777085,0.670443407272004
22,1630,1,0.6751083754397941,0.3928820447887921
22,1635,0,0.5464325356319295,0.6043444270500562
22,1640,0,0.7573217984597534,0.2779670188308915
22,1641,0,0.7233592400544738,0.32384930601221534
22,1642,0,0.5483629727902165,0.600817852189041
22,1643,0,0.6437236136072974,0.44048581641388074
22,1644,0,0.6841168427963729,0.37962655314496363
22,1645,0,0.6589673999381696,0.41708121468782866
22,1650,1,0.724971601750551,0.3216227948924874
22,1651,1,0.7628641308184826,0.2706753358749066
22,1652,1,0.8647134626858499,0.14535708393740238
22,1653,1,0.8505162986422239,0.1619117037281659
22,1654,1,0.8334491024205088,0.18218264353703728
22,1655,1,0.8987926298257101,0.10670293871936959
22,1660,0,0.4168643569305505,0.8749943932371395
22,1661,0,0.5584843654916888,0.5825286546110187
22,1662,0,0.7407091169066842,0.3001472855363013
22,1663,0,0.5674196556235356,0.5666561156414139
22,1664,0,0.7345917867041568,0.30844032629458057
22,1665,0,0.6972366768904628,0.36063036073675225
22,1670,0,0.82290655285519,0.1949126292764128
22,1671,0,0.7652597083303205,0.26754001475382033
22,1672,0,0.8304945193550285,0.18573394916064248
22,1673,0,0.812266332823141,0.2079269965105735
22,1674,0,0.8604629377417253,0.15028473486505145
22,1675,0,0.766926571285781,0.2653642171563291
22,1680,0,0.8862925608368256,0.12070817877653565
22,1685,1,0.6138176982179482,0.48805730335922665
22,1686,1,0.49743859873343627,0.6982831496295926
22,1687,1,0.43491560967865345,0.8326032674504589
22,1688,1,0.49009403566488957,0.7131579967675179
22,1689,1,0.4432899544774808,0.8135311982628021
22,1690,1,0.41657655515265213,0.8756850283743514
22,1695,0,0.6089185429851899,0.49607077557758
22,1700,0,0.8643519097445185,0.1457752901572081
22,1701,0,0.8707755192188286,0.13837106299369198
22,1702,0,0.7563370588118042,0.2792681571714686
22,1703,0,0.7794804647897684,0.24912765200325857
22,1704,0,0.8517994738356542,0.16040413920082894
22,1705,0,0.8204208512858978,0.19793783710628582
22,1710,1,0.5558975964520634,0.5871711807358501
22,1711,1,0.6444921290627429,0.43929266914644705
22,1712,1,0.6634017421767121,0.4103745263380055
22,1713,1,0.5982958364865593,0.513669937514661
22,1714,1,0.4651673539466457,0.7653580371809183
22,1715,1,0.55096593163979,0.5960823017937918
22,1720,1,0.560798712923614,0.5783932383346222
22,1725,0,0.7049067405800192,0.34968976778382066
22,1730,0,0.13149005305656078,2.028824072373156
22,1735,1,0.7596216047152744,0.27493485822062935
22,1736,1,0.6723208182872547,0.39701964421496383
22,1737,1,0.7065563623480338,0.3473523031831773
22,1738,1,0.7438913673565222,0.29586026642601265
22,1739,1,0.6852268064502873,0.378005391214398
22,1740,1,0.7456726666993441,0.29346855965649027
22,1745,0,0.8344307552160247,0.18100551689404737
22,1750,1,0.5354275875048309,0.6246896223166809
22,1755,0,0.6313414350801324,0.4599084612286969
22,1756,0,0.6656303912028525,0.4070207306559607
22,1757,0,0.57420878983138,0.5547622034492949
22,1758,0,0.6470514844105576,0.435329413595217
22,1759,0,0.6805090260342296,0.38491419315017517
22,1760,0,0.7614975076191075,0.27246837963966025
22,1765,0,0.5006643716911069,0.691819319174009
22,1770,1,0.4367375357989131,0.8284228688985841
22,1775,0,0.6667826081301874,0.40529121103235627
22,1776,0,0.68059621651076,0.3847860759790349
22,1777,0,0.5069754603823837,0.6792926781730326
22,1778,0,0.444400539349778,0.8110290075567821
22,1779,0,0.4017420160916192,0.9119451473868256
22,1780,0,0.48467774146132864,0.7242710594829186
22,1785,1,0.7373192034977372,0.304734368620118
22,1790,0,0.682592314064669,0.3818575023653791
22,1795,0,0.7598048040877368,0.27469371541530696
22,1796,0,0.7551554863151744,0.28083160879565566
22,1797,0,0.6014305846683404,0.5084441539354185
22,1798,0,0.6669782514784491,0.4049978400757036
22,1799,0,0.5543908031133281,0.5898854201431605
22,1800,0,0.6520363864940776,0.42765491110487747
22,1805,1,0.5461672750267458,0.6048299856375777
22,1810,0,0.8258092447129846,0.19139147073450868
22,1815,1,0.8065908847133382,0.21493869748158437
22,1816,1,0.84177640057697,0.1722408575147983
22,1817,1,0.7807408278010673,0.2475120308199869
22,1818,1,0.7561240323597307,0.27954985229040474
22,1819,1,0.8010306556242368,0.22185606095418928
22,1820,1,0.7941965382955852,0.2304243190245467
22,1825,0,0.526370842245276,0.641749291374697
22,1826,0,0.5123760489326794,0.6686964529605518
22,1827,1,0.6118966567066588,0.491191872317327
22,1828,1,0.6254006802563621,0.4693627462433464
22,1829,1,0.6300131575145519,0.4620145748693257
22,1830,1,0.7183486192925436,0.3308002855798161
22,1835,0,0.08825822986677008,2.4274883312248163
22,1836,1,0.8862196951845722,0.12079039615139084
22,1837,1,0.8978256133391681,0.10777942403682983
22,1838,1,0.8847642844208653,0.12243401473644058
22,1839,1,0.8599980182532474,0.15082519409276499
22,1840,1,0.8201979889480386,0.19820951793033137
22,1845,0,0.5475829903284508,0.6022412482682336
22,1850,0,0.793346189961328,0.2314955952811723
22,1851,0,0.8146565246763903,0.20498869668659267
22,1852,0,0.8082925505220577,0.21283121851262235
22,1853,0,0.84986557395625,0.16267709029012198
22,1854,0,0.7556504300557343,0.280176403844573
22,1855,0,0.8474753743789368,0.16549349692852372
22,1860,1,0.5119479651847126,0.6695322896040131
22,1861,0,0.6082444258317443,0.49717846163054363
22,1862,0,0.6560020810953223,0.42159131764014973
22,1863,0,0.5898496114243122,0.5278876704631519
22,1864,0,0.7972826359436833,0.22654603828266962
22,1865,0,0.5968275636043023,0.51612704549339
22,1870,1,0.33423175954146295,1.095920635790684
22,1871,0,0.6141430069703036,0.48752746757768967
22,1872,1,0.48473761930697756,0.7241475255507196
22,1873,1,0.4820122977243895,0.7297856513039218
22,1874,1,0.7189658010418416,0.3299414870058947
22,1875,1,0.6713503505395882,0.3984641463207273
22,1880,0,0.5954341302005557,0.5184645088966522
22,1885,0,0.48235424598632176,0.7290764846940004
22,1890,1,0.8987634075107057,0.10673545210354224
22,1891,1,0.877165852489498,0.13105919104552186
22,1892,1,0.8356201705205107,0.17958111062324614
22,1893,1,0.7912162184311203,0.23418400035981313
22,1894,1,0.7890593100365361,0.23691378981123634
22,1895,1,0.9000211554019157,0.10533700993084838
22,1900,1,0.46859836019977136,0.7580092522727137
22,1901,1,0.5381255131811068,0.6196634501520822
22,1902,1,0.5180706208783833,0.6576437122712712
22,1903,1,0.4890754370844262,0.7152385333370037
22,1904,1,0.41374311904555117,0.8825099831323557
22,1905,1,0.4529380863881408,0.7919998374775907
22,1910,0,0.8806952109901307,0.12704367091557398
22,1911,0,0.7618224483257561,0.27204175789114515
22,1912,0,0.7575204210295596,0.2777047835058012
22,1913,0,0.7393783558934675,0.30194550543379484
22,1914,0,0.7660320285650284,0.2665312973662901
22,1915,0,0.7823788854988393,0.24541614746126444
22,1920,0,0.6316765068301852,0.45937787215819426
22,1921,0,0.6213981033227467,0.4757833342908886
22,1922,0,0.6781196764693002,0.38843149265050464
22,1923,0,0.6276825971138471,0.46572065888790626
22,1924,0,0.5883573671237555,0.5304207484802359
22,1925,0,0.6869123241262166,0.37554861626184943
22,1930,1,0.9088953767296436,0.09552528853484107
22,1931,1,0.9426268672540796,0.05908476155150984
22,1932,1,0.9320132394718253,0.07040825895449658
22,1933,1,0.8741023452003885,0.13455781040948905
22,1934,1,0.8149481134213021,0.2046308322804582
22,1935,1,0.7428275591438864,0.29729134848897476
22,1940,1,0.5572280025231897,0.5847807825528525
22,1945,0,0.77786035943821,0.25120825749538206
22,1946,0,0.9129737174759247,0.09104818579284214
22,1947,0,0.8737377690470394,0.1349749837603743
22,1948,0,0.8081266779086598,0.21303645315851433
22,1949,0,0.7949369923986308,0.22949242231186792
22,1950,0,0.797458104829221,0.22632597883130012
22,1955,1,0.5896234002052949,0.528271250620663
22,1960,0,0.7740593081620943,0.2561067827942826
22,1965,1,0.6734791529592549,0.3952982368991928
22,1970,0,0.7263641208967261,0.31970384595220114
22,1975,1,0.5409099998299002,0.6145023728825966
22,1980,0,0.5787764138623746,0.5468390351183929
22,1985,1,0.9338209090769979,0.06847060530810858
22,1986,1,0.9321190438303729,0.07029474302045177
22,1987,1,0.9256734432200416,0.07723375964171467
22,1988,1,0.9400930796801785,0.061776387682912944
22,1989,1,0.8847773522481807,0.1224192450050652
22,1990,1,0.910653702590905,0.09359258286773552
22,1995,1,0.8482161094558238,0.16461982960039923
22,1996,1,0.8617455643322954,0.14879522087627972
22,1997,1,0.8940046749301795,0.11204427459278798
22,1998,1,0.8824596616856535,0.12504220035631625
22,1999,1,0.9304536087061938,0.07208306044877728
22,2000,1,0.9319064273209821,0.0705228692060681
22,2005,1,0.613927638849138,0.48787820981569724
22,2010,0,0.6109534437164802,0.49273451957540465
22,2011,0,0.6353260900774503,0.45361688421706337
22,2012,0,0.7540884566761056,0.28224560130734366
22,2013,0,0.6869462107950195,0.3754992856096049
22,2014,0,0.7356660786241296,0.30697896072532566
22,2015,0,0.6195503170302967,0.4787613592075609
22,2020,1,0.632917253533379,0.4574155864974356
22,2021,1,0.5570939525807426,0.5850213771897607
22,2022,1,0.6266426464053596,0.4673788427634905
22,2023,1,0.48882508777192796,0.7157505472108151
22,2024,1,0.4082810776383137,0.8957994259888902
22,2025,1,0.6194796478127635,0.4788754310534644
22,2030,1,0.6520837331347128,0.4275823002465013
22,2031,1,0.5634791341962823,0.57362497511907
22,2032,1,0.5859826134306936,0.5344651597570708
22,2033,1,0.5936642558915597,0.5214413451898976
22,2034,1,0.6481123986753766,0.433691142923903
22,2035,1,0.5728303422931423,0.5571656928564301
22,2040,1,0.7035214975289037,0.35165684492740906
22,2041,1,0.7657197892377148,0.2669389865598122
22,2042,1,0.7368947228156362,0.3053102425638581
22,2043,1,0.6993593305079185,0.3575906051586591
22,2044,1,0.8018846949473526,0.22079045333663788
22,2045,1,0.7824755033722497,0.24529266265115024
22,2050,0,0.44352416266869094,0.8130029969359929
22,2051,0,0.531225843654268,0.6325680305438917
22,2052,0,0.6654672313760308,0.407265881462139
22,2053,0,0.45575444771357243,0.7858011063605678
22,2054,0,0.6813502808398539,0.38367874260344087
22,2055,0,0.3971520925511816,0.9234359669953569
22,2060,0,0.7983001817515473,0.22527058465591743
22,2061,0,0.7753494946957851,0.2544413903820192
22,2062,0,0.7748122671374049,0.2551345149231021
22,2063,0,0.8537388848230676,0.15812988742163342
22,2064,0,0.843125632696824,0.17063930160044405
22,2065,0,0.8140686986854714,0.2057105201200478
22,2070,1,0.7184873124247845,0.3306072320381975
22,2075,1,0.5553270001525781,0.5881981492737617
22,2080,0,0.3818889506487606,0.9626254177438207
22,2081,0,0.3799950819548148,0.967596968566997
22,2082,0,0.358793129202893,1.0250092983568426
22,2083,0,0.3317537397810966,1.1033623329408295
22,2084,0,0.6314318653731922,0.4597652363233528
22,2085,0,0.5860277349375768,0.5343881612783999
22,2090,1,0.5759785983406394,0.5516847746334105
22,2091,1,0.5419689823620032,0.6125465072926221
22,2092,1,0.5191282334517251,0.655604348391383
22,2093,1,0.44525054660257984,0.8091181291801497
22,2094,1,0.485682783648681,0.7221995767283494
22,2095,1,0.48866301652000166,0.7160821548338634
22,2100,0,0.7585623587848835,0.27633027027573426
22,2101,0,0.8399754723092859,0.17438258720170727
22,2102,0,0.8725033354337856,0.13638880206497017
22,2103,0,0.9033835360271935,0.10160808038177034
22,2104,0,0.919182105127256,0.08427102051322853
22,2105,0,0.8517698103502016,0.1604389643009654
22,2110,0,0.7513811105063197,0.2858422852222477
22,2111,0,0.7808338451349055,0.24739289808101494
22,2112,0,0.6799460203204369,0.3857418658431327
22,2113,0,0.660052211853247,0.41543633822053627
22,2114,0,0.7453257383223295,0.2939339235121546
22,2115,0,0.8723006033981885,0.13662118580963878
22,2120,0,0.8034332903340027,0.2188611211031352
22,2125,0,0.43643057996255424,0.8291259542345283
22,2130,0,0.6031737153275479,0.5055500386215324
22,2135,0,0.8127265638287345,0.2073605558586213
22,2136,0,0.8893874010955726,0.11722236662699807
22,2137,0,0.9122372151191651,0.09185521843063749
22,2138,0,0.9367071799661153,0.06538455362389259
22,2139,0,0.9333853355050741,0.06893715642541355
22,2140,0,0.8811279100007063,0.1265524762955015
22,2145,1,0.6774226012536109,0.3894599744449714
22,2150,0,0.7456027768762674,0.29356229126513284
22,2151,0,0.6780097370110512,0.3885936297701583
22,2152,0,0.6526323063921086,0.4267413919214687
22,2153,0,0.8329111743686749,0.18282827591079465
22,2154,0,0.7900077143161586,0.23571256861031822
22,2155,0,0.7410434145951904,0.2996960662036927
22,2160,1,0.5816078745246306,0.5419588134362752
22,2165,0,0.36440471815842274,1.009490165932014
22,2166,0,0.44699118448972824,0.8052164060602918
22,2167,0,0.3389109096885492,1.082018009416185
22,2168,0,0.37373968038412597,0.9841957656681283
22,2169,0,0.34516696942322783,1.0637270096805809
22,2170,0,0.4507394854237009,0.7968657440155977
22,2175,1,0.6951207292783682,0.3636697373100517
22,2176,1,0.6567272547190321,0.42048648410334977
22,2177,1,0.6015003223110491,0.5083282077204164
22,2178,1,0.8004662395264265,0.22256092166654765
22,2179,1,0.7978931540705511,0.22578058263759465
22,2180,1,0.6292740893236609,0.4631883631016793
22,2185,0,0.665338543363091,0.4074592801019458
22,2190,0,0.6084972773884134,0.49676284086298167
22,2191,0,0.6838600023856116,0.38000205718172186
22,2192,0,0.4896849528860949,0.7139930479522147
22,2193,0,0.46381444005621275,0.7682707204124795
22,2194,0,0.4768930257954358,0.7404630778225594
22,2195,0,0.6428186664508286,0.44189260625629717
22,2200,0,0.8163567231231331,0.2029038588535861
22,2201,0,0.8765062912960068,0.13181139689759838
22,2202,0,0.7079260696920362,0.34541561207822424
22,2203,0,0.7563456409270994,0.2792568102904647
22,2204,0,0.8082574036551806,0.21287470231192196
22,2205,0,0.7970070774086758,0.22689172016902104
22,2210,1,0.6135953599556996,0.4884195909578464
22,2211,1,0.42601752940386384,0.8532747847216483
22,2212,1,0.47027934675576205,0.754428406035271
22,2213,1,0.6666356203047941,0.40551167873386806
22,2214,1,0.6400981096672241,0.4461338180205051
22,2215,1,0.7264556031562759,0.3195779084278738
22,2220,1,0.8208668454760646,0.19739436846026664
22,2225,0,0.6701905902913303,0.4001931439262072
22,2230,0,0.7609415310378351,0.2731987558213924
22,2235,0,0.6874410604505539,0.37477918336874416
22,2236,0,0.43988813531239745,0.8212348223178667
22,2237,0,0.49426291855101695,0.7046876795855548
22,2238,0,0.36229221607778117,1.0153041660516764
22,2239,0,0.45543500845472207,0.786502254227839
22,2240,0,0.320484566435227,1.137921158426042
22,2245,0,0.8491491049673883,0.16352048386431312
22,2246,0,0.6940228536985495,0.36525038861471726
22,2247,0,0.7115234472296539,0.3403469073491875
22,2248,0,0.6407490706075469,0.4451173642133793
22,2249,0,0.6942176987063756,0.3649696807665454
22,2250,0,0.5599849140707096,0.5798454347734692
22,2255,1,0.6866670513486313,0.3759057456488673
22,2256,1,0.6302976474431516,0.46156311490831897
22,2257,1,0.5993564076492719,0.5118988533871411
22,2258,1,0.5121919110081757,0.6690558979826204
22,2259,1,0.7282836202772874,0.3170647183609151
22,2260,1,0.6563460715290099,0.4210670810785677
22,2265,0,0.607382105502331,0.49859718761557825
22,2270,1,0.8501197664358592,0.1623780377330632
22,2271,1,0.8939222864804759,0.11213643546013893
22,2272,1,0.8715667893590314,0.13746277971238177
22,2273,1,0.8465520498787914,0.16658359095929953
22,2274,1,0.8842817499556022,0.12297954545509109
22,2275,1,0.8822128164873315,0.12532196354521943
22,2280,1,0.8925544476122875,0.11366776145994305
22,2285,0,0.4638530476963715,0.7681874844670774
22,2286,0,0.5686982823858785,0.5644052449185748
22,2287,0,0.5391773015973189,0.6177108167124068
22,2288,0,0.6255164379041152,0.4691776697959899
22,2289,0,0.6734974106981675,0.39527112768377465
22,2290,0,0.5226496776291006,0.6488438718024236
22,2295,1,0.6459365042204128,0.4370540707093081
22,2300,0,0.7605946746603869,0.2736546850094817
22,2301,0,0.7995014777951821,0.22376689830935853
22,2302,0,0.8844513419678225,0.12278777880186989
22,2303,0,0.8124038600579158,0.207757697860662
22,2304,0,0.8580181787263027,0.1531299923907644
22,2305,0,0.7851516799437837,0.24187835700526406
22,2310,1,0.45837875465740524,0.7800594613868779
22,2311,1,0.7624902039874087,0.27116561781141313
22,2312,1,0.6967089278186633,0.3613875625891508
22,2313,1,0.7765851601356963,0.25284897062751527
22,2314,1,0.7024693940203316,0.3531534459527368
22,2315,1,0.6640923269209238,0.4093340926026191
22,2320,1,0.779672201169392,0.24888170254009695
22,2325,1,0.402457734042466,0.9101651962249689
22,2330,1,0.5181486124630749,0.6574931812208347
22,2335,0,0.6715658662280192,0.39814317962512874
22,2340,1,0.7734677677956532,0.25687128042982166
22,2341,1,0.7496006058725578,0.2882147397957675
22,2342,1,0.7324332984413026,0.3113830023841688
22,2343,1,0.7263437541001266,0.31973188572117506
22,2344,1,0.7660576408152194,0.2664978629652818
22,2345,1,0.7862950608712812,0.2404231614843887
22,2350,0,0.632309301057832,0.4583766041430576
22,2355,0,0.5527101595791961,0.5929215385854348
22,2356,0,0.5888800016812435,0.5295328483750035
22,2357,0,0.4922325780777264,0.7088039545143656
22,2358,0,0.4806552584397273,0.7326049842602566
22,2359,0,0.39020047145655234,0.9410946425479506
22,2360,0,0.370613687676698,0.9925950319821053
22,2365,0,0.7583565778614768,0.2766015846086198
22,2370,0,0.6347854837811411,0.4544681579792773
22,2371,0,0.6687381156666203,0.4023627518941323
22,2372,0,0.6605677616794654,0.41465556878990517
22,2373,0,0.7235468200110874,0.323590021787978
22,2374,0,0.7174576831127666,0.33204131132629844
22,2375,0,0.7329668214308168,0.31065484219658307
22,2380,0,0.4690204302920833,0.757108950092126
22,2381,0,0.4595987248960701,0.7774015073867765
22,2382,0,0.6297453657278018,0.46243972268272415
22,2383,0,0.48289512333978174,0.7279557848473963
22,2384,0,0.657378946341041,0.41949464390823143
22,2385,0,0.5263525808970881,0.6417839849091775
22,2390,0,0.8502435594432104,0.1622324300200695
22,2395,1,0.49526325145211664,0.7026658366627709
22,2396,1,0.6407704004890957,0.44508407578970444
22,2397,1,0.41030558000382716,0.8908530798096876
22,2398,1,0.5377392235256149,0.6203815509670108
22,2399,1,0.7857343186062351,0.2411365607327077
22,2400,1,0.6023822513470923,0.5068630661640813
